trial,n_sources,cleared,remaining,time_s,walk_m,measures,replans,wall_s,cover_visits,cover_visits_at_first_clear
0,11,11,0,3516.6023,13053.0115,142,23,1.451834,7,2
1,10,10,0,2931.0409,10410.2046,134,17,0.322426,6,2
2,15,15,0,4482.9606,17404.8029,156,32,0.913114,7,2
3,12,12,0,4168.5286,16147.6430,147,26,0.436675,7,3
4,14,14,0,3754.0810,13830.4050,154,29,0.876248,7,2
5,12,12,0,3902.2055,14821.0273,147,30,0.848256,6,2
6,11,11,0,3683.4654,12852.3272,177,28,0.936836,7,2
7,12,12,0,3767.5015,13917.5076,155,27,2.347834,7,2
8,13,13,0,3643.3060,13146.5301,159,32,1.281689,7,2
9,13,13,0,4374.1840,15565.9202,200,34,1.882527,7,3
10,11,11,0,3213.9652,11694.8258,137,20,0.610444,7,2
11,11,11,0,3495.5636,12787.8179,148,21,1.151194,7,2
12,12,12,0,3363.9759,12374.8795,139,27,1.256085,6,2
13,14,14,0,3469.1350,12575.6749,148,27,1.365698,7,2
14,10,10,0,3117.0232,11000.1159,145,21,0.504175,6,2
15,10,10,0,3354.0772,12625.3859,130,20,0.485790,6,2
16,13,13,0,4049.3121,15361.5603,153,32,2.440735,6,2
17,10,10,0,3176.2420,10931.2098,157,23,1.355028,7,2
18,11,11,0,2821.1464,9435.7321,147,22,0.532097,6,2
19,15,15,0,4646.0902,17815.4510,169,31,1.883704,7,2
20,11,11,0,3529.7005,13018.5026,146,27,0.853115,7,2
21,13,13,0,3821.0326,14775.1631,134,23,1.757391,7,2
22,11,11,0,2906.1811,9785.9056,150,22,0.936686,7,2
23,13,13,0,3849.7355,14468.6774,149,29,3.329655,7,2
24,15,15,0,3702.0642,13780.3208,147,32,0.669204,7,2
25,16,16,0,3938.2597,15151.2987,138,27,2.298886,7,2
26,10,10,0,2753.9779,9509.8894,134,23,1.462493,5,2
27,11,11,0,3468.8899,12164.4496,164,20,1.007512,7,2
28,12,12,0,4071.7964,15848.9821,140,23,0.893003,7,2
29,12,12,0,3346.0047,11840.0233,153,25,2.404333,7,2
30,16,16,0,4205.2126,15806.0630,161,26,0.785813,7,2
31,10,10,0,3657.8290,13824.1451,141,23,0.574425,7,2
32,16,16,0,3574.1737,13225.8684,142,30,1.129856,7,2
33,11,11,0,3535.3098,13341.5491,137,24,0.659698,6,3
34,16,16,0,3512.2619,12326.3096,161,24,1.707606,7,2
35,15,15,0,4329.8433,16009.2164,176,28,1.218595,7,3
36,10,10,0,3281.2725,11906.3626,143,23,0.638409,6,2
37,10,10,0,3604.5990,13487.9951,143,20,0.626497,7,3
38,15,15,0,3901.3533,14056.7666,170,29,1.352082,7,2
39,14,14,0,3557.1558,13640.7791,127,25,1.067269,6,2
40,16,16,0,3955.1759,14780.8795,154,32,4.170592,7,2
41,12,12,0,4134.6506,15588.2532,160,25,0.777107,7,3
42,11,11,0,3441.8349,12629.1743,144,28,1.174154,6,2
43,15,15,0,3535.4925,12362.4624,165,28,2.491609,6,2
44,13,13,0,4094.6022,15133.0112,168,29,0.936616,7,3
45,11,11,0,3953.1272,15365.6358,138,25,0.819732,7,3
46,14,14,0,3946.6773,15013.3865,146,25,4.177066,7,2
47,12,12,0,4059.6596,15608.2980,147,26,0.755818,7,3
48,15,15,0,4367.3413,16756.7065,158,34,3.333015,7,2
49,11,11,0,3768.5564,14007.7818,152,26,0.826231,7,2
50,11,11,0,3819.1753,13765.8767,169,27,2.000954,7,2
51,12,12,0,3679.0976,13035.4878,169,24,1.001779,7,2
52,16,16,0,4429.8128,17704.0638,136,28,4.339090,7,2
53,15,15,0,4009.3097,14641.5485,169,35,1.791275,7,2
54,10,10,0,3858.5889,13482.9447,186,33,1.470648,7,3
55,15,15,0,4088.6578,14673.2888,180,29,3.616586,6,2
56,14,14,0,4089.6281,15218.1404,164,35,1.617745,7,2
57,15,15,0,4243.5144,15772.5721,169,29,2.036531,7,3
58,16,16,0,4947.7195,18898.5976,182,37,3.395650,7,2
59,11,11,0,4140.3310,15746.6550,157,28,1.270708,7,3
60,13,13,0,3819.8478,14509.2392,143,27,3.259073,7,2
61,16,16,0,4296.4578,16862.2890,141,25,1.857738,7,2
62,16,16,0,4386.4333,17192.1667,146,30,3.512098,7,2
63,16,16,0,4820.7130,17793.5648,199,42,1.913853,7,2
64,12,12,0,3656.2809,13941.4047,135,22,1.081946,7,2
65,15,15,0,3694.3906,12671.9529,181,29,1.505266,7,2
66,12,12,0,4136.8610,16044.3049,145,26,1.406620,7,2
67,11,11,0,3115.4045,11172.0225,137,19,1.110939,6,2
68,16,16,0,4159.7837,15548.9186,161,29,3.167343,7,2
69,13,13,0,2926.8644,10029.3220,143,22,1.329177,6,2
70,13,13,0,3580.8029,12279.0143,177,24,1.056138,7,2
71,13,13,0,3908.9705,14074.8524,173,31,1.348086,7,2
72,10,10,0,3702.3168,14086.5842,140,30,0.568058,7,2
73,11,11,0,3279.2369,12051.1845,136,22,0.537896,6,2
74,13,13,0,3934.1702,14255.8510,170,23,0.417005,7,2
75,15,15,0,4560.2944,17086.4719,178,29,0.460772,7,2
76,15,15,0,5265.6491,18168.2454,276,35,0.973417,7,2
77,12,12,0,3786.2256,13966.1280,156,27,0.963437,7,2
78,14,14,0,3949.4604,14867.3021,152,29,0.695395,7,2
79,12,12,0,3721.8334,13909.1668,147,22,1.593672,7,2
80,13,13,0,3524.5719,13002.8595,144,22,0.610120,7,2
81,13,13,0,3795.1574,14200.7871,149,27,0.506828,7,2
82,16,16,0,3649.4682,13537.3408,145,32,1.178888,7,2
83,11,11,0,3305.5132,11727.5660,151,24,0.626315,7,2
84,16,16,0,4090.8108,15444.0539,154,30,1.173428,7,2
85,10,10,0,4093.0915,15600.4573,155,34,1.114307,7,2
86,16,16,0,3952.6649,14378.3244,166,32,2.851134,7,2
87,13,13,0,3201.2921,11426.4603,142,24,1.519468,6,2
88,10,10,0,3861.3425,14756.7127,145,24,0.507234,7,2
89,13,13,0,4139.6687,15563.3436,161,31,1.037485,7,2
90,10,10,0,3065.2926,10851.4632,141,24,0.605918,5,2
91,16,16,0,3487.6178,11893.0889,172,30,2.466530,7,2
92,15,15,0,3683.4068,13052.0339,167,28,0.624796,7,2
93,12,12,0,3479.0722,12375.3611,158,25,0.613533,7,2
94,14,14,0,4131.9152,15514.5762,161,32,1.878455,7,2
95,15,15,0,4329.4427,15857.2133,181,28,1.562394,7,3
96,12,12,0,2967.5529,10692.7645,129,21,1.099430,6,3
97,13,13,0,3816.3811,14096.9056,157,27,0.878955,7,2
98,15,15,0,4420.9627,16699.8134,168,32,1.788450,7,2
99,13,13,0,3188.0079,11370.0394,142,25,0.914759,7,2
100,13,13,0,3636.8691,13764.3454,137,28,2.052773,7,2
101,13,13,0,3835.6034,14613.0172,141,27,1.860239,7,2
102,12,12,0,3558.9457,13454.7286,135,24,0.801134,7,2
103,15,15,0,4055.2160,15481.0801,148,30,1.491997,7,2
104,12,12,0,4195.3748,16051.8738,155,32,0.946167,7,2
105,16,16,0,3872.5218,15127.6090,129,30,0.501069,7,2
106,16,16,0,4309.8969,17024.4844,141,35,2.726896,7,2
107,15,15,0,4018.2681,14941.3406,160,38,1.869223,7,2
108,11,11,0,3206.7075,11978.5374,127,27,1.056646,6,2
109,12,12,0,3957.3707,15256.8533,143,24,1.460999,7,2
110,12,12,0,3503.5467,12652.7337,152,29,1.534349,7,2
111,12,12,0,3819.2485,14436.2427,146,30,0.688044,7,2
112,16,16,0,3881.6729,13893.3647,171,28,2.200279,7,2
113,15,15,0,4197.5026,15577.5132,168,30,0.890375,7,2
114,13,13,0,4024.2358,15391.1790,147,27,1.035410,7,2
115,11,11,0,3273.4078,11317.0392,160,31,1.075470,7,2
116,12,12,0,4273.9701,16344.8504,158,30,2.039582,7,3
117,14,14,0,4203.2690,15996.3448,156,27,0.832029,7,4
118,16,16,0,4132.0147,15740.0735,151,29,0.733830,7,2
119,12,12,0,3217.3318,11206.6592,153,20,1.086927,7,2
120,10,10,0,2993.2718,10351.3591,146,20,0.950581,7,2
121,12,12,0,3408.6834,12963.4172,127,26,1.063661,6,2
122,12,12,0,3802.1276,14360.6379,145,26,1.598895,6,2
123,11,11,0,3431.8708,12659.3538,141,22,1.139946,7,2
124,10,10,0,3979.5709,15802.8546,129,27,1.068285,6,2
125,10,10,0,3365.5421,12182.7106,147,24,1.612590,7,2
126,10,10,0,3054.5870,11192.9350,128,20,0.701001,6,2
127,15,15,0,3897.5013,14612.5066,150,33,3.248763,7,2
128,11,11,0,4344.4405,17177.2023,143,26,1.400684,7,2
129,16,16,0,4911.3327,19136.6635,169,28,1.110848,7,3
130,16,16,0,4363.0199,16780.0996,155,31,1.365195,7,2
131,10,10,0,3737.3937,13986.9684,149,24,1.048942,7,2
132,16,16,0,4355.1645,16570.8227,161,31,3.054080,7,3
133,11,11,0,3412.5545,12672.7724,138,26,1.401564,5,2
134,13,13,0,3820.5871,14012.9353,160,27,1.712926,7,2
135,13,13,0,4537.4076,16282.0379,203,41,2.230091,7,3
136,10,10,0,3978.5963,15387.9813,142,22,1.133152,7,2
137,13,13,0,4367.2869,17351.4344,139,28,1.123645,7,2
138,15,15,0,4042.5884,14492.9421,178,27,1.449444,7,2
139,12,12,0,3658.4459,13482.2295,151,23,2.096151,6,2
140,16,16,0,4550.7078,17408.5391,165,37,2.865583,7,2
141,15,15,0,3582.1217,12315.6086,174,26,2.325379,7,2
142,13,13,0,4260.7073,15708.5363,176,30,0.707625,7,2
143,16,16,0,3398.2287,12106.1433,151,27,1.836724,7,2
144,16,16,0,4787.7291,18978.6457,153,30,1.490905,7,2
145,14,14,0,3709.1479,13930.7393,143,29,2.380416,7,2
146,15,15,0,4273.4930,16122.4652,163,33,1.937523,7,2
147,16,16,0,3907.5115,14467.5575,156,28,1.785147,7,2
148,15,15,0,3915.4815,13347.4075,196,30,2.899073,7,2
149,14,14,0,4022.2957,14811.4784,166,31,0.912585,7,2
150,11,11,0,3707.1132,13940.5658,145,29,0.986303,7,2
151,12,12,0,3749.0891,14195.4455,142,28,1.040900,7,2
152,12,12,0,3358.1390,12165.6949,145,27,0.639831,7,2
153,16,16,0,4791.5589,17712.7947,196,39,1.716349,7,2
154,15,15,0,3955.3656,14576.8280,162,29,1.673584,7,2
155,13,13,0,3926.2832,14126.4158,175,33,0.971634,7,3
156,10,10,0,3260.5162,11987.5808,136,20,0.453792,7,2
157,12,12,0,3242.5751,11397.8756,151,25,0.571624,6,2
158,11,11,0,3808.7255,14563.6276,141,34,1.450416,6,2
159,14,14,0,3755.9454,13284.7269,172,31,1.618462,7,2
160,14,14,0,4002.1248,14715.6241,166,27,2.006809,7,3
161,15,15,0,4154.8569,16199.2846,141,30,1.018418,7,2
162,14,14,0,4465.4759,16827.3796,173,36,1.498828,7,2
163,13,13,0,3563.1758,13160.8790,145,25,1.675698,7,2
164,15,15,0,4255.3695,16176.8476,158,29,0.786028,7,3
165,11,11,0,3599.9747,13589.8736,138,20,1.145389,7,2
166,15,15,0,3660.0430,13820.2152,139,27,1.492676,5,2
167,16,16,0,3706.1530,13330.7651,161,27,2.744462,7,3
168,11,11,0,3350.8002,12349.0012,138,24,0.653608,6,2
169,15,15,0,3657.5112,14112.5559,127,33,2.978689,7,2
170,12,12,0,3275.5601,12097.8004,133,24,1.317304,7,2
171,10,10,0,3413.7400,12763.7001,136,25,0.596551,6,2
172,16,16,0,3793.4999,14467.4993,137,30,3.425416,7,2
173,14,14,0,4314.4120,15702.0598,186,43,1.108747,7,2
174,13,13,0,4102.9145,14779.5723,181,35,1.032903,7,3
175,16,16,0,4416.2504,16316.2518,179,33,2.896327,7,2
176,14,14,0,3308.2556,11676.2778,151,23,0.682470,6,2
177,11,11,0,3214.0493,11670.2465,138,23,0.863579,6,2
178,10,10,0,3936.0937,14865.4683,153,24,1.206850,7,2
179,11,11,0,3698.9767,13414.8833,161,27,0.698323,7,2
180,16,16,0,3811.9235,14069.6176,153,29,1.836933,7,2
181,13,13,0,4092.6191,15228.0953,164,28,0.776981,7,3
182,14,14,0,3717.5825,13152.9124,170,29,1.801165,7,2
183,10,10,0,3803.0272,14315.1360,149,24,0.762600,7,3
184,16,16,0,6047.5132,22772.5660,253,29,1.384721,7,2
185,12,12,0,3916.5373,15142.6865,138,24,4.298904,7,3
186,16,16,0,3722.8162,13149.0808,169,30,2.732635,7,2
187,14,14,0,3731.2316,13651.1579,156,25,3.685881,7,2
188,16,16,0,3396.0835,12590.4173,134,26,2.506352,7,2
189,13,13,0,3677.9585,14029.7923,135,23,1.128907,7,2
190,14,14,0,3739.9172,13214.5859,172,27,1.221969,7,2
191,15,15,0,4366.7525,17148.7625,145,33,1.113401,6,2
192,11,11,0,3723.9857,13874.9287,150,30,2.546826,7,2
193,13,13,0,3156.4629,11027.3144,148,23,2.339628,7,2
194,11,11,0,3382.1951,11545.9757,170,23,2.325116,7,2
195,10,10,0,3680.6740,13423.3699,158,22,1.582134,7,2
196,12,12,0,4205.7890,16093.9448,155,26,1.971098,7,3
197,10,10,0,4104.6027,16098.0135,140,25,1.330276,7,2
198,13,13,0,4111.6148,14553.0738,190,33,3.072628,7,2
199,14,14,0,4145.7889,15443.9443,165,29,4.028368,7,2
200,16,16,0,4354.4223,16442.1116,165,31,2.502924,7,2
201,13,13,0,3606.2690,13286.3448,148,24,2.082879,6,2
202,11,11,0,3108.5522,10717.7612,152,26,2.297703,7,2
203,16,16,0,5059.6257,20113.1285,160,31,2.799933,7,2
204,14,14,0,3440.0406,11955.2030,164,30,1.395354,7,2
205,16,16,0,4485.7325,17488.6625,152,31,4.621908,7,2
206,13,13,0,4126.4265,16072.1326,142,24,1.385071,7,2
207,12,12,0,3781.9615,13789.8076,161,28,5.025675,7,2
208,12,12,0,3269.6799,11438.3997,154,24,2.088865,7,2
209,14,14,0,3678.8685,13734.3426,144,27,2.150103,7,2
210,10,10,0,3145.8640,11234.3202,142,22,0.825024,7,3
211,10,10,0,4106.0685,14475.3426,194,36,4.354824,7,2
212,16,16,0,4898.0065,19165.0323,165,35,2.833213,7,2
213,14,14,0,3748.9905,13364.9523,168,30,1.706042,7,2
214,16,16,0,4646.4692,17432.3458,180,31,1.582761,7,2
215,12,12,0,3682.0914,14325.4569,127,29,1.765285,6,2
216,16,16,0,3502.9769,12819.8847,144,28,2.090710,7,2
217,14,14,0,3765.2138,13671.0688,160,30,0.559505,6,2
218,15,15,0,4124.1785,15160.8924,171,33,1.453417,7,2
219,10,10,0,3580.6048,13608.0239,135,22,0.689203,7,2
220,14,14,0,3544.1573,13170.7866,140,24,2.094970,7,2
221,16,16,0,4302.5883,16687.9414,149,37,3.927242,7,3
222,14,14,0,4169.2651,15096.3257,181,30,0.860291,7,2
223,10,10,0,3386.7396,12523.6982,139,20,0.466142,7,2
224,13,13,0,4008.6732,14593.3658,172,34,0.954176,7,2
225,11,11,0,3501.9129,13044.5644,141,23,0.575434,7,3
226,13,13,0,3634.5592,12812.7959,168,24,0.817165,6,2
227,11,11,0,3284.8557,11959.2785,140,19,0.482702,6,2
228,11,11,0,3760.0653,14380.3263,139,25,0.394780,7,2
229,13,13,0,3811.8132,14664.0661,136,23,1.627934,7,3
230,16,16,0,3900.4165,14772.0824,146,29,1.792541,7,2
231,16,16,0,3732.2387,13721.1936,151,31,2.503061,7,2
232,16,16,0,4335.6399,16368.1997,165,32,1.240112,7,3
233,16,16,0,3876.8472,14199.2358,160,28,1.373961,7,2
234,14,14,0,3875.9301,14579.6507,150,32,1.533010,7,2
235,11,11,0,4246.7908,16258.9541,158,26,0.486752,7,3
236,11,11,0,3197.8230,11194.1149,151,21,1.229686,7,2
237,12,12,0,4325.6246,16118.1232,175,32,1.455748,7,2
238,13,13,0,4057.3018,15696.5091,143,26,0.471773,7,2
239,12,12,0,3843.7364,14593.6818,145,27,1.838056,7,2
240,15,15,0,4485.2496,16211.2478,195,36,1.566331,7,2
241,12,12,0,3810.0914,14555.4571,141,26,1.927712,7,2
242,14,14,0,4266.1751,16135.8754,162,29,0.549879,7,2
243,13,13,0,3534.0687,13170.3434,140,23,1.276168,7,2
244,14,14,0,3794.6819,14188.4097,148,26,0.949704,7,2
245,16,16,0,4412.1618,16985.8089,157,35,2.206248,7,2
246,16,16,0,3549.9055,12539.5274,161,31,1.752612,7,2
247,16,16,0,3741.9612,13684.8061,154,23,0.624570,7,3
248,12,12,0,3716.5905,13677.9523,154,27,1.487160,7,2
249,13,13,0,3182.1980,11315.9898,143,24,1.694002,7,2
250,13,13,0,3562.5583,13112.7913,146,25,0.897831,7,2
251,16,16,0,4308.5424,16462.7120,157,27,1.359226,7,3
252,10,10,0,4123.5109,15947.5547,148,31,1.161554,7,2
253,10,10,0,2972.8798,9884.3992,159,24,0.706767,7,2
254,15,15,0,4215.7274,15743.6372,166,29,3.589680,7,3
255,12,12,0,3470.1905,12385.9525,156,25,2.058040,7,2
256,16,16,0,4012.9253,14809.6265,162,31,4.036959,7,2
257,16,16,0,3918.8196,14554.0978,155,31,3.520791,7,2
258,13,13,0,4220.6982,15618.4911,173,33,2.877886,7,2
259,14,14,0,4177.0429,15840.2143,157,28,1.244450,7,2
260,13,13,0,3456.7314,12508.6569,149,27,2.917819,7,2
261,14,14,0,3646.0341,13205.1705,157,33,3.101066,7,2
262,13,13,0,3460.4240,12557.1202,148,28,1.128591,7,2
263,11,11,0,4271.3665,15021.8327,203,43,3.838345,7,2
264,10,10,0,2933.1931,9900.9653,151,20,0.803193,7,2
265,10,10,0,2746.8831,9354.4156,139,20,1.038163,6,2
266,12,12,0,3848.8769,13944.3844,167,25,1.158564,7,2
267,15,15,0,4616.7888,17618.9440,170,33,2.337974,7,2
268,10,10,0,3213.3484,11276.7422,152,22,1.131695,7,2
269,13,13,0,3842.3562,14496.7812,147,24,2.703176,7,2
270,16,16,0,4434.5245,16467.6223,179,34,2.741223,7,2
271,14,14,0,4123.8890,15864.4448,147,25,1.137114,7,2
272,16,16,0,4423.5723,16992.8615,158,33,1.301034,7,2
273,10,10,0,3022.4064,11107.0320,126,23,1.092792,6,2
274,15,15,0,4404.2165,17331.0825,145,27,0.956044,7,2
275,14,14,0,3840.7697,13413.8486,181,32,1.024669,7,2
276,12,12,0,3791.3956,13966.9782,157,29,2.275852,7,2
277,10,10,0,3397.2709,12821.3546,131,18,1.264114,6,2
278,12,12,0,3662.3697,13626.8487,147,22,1.036637,7,2
279,16,16,0,4607.7080,17508.5399,172,32,2.493091,7,2
280,12,12,0,3806.0562,13840.2810,164,27,1.614601,7,2
281,15,15,0,4291.4897,15522.4487,186,29,0.822934,7,3
282,14,14,0,3832.0093,14445.0464,145,29,4.221987,7,2
283,12,12,0,3571.9303,13284.6516,143,22,1.921163,7,3
284,15,15,0,3795.9638,13309.8191,177,28,0.829406,7,2
285,10,10,0,3569.3899,13496.9497,137,22,0.417074,7,2
286,15,15,0,4461.8772,16709.3858,175,36,0.990627,7,2
287,14,14,0,3681.6016,13303.0082,159,26,0.620538,6,2
288,16,16,0,3147.2938,10871.4692,149,22,1.004521,7,2
289,13,13,0,3827.1874,14560.9368,142,26,1.095688,7,2
290,12,12,0,3633.8188,13654.0938,141,23,1.290680,7,2
291,15,15,0,3404.1084,11905.5419,158,27,1.601236,6,2
292,11,11,0,2759.1611,10035.8054,118,21,1.530115,6,2
293,15,15,0,3803.8609,14539.3045,137,28,1.349179,7,2
294,16,16,0,4398.4412,16862.2058,158,35,0.636141,7,2
295,15,15,0,4487.5707,17267.8537,161,33,2.200797,7,2
296,13,13,0,3570.0053,13105.0264,148,26,2.036275,7,2
297,16,16,0,4461.3771,17266.8856,156,32,1.015635,7,2
298,11,11,0,3477.1557,12890.7786,141,24,0.640379,6,3
299,16,16,0,4208.6117,15883.0583,160,36,3.122045,7,3
300,10,10,0,3583.8966,13744.4832,131,21,0.508480,7,2
301,16,16,0,4281.4948,16172.4738,162,31,1.791097,7,2
302,16,16,0,5623.6675,21568.3374,206,42,1.969359,7,3
303,10,10,0,3423.2996,12501.4978,146,22,0.528519,7,2
304,10,10,0,3844.9755,14459.8774,151,27,0.626479,7,2
305,13,13,0,3782.0895,14780.4477,127,23,0.771592,7,2
306,12,12,0,3160.9478,10954.7390,152,19,0.635569,6,2
307,10,10,0,3725.0231,13255.1154,172,28,0.535310,7,2
308,11,11,0,3608.0902,13405.4509,146,26,0.526797,7,2
309,12,12,0,3661.6629,13708.3146,144,25,0.757153,7,3
310,13,13,0,4427.4812,16872.4062,166,28,0.583911,7,2
311,11,11,0,3731.9476,14004.7379,147,28,1.464847,7,2
312,10,10,0,3617.0793,13235.3963,154,22,0.555106,7,2
313,13,13,0,4472.0669,17045.3346,167,24,0.649055,7,3
314,15,15,0,5044.1750,19295.8750,185,40,1.760153,7,2
315,16,16,0,3925.2502,15126.2509,138,24,2.376715,7,2
316,15,15,0,3933.7770,14273.8848,168,32,2.236313,7,2
317,14,14,0,3101.0337,11435.1685,125,26,1.960492,6,2
318,13,13,0,3601.7289,13523.6446,139,27,1.244981,7,2
319,16,16,0,4221.3298,15336.6490,180,35,2.803688,7,2
320,16,16,0,3649.1971,13570.9857,143,27,2.473213,7,2
321,15,15,0,4276.1733,16720.8665,144,28,2.655985,7,2
322,12,12,0,3540.2273,13301.1367,137,25,1.708113,7,2
323,12,12,0,2962.7847,10858.9237,123,22,1.274478,6,2
324,10,10,0,3415.8185,12784.0923,135,19,1.120334,7,2
325,16,16,0,4046.0678,15435.3392,147,30,0.961053,7,2
326,11,11,0,3623.4141,14067.0707,126,25,3.706037,7,2
327,15,15,0,3810.4910,13857.4551,161,31,1.359680,7,2
328,12,12,0,4006.1356,14785.6780,165,28,0.971606,7,2
329,16,16,0,4319.0792,16360.3960,162,38,2.223402,7,2
330,15,15,0,4099.5577,15242.7883,163,31,3.005218,7,2
331,15,15,0,3599.0084,13070.0418,152,27,1.231310,7,2
332,16,16,0,3599.1450,12930.7249,156,27,2.906477,7,3
333,14,14,0,3985.7978,15423.9889,139,24,2.092594,7,2
334,12,12,0,4240.7992,15888.9959,168,30,1.555868,7,2
335,14,14,0,4243.8329,16889.1647,133,25,1.669673,7,2
336,15,15,0,4314.0053,16105.0264,170,32,5.435990,7,2
337,16,16,0,3897.4341,15042.1706,136,25,2.967435,7,2
338,11,11,0,3656.9659,12959.8295,170,27,1.339859,6,2
339,10,10,0,3784.2714,14551.3568,138,21,1.074381,7,2
340,15,15,0,3764.8731,14264.3654,140,27,3.117928,7,2
341,15,15,0,3986.3698,14581.8490,166,28,2.385964,7,2
342,11,11,0,3753.2126,14141.0630,146,29,1.589320,7,2
343,15,15,0,3764.7162,13738.5809,158,27,1.406398,7,2
344,11,11,0,3356.5573,12017.7865,150,26,1.358395,7,2
345,16,16,0,4417.5028,17547.5140,139,30,3.868391,7,3
346,16,16,0,4201.4558,16132.2792,151,35,8.235539,7,2
347,12,12,0,3347.7670,11888.8349,152,21,1.115926,7,3
348,11,11,0,3474.6826,13083.4129,135,21,2.181893,6,2
349,12,12,0,4393.2850,17376.4250,143,28,1.297301,7,2
350,11,11,0,3425.5283,12507.6415,145,24,0.813288,7,3
351,13,13,0,4600.3617,16866.8084,202,25,1.130620,7,3
352,16,16,0,4215.9607,15154.8035,185,34,2.993619,7,3
353,15,15,0,3888.4672,14217.3358,163,32,1.414708,6,2
354,14,14,0,4467.5585,17107.7925,163,29,0.823429,7,3
355,15,15,0,4416.4456,16822.2278,164,31,1.973336,7,2
356,15,15,0,4303.8501,16489.2507,156,32,4.172512,7,2
357,16,16,0,4031.1893,16005.9463,126,30,1.627369,7,2
358,16,16,0,3592.8861,13409.4307,139,28,0.602712,7,2
359,12,12,0,4060.9109,15109.5546,164,27,0.422793,7,2
360,13,13,0,3252.1793,11125.8967,161,24,0.531441,7,2
361,12,12,0,3324.4393,11887.1964,148,27,1.172898,7,2
362,14,14,0,4216.5610,16272.8049,148,27,1.280524,7,2
363,10,10,0,3215.5637,11007.8184,161,21,0.566843,7,3
364,10,10,0,3395.1084,12155.5422,152,20,0.446349,7,2
365,14,14,0,3499.1592,12895.7962,142,22,1.330974,7,2
366,16,16,0,4022.5990,14977.9951,159,30,1.634381,7,2
367,11,11,0,3628.2941,13306.4705,152,26,1.665897,7,2
368,16,16,0,3955.1069,14550.5343,161,36,2.160899,7,2
369,10,10,0,3459.1807,12645.9036,147,25,0.599482,6,2
370,16,16,0,4833.3287,17476.6437,210,36,2.050044,7,3
371,16,16,0,3799.9908,14199.9540,147,29,2.193677,7,2
372,13,13,0,4622.5035,18097.5176,157,26,0.420133,7,2
373,16,16,0,4809.2250,19161.1251,151,33,1.126164,7,2
374,16,16,0,3991.0093,15255.0465,144,30,1.693563,7,2
375,14,14,0,3747.0326,13990.1628,147,27,0.721168,7,2
376,15,15,0,4676.3733,17841.8663,172,36,2.188518,7,2
377,14,14,0,4065.0126,15105.0631,163,32,2.561003,7,2
378,14,14,0,3737.8229,13669.1144,157,31,1.132283,6,2
379,13,13,0,4286.9257,16774.6286,145,30,1.319077,7,2
380,10,10,0,3432.9408,13049.7040,129,21,0.564199,7,3
381,16,16,0,4393.4415,16877.2074,158,32,1.072179,7,2
382,10,10,0,3303.5468,11952.7338,144,23,1.336742,7,2
383,12,12,0,4188.5004,15497.5018,173,30,0.729926,7,2
384,15,15,0,4803.4865,16577.4323,254,29,0.990154,7,2
385,12,12,0,4027.3344,15241.6719,154,27,2.023080,7,2
386,12,12,0,3785.7728,14463.8638,139,24,0.696695,7,2
387,10,10,0,3358.1562,11990.7810,152,27,0.898103,7,2
388,14,14,0,4145.6943,16008.4715,147,32,1.733905,7,2
389,15,15,0,4404.9444,16629.7219,168,30,0.859022,7,2
390,11,11,0,3497.9979,12789.9895,148,25,0.860435,7,3
391,14,14,0,4501.0815,16865.4077,178,36,1.063334,7,2
392,12,12,0,4207.7448,15623.7238,171,25,0.971112,7,3
393,16,16,0,4308.5027,16212.5137,166,29,0.869283,7,3
394,14,14,0,4006.4451,14872.2255,161,26,0.880091,7,2
395,14,14,0,4200.9057,16244.5286,148,29,3.108666,7,2
396,11,11,0,3329.0572,12635.2858,125,21,1.399079,7,2
397,16,16,0,3797.3941,13716.9706,163,29,2.258243,7,2
398,14,14,0,3730.4685,14437.3424,129,26,1.301487,7,2
399,11,11,0,3576.8581,13144.2906,149,21,0.930076,7,3
400,16,16,0,4308.6714,16403.3572,159,36,5.544483,7,2
401,14,14,0,3428.7047,12533.5234,143,23,1.474528,7,2
402,10,10,0,3897.7534,14983.7671,143,24,0.751870,7,2
403,11,11,0,4489.1645,17740.8223,148,28,1.038144,7,2
404,10,10,0,3775.4311,14287.1554,145,27,1.317167,6,2
405,14,14,0,3529.3689,12396.8443,164,25,2.411191,7,2
406,16,16,0,4622.9118,17929.5589,160,35,4.401296,7,2
407,10,10,0,3564.4189,12687.0947,164,25,1.506800,7,2
408,13,13,0,3774.9468,13739.7341,161,26,1.017028,7,3
409,14,14,0,3427.3830,12296.9151,150,28,2.388561,6,2
410,11,11,0,3749.0059,13815.0295,155,21,0.967325,7,2
411,15,15,0,3680.4819,12792.4093,174,34,2.480301,7,2
412,15,15,0,3542.4997,12092.4985,176,33,2.264733,6,2
413,13,13,0,4114.8125,15854.0624,148,28,1.039825,7,2
414,11,11,0,3541.4913,12582.4564,162,23,2.301372,7,2
415,16,16,0,4576.3372,17266.6858,175,36,3.405851,7,2
416,14,14,0,4123.2424,15926.2118,146,29,3.619176,7,2
417,14,14,0,3861.2953,14591.4764,146,25,2.281768,6,2
418,10,10,0,3392.1167,12945.5836,126,19,0.838616,6,2
419,15,15,0,4084.0923,15325.4614,159,33,2.744334,7,2
420,10,10,0,3515.6003,13148.0014,140,20,2.266092,7,2
421,11,11,0,3285.2017,12221.0083,132,21,2.834832,6,2
422,13,13,0,4586.6569,17268.2843,179,32,2.720108,7,2
423,14,14,0,3801.6304,13658.1518,166,24,1.200069,7,2
424,15,15,0,3911.3124,12721.5620,216,30,2.863138,7,2
425,13,13,0,3293.6436,11783.2181,146,23,2.784915,6,2
426,10,10,0,3306.7199,12433.5993,129,22,0.820246,7,2
427,13,13,0,3391.9625,12554.8127,137,28,1.044777,6,2
428,15,15,0,3352.9207,11224.6033,173,29,1.412836,7,2
429,11,11,0,3435.2233,12871.1165,135,25,1.076535,7,2
430,16,16,0,4280.7133,16008.5665,167,26,1.503875,7,2
431,16,16,0,3931.0318,14780.1590,150,37,1.524171,7,2
432,10,10,0,2998.3725,10956.8626,126,20,0.517683,6,2
433,14,14,0,3870.5985,14927.9927,136,24,0.805311,7,2
434,15,15,0,3680.5110,13362.5550,156,27,0.752765,7,2
435,14,14,0,3918.6850,14578.4251,156,30,2.617416,7,2
436,11,11,0,3074.3395,11561.6973,118,21,0.513739,6,3
437,14,14,0,3305.0767,11050.3834,172,24,1.537052,7,2
438,14,14,0,3690.7940,13168.9699,165,28,1.256239,7,2
439,16,16,0,4086.0293,16360.1463,123,28,1.033055,7,2
440,15,15,0,3703.8476,13209.2382,165,34,1.713179,6,2
441,13,13,0,3394.5183,12017.5915,155,32,1.063421,6,2
442,13,13,0,4035.9956,16014.9779,129,25,1.939671,7,2
443,16,16,0,4526.7034,17793.5169,149,33,0.742778,7,3
444,16,16,0,4466.0461,17005.2305,165,35,1.699384,7,2
445,12,12,0,3286.0446,11505.2232,155,22,1.002450,6,2
446,11,11,0,3764.1345,13885.6724,156,29,2.231521,7,2
447,10,10,0,3503.1667,13260.8333,134,25,0.658722,6,2
448,11,11,0,3388.2210,12726.1049,132,24,1.522452,7,2
449,10,10,0,3561.8969,12409.4845,172,23,0.709482,7,3
450,10,10,0,3856.6416,14463.2081,153,28,0.631978,7,2
451,12,12,0,3809.2424,14291.2122,149,25,1.082864,7,2
452,10,10,0,3522.4253,13052.1263,144,24,0.726720,7,2
453,10,10,0,3857.3944,14566.9721,149,21,0.541592,7,2
454,10,10,0,4063.0460,15380.2299,157,23,0.709739,7,2
455,15,15,0,3705.7375,13248.6875,164,27,0.847572,7,2
456,11,11,0,3165.4821,11272.4107,143,23,1.084126,7,2
457,13,13,0,4371.9184,16604.5922,165,29,0.866444,7,2
458,11,11,0,4247.7827,16553.9135,148,29,1.776335,7,2
459,16,16,0,3565.1190,13140.5948,144,24,2.207627,7,2
460,15,15,0,4186.4772,15632.3861,165,30,1.325495,7,2
461,14,14,0,4191.6409,16348.2046,143,29,2.025812,7,2
462,11,11,0,3520.5862,12957.9308,146,23,1.302480,7,2
463,13,13,0,3955.5786,15022.8928,148,29,1.020547,7,2
464,13,13,0,3890.6167,14693.0837,149,29,3.480586,7,2
465,16,16,0,3321.1286,12380.6429,128,25,1.909119,7,2
466,15,15,0,3863.1578,14130.7889,161,25,1.842302,7,2
467,15,15,0,3018.0568,10805.2840,132,27,2.788331,5,3
468,16,16,0,4176.9466,15824.7330,156,30,2.139675,7,2
469,14,14,0,4328.0818,15935.4091,178,33,1.460715,7,2
470,12,12,0,3763.6443,13588.2216,165,24,0.949099,7,2
471,16,16,0,3414.6586,12258.2931,148,24,1.167115,7,3
472,12,12,0,4003.6447,14868.2233,162,27,0.865384,7,2
473,10,10,0,3243.1383,11075.6915,164,26,0.848754,7,2
474,11,11,0,3212.1889,11805.9447,133,22,1.306693,7,2
475,14,14,0,3871.5349,14827.6744,140,27,1.800442,7,2
476,11,11,0,3828.1115,14260.5574,154,25,1.911482,7,2
477,11,11,0,3960.7117,14948.5583,153,23,0.829991,7,2
478,16,16,0,3518.1602,12645.8009,152,27,2.939994,7,2
479,11,11,0,3235.8443,11749.2217,139,21,2.932801,6,2
480,12,12,0,3438.7092,12498.5460,147,23,0.769322,6,3
481,15,15,0,4059.3635,15091.8177,162,31,5.107090,7,2
482,12,12,0,3826.2624,14746.3122,137,26,1.553048,7,2
483,15,15,0,3993.8087,15454.0434,139,32,3.260475,7,2
484,14,14,0,4036.7805,15213.9025,154,28,2.406189,7,2
485,12,12,0,3984.1865,14810.9325,161,27,1.111895,7,2
486,14,14,0,4384.4215,16162.1076,181,34,6.502701,7,2
487,10,10,0,3847.5432,14202.7162,160,25,1.114224,7,2
488,14,14,0,3436.6163,12988.0817,129,30,1.359018,6,2
489,15,15,0,4230.1874,16005.9372,160,29,2.590539,7,2
490,14,14,0,3380.7630,11883.8149,156,30,3.021240,7,2
491,16,16,0,3963.2988,13631.4940,194,32,1.697832,7,2
492,16,16,0,3961.1324,14585.6621,161,30,2.065142,7,2
493,11,11,0,2460.9472,8264.7358,127,21,1.003415,5,2
494,14,14,0,4416.9441,16569.7205,173,34,4.722187,7,2
495,10,10,0,2885.6278,9968.1392,141,24,1.239742,6,2
496,12,12,0,3461.6173,12583.0864,148,25,1.426094,7,2
497,11,11,0,3684.0737,13385.3685,160,27,1.226279,7,2
498,11,11,0,3626.9237,13659.6183,140,23,0.935129,7,2
499,16,16,0,3836.6082,14088.0412,158,33,3.697307,7,3
500,10,10,0,3829.9151,14239.5757,156,25,2.391495,7,2
501,12,12,0,3639.2142,13376.0709,152,29,1.631047,7,2
502,12,12,0,3378.5776,11977.8880,154,23,1.119770,7,2
503,14,14,0,3804.0503,13925.2516,159,34,4.030326,7,2
504,10,10,0,3114.3888,10926.9438,147,27,1.329285,6,2
505,11,11,0,3693.6426,13563.2128,155,27,1.293484,7,3
506,14,14,0,4015.2842,13521.4208,207,33,2.333295,7,2
507,11,11,0,3906.9122,14814.5610,149,26,0.799800,7,3
508,11,11,0,3869.4357,14922.1785,138,25,1.907986,7,2
509,15,15,0,3719.0725,13700.3626,151,26,3.369288,7,2
510,13,13,0,4048.7589,15143.7943,160,32,1.462966,7,2
511,10,10,0,3290.5479,11487.7395,158,23,0.952776,7,2
512,13,13,0,3776.9790,13904.8949,156,28,3.479534,7,2
513,12,12,0,3785.0180,14105.0900,151,25,1.112824,7,2
514,16,16,0,3955.2898,14416.4491,165,35,2.031658,7,2
515,11,11,0,3611.5756,13732.8780,136,23,0.917371,7,2
516,10,10,0,2790.2651,9591.3257,137,19,0.714918,6,2
517,14,14,0,4024.0372,15310.1862,149,30,3.307029,7,2
518,12,12,0,3739.0500,13920.2500,150,29,3.026392,7,2
519,12,12,0,3729.9098,13869.5488,150,32,1.560523,7,2
520,10,10,0,3498.4022,11967.0112,176,26,1.611840,7,2
521,10,10,0,2948.0457,11275.2285,108,20,3.072131,5,2
522,12,12,0,3022.1451,10730.7254,136,20,0.809840,6,2
523,15,15,0,4438.6995,16908.4977,165,28,1.482934,7,3
524,14,14,0,3628.7867,13718.9333,137,27,2.198821,7,2
525,10,10,0,3041.0748,11575.3741,113,20,1.491325,6,2
526,15,15,0,4120.7960,15323.9798,165,27,0.846243,7,2
527,12,12,0,3488.2695,13166.3477,133,23,0.907236,7,2
528,16,16,0,4166.0123,15885.0613,152,29,4.947982,7,2
529,11,11,0,3363.1143,12215.5713,145,28,0.758793,6,2
530,10,10,0,3251.5471,11672.7353,145,21,0.595797,7,2
531,12,12,0,4135.7381,15433.6903,165,32,1.207347,7,3
532,16,16,0,3666.6055,12768.0273,173,28,2.164204,7,2
533,12,12,0,3773.9054,13769.5272,161,29,0.725651,7,3
534,10,10,0,2951.1030,11115.5148,114,27,2.819857,5,2
535,14,14,0,3798.3694,14536.8472,137,28,1.108363,7,2
536,12,12,0,3678.3637,13896.8184,141,27,1.057227,6,2
537,12,12,0,4047.9206,14929.6030,168,37,1.879900,7,2
538,13,13,0,3847.4776,14812.3879,137,27,1.116423,7,2
539,13,13,0,3649.6768,13833.3839,138,27,1.047062,7,2
540,16,16,0,4301.6728,15948.3641,173,29,1.981170,7,2
541,14,14,0,3890.8920,14379.4601,158,29,1.885690,7,2
542,16,16,0,4065.0970,15350.4851,153,31,2.323615,7,2
543,16,16,0,4076.2819,14841.4095,172,32,3.047519,7,2
544,12,12,0,3623.1027,12950.5133,163,27,0.632022,7,2
545,12,12,0,3814.6481,14208.2403,153,26,1.907353,7,2
546,13,13,0,3635.7986,13323.9931,152,26,0.993293,7,2
547,14,14,0,4146.7292,15558.6461,161,35,3.548995,7,2
548,10,10,0,3697.8736,13024.3678,174,26,0.882301,7,2
549,12,12,0,3557.7283,13228.6417,143,22,0.749847,7,2
550,14,14,0,4052.1615,15315.8076,154,24,0.711848,7,2
551,16,16,0,3894.4364,14717.1822,145,26,3.381772,7,2
552,11,11,0,3398.2923,12236.4614,150,25,1.346354,7,2
553,12,12,0,4000.4558,14772.2792,165,31,1.351334,7,2
554,13,13,0,3908.2928,14711.4638,151,26,1.318156,7,2
555,13,13,0,3640.2222,13731.1110,139,28,2.621453,6,2
556,12,12,0,4231.6545,15778.2726,170,31,3.538362,7,2
557,16,16,0,4707.2310,19001.1550,138,33,1.639361,7,2
558,11,11,0,3686.3801,13486.9003,156,21,1.426693,7,2
559,10,10,0,2850.8209,9544.1043,149,17,0.504755,7,2
560,12,12,0,3303.7693,11818.8466,147,23,2.689223,6,2
561,16,16,0,3948.6088,15188.0440,139,27,1.289736,7,2
562,15,15,0,3601.2808,13486.4038,139,25,1.437991,7,2
563,11,11,0,4179.9333,16434.6666,140,24,0.866760,7,2
564,10,10,0,3302.4102,12287.0512,132,22,1.311974,6,2
565,12,12,0,3359.8062,12419.0309,137,25,2.904964,6,2
566,11,11,0,3191.2515,11211.2575,150,23,1.156089,7,2
567,14,14,0,4275.8529,16539.2646,151,31,0.911618,7,2
568,14,14,0,4129.1451,15745.7255,153,31,2.730212,7,2
569,14,14,0,3654.7721,13688.8603,142,28,1.110892,6,2
570,12,12,0,3480.4638,12652.3188,149,30,1.432547,7,2
571,16,16,0,4223.2945,15766.4725,166,30,2.191789,7,2
572,13,13,0,3658.8522,13209.2612,160,29,2.149805,6,2
573,11,11,0,4307.9271,17344.6353,132,27,1.110062,7,2
574,10,10,0,4367.5336,16552.6682,168,25,1.650571,7,3
575,13,13,0,3982.8337,14164.1683,181,30,3.029565,7,2
576,10,10,0,3098.1939,11445.9694,127,21,0.897807,6,2
577,16,16,0,3832.3855,14791.9275,133,27,1.995283,7,2
578,14,14,0,4175.7885,15168.9425,179,32,2.800913,7,2
579,16,16,0,4450.4721,17052.3605,160,36,2.743960,7,2
580,16,16,0,4418.5371,16947.6857,159,34,1.157752,7,2
581,13,13,0,2913.2378,10541.1890,125,22,1.267248,5,2
582,13,13,0,3843.8502,14139.2508,159,30,1.042985,7,2
583,13,13,0,3097.2288,11026.1439,138,23,0.708288,6,2
584,14,14,0,4389.4904,16297.4519,177,37,1.301451,7,2
585,10,10,0,3419.9170,12514.5849,145,22,1.324199,7,2
586,16,16,0,3876.5660,14327.8300,156,27,2.308642,7,2
587,15,15,0,4903.4103,19057.0516,170,30,0.765887,7,2
588,16,16,0,3764.0209,13040.1046,180,32,3.083018,7,2
589,12,12,0,3562.2146,12556.0731,166,30,1.404726,7,2
590,12,12,0,3287.3633,12166.8163,134,29,1.034428,6,2
591,13,13,0,4574.8901,16529.4507,201,38,1.257149,7,2
592,13,13,0,3601.3920,13416.9601,143,22,0.504252,7,4
593,12,12,0,3923.1391,13960.6953,179,30,0.879011,7,3
594,11,11,0,3527.1213,13235.6064,138,24,0.826246,7,2
595,13,13,0,3892.7144,14128.5718,168,31,2.543318,7,3
596,14,14,0,3742.1398,13960.6988,147,27,2.715425,7,2
597,14,14,0,3472.7761,12908.8807,138,24,1.744427,6,2
598,11,11,0,3483.3486,12436.7432,158,29,1.044848,7,2
599,11,11,0,3706.2532,14066.2658,140,22,1.584975,7,3
600,13,13,0,3331.3515,11926.7575,147,24,3.708216,7,2
601,10,10,0,3058.7392,11153.6958,129,20,1.323170,5,2
602,15,15,0,4088.8823,16249.4116,128,27,2.397347,7,2
603,15,15,0,3459.2777,11661.3885,177,29,2.513265,7,2
604,14,14,0,3467.0526,12560.2632,148,25,0.934760,7,2
605,15,15,0,4546.3232,16641.6159,191,35,4.842886,7,2
606,13,13,0,3736.7844,13803.9220,153,26,0.876125,7,3
607,13,13,0,3267.0068,11610.0340,147,28,3.198606,6,2
608,13,13,0,3631.2909,13566.4546,143,27,0.706150,7,2
609,15,15,0,4373.1731,15930.8653,186,34,2.022119,7,3
610,13,13,0,3701.1488,13160.7440,169,26,0.738159,7,2
611,10,10,0,3209.0547,11730.2736,136,22,3.464583,5,2
612,11,11,0,3187.1488,11055.7439,154,21,2.084034,7,2
613,13,13,0,3454.2635,13016.3175,132,25,0.873845,6,2
614,14,14,0,4475.9804,16549.9022,184,34,1.509845,7,2
615,10,10,0,3604.8146,13314.0731,149,24,0.895916,7,2
616,12,12,0,3708.7472,13548.7361,157,24,0.840984,7,2
617,10,10,0,3780.8041,13694.0205,166,25,0.744504,7,3
618,10,10,0,3437.0950,12300.4750,155,24,0.957252,7,3
619,12,12,0,3164.6036,11338.0182,140,21,1.109562,6,2
620,10,10,0,3292.6064,12053.0322,139,23,0.806983,6,2
621,15,15,0,4697.9181,18529.5904,154,32,3.760311,7,2
622,15,15,0,4433.2495,16786.2474,168,31,1.255052,7,3
623,16,16,0,3810.1303,14225.6516,148,26,2.199947,7,2
624,12,12,0,3568.3238,13241.6189,144,30,1.017872,7,2
625,13,13,0,3248.9846,11919.9228,134,24,1.434697,6,2
626,12,12,0,4335.2496,16951.2478,148,26,1.778169,7,2
627,14,14,0,4369.3846,16736.9228,160,32,1.343200,7,2
628,16,16,0,4587.0556,17715.2782,162,35,0.982905,7,2
629,10,10,0,3340.9492,12149.7462,144,26,0.793309,7,2
630,14,14,0,3884.0198,14925.0988,139,31,1.906853,7,2
631,11,11,0,3200.9312,10924.6560,161,24,1.152776,7,2
632,11,11,0,4228.1532,16320.7658,152,29,1.895316,7,2
633,15,15,0,4193.6915,15908.4575,156,26,0.996354,7,2
634,14,14,0,3890.6283,14498.1413,154,28,1.650669,6,2
635,10,10,0,3546.9428,13354.7141,138,25,0.895515,7,2
636,12,12,0,4596.2629,18541.3144,139,32,1.194099,7,2
637,10,10,0,3878.2947,14531.4735,154,26,0.999925,7,3
638,16,16,0,3883.1137,14795.5686,142,35,2.388087,7,2
639,16,16,0,4253.5422,16102.7111,160,32,3.942747,7,2
640,15,15,0,4138.3699,15676.8497,156,31,2.427639,7,2
641,13,13,0,3133.6245,11003.1224,146,25,1.677093,7,2
642,12,12,0,4212.0636,16295.3179,149,25,1.618334,7,2
643,11,11,0,3347.0278,12215.1388,142,24,1.051345,6,3
644,15,15,0,3621.7849,12813.9244,165,28,4.011380,6,2
645,13,13,0,3599.8108,13099.0538,153,27,2.477025,7,2
646,13,13,0,3135.2829,11516.4144,129,23,1.000296,6,2
647,13,13,0,3967.8454,14874.2271,156,31,1.227738,7,2
648,15,15,0,3949.3854,14561.9271,161,30,1.520655,6,3
649,15,15,0,4876.5654,19402.8268,155,35,1.084432,7,2
650,11,11,0,3135.1253,10955.6263,148,23,1.948078,7,2
651,11,11,0,4549.4013,17787.0063,158,34,1.076093,7,2
652,11,11,0,3868.1685,14065.8426,167,30,2.295276,7,2
653,16,16,0,3487.0776,12445.3878,154,29,1.250387,7,2
654,12,12,0,3319.2025,12001.0126,144,25,1.263024,6,2
655,13,13,0,3357.6003,11893.0014,153,22,2.495153,7,2
656,16,16,0,4441.7075,16638.5377,174,33,2.987553,7,2
657,16,16,0,4301.0826,15855.4132,176,30,1.843895,7,2
658,10,10,0,3986.5330,15012.6648,156,24,0.656870,7,5
659,15,15,0,3989.1877,15175.9386,148,32,2.078804,7,2
660,14,14,0,4087.7716,15453.8578,155,28,1.841708,6,2
661,13,13,0,4046.1751,15130.8754,159,28,1.244291,7,2
662,15,15,0,3666.6679,11888.3396,203,38,2.232432,6,2
663,16,16,0,3360.7604,11993.8022,148,25,2.202444,7,2
664,10,10,0,3636.0278,13670.1392,143,30,1.046517,6,3
665,16,16,0,4382.0401,16510.2006,168,31,1.775745,7,2
666,13,13,0,3678.2601,13321.3005,158,23,0.927371,7,2
667,11,11,0,3795.8475,13899.2377,164,21,0.547879,7,3
668,14,14,0,4087.8186,14879.0931,175,28,1.124134,7,2
669,14,14,0,4229.3000,16471.4998,145,31,0.929690,7,2
670,11,11,0,3841.2461,14776.2303,139,25,0.803383,7,2
671,12,12,0,4069.0481,15400.2404,156,30,1.081924,7,2
672,10,10,0,3642.6776,13983.3882,133,25,1.994696,7,4
673,13,13,0,3723.7738,13748.8690,152,24,0.737522,7,3
674,11,11,0,3405.6569,12288.2843,149,20,0.479262,7,3
675,15,15,0,4904.0827,18960.4134,174,32,1.292369,7,2
676,13,13,0,3368.8525,11764.2624,159,31,1.302957,6,2
677,14,14,0,4339.3425,16291.7127,170,30,2.294245,7,2
678,13,13,0,3998.5457,15642.7286,135,28,3.623976,7,2
679,10,10,0,4251.8779,16649.3893,146,26,0.562545,7,2
680,12,12,0,3678.2292,13481.1461,155,30,0.888216,6,3
681,12,12,0,3920.7233,14458.6167,162,25,0.798140,7,3
682,15,15,0,3777.5647,14592.8236,132,30,1.190136,7,2
683,11,11,0,3155.8780,10979.3901,152,23,1.717856,7,2
684,10,10,0,3618.3783,12966.8916,163,25,1.020010,7,3
685,12,12,0,3956.1559,14575.7795,164,29,1.234617,7,2
686,10,10,0,3769.2535,13831.2673,159,24,1.481993,7,2
687,11,11,0,3514.2061,13296.0305,135,26,1.101628,6,2
688,12,12,0,3372.0636,12125.3180,149,24,0.762908,7,2
689,12,12,0,3586.6948,13343.4740,144,26,2.523998,7,2
690,14,14,0,4333.4357,16017.1784,179,32,4.093763,7,2
691,11,11,0,3595.8538,12949.2692,159,25,1.023985,7,2
692,13,13,0,3979.3759,15631.8795,132,26,2.487395,7,2
693,12,12,0,3252.1677,12480.8387,117,25,1.209911,5,2
694,10,10,0,3538.3997,13136.9985,144,23,0.819295,7,2
695,15,15,0,3613.0935,12615.4673,170,30,3.075542,7,2
696,15,15,0,4348.7162,16348.5812,169,31,1.604270,7,3
697,15,15,0,3843.8448,14574.2242,143,28,2.641996,7,2
698,10,10,0,3239.5450,11872.7252,137,23,0.939251,6,2
699,16,16,0,4782.7905,19323.9524,141,37,2.512632,7,2
700,13,13,0,4521.4345,17512.1727,160,26,0.652390,7,4
701,14,14,0,3796.4975,13062.4876,186,31,0.918358,7,2
702,10,10,0,3356.2177,12766.0886,126,21,0.764238,6,2
703,16,16,0,4529.0395,16880.1974,179,33,1.243834,7,3
704,12,12,0,3561.9876,13529.9380,133,25,2.700818,7,2
705,11,11,0,3386.0543,12565.2715,137,21,1.286385,7,2
706,14,14,0,3835.1266,14435.6332,147,27,1.318759,7,2
707,12,12,0,3593.6350,13513.1750,139,24,0.752029,7,2
708,15,15,0,3506.3576,11911.7880,175,25,0.820061,7,2
709,16,16,0,4456.3836,17091.9179,160,30,1.829111,7,2
710,13,13,0,4147.2542,16011.2708,147,27,4.895786,7,3
711,11,11,0,3398.4191,12672.0957,135,21,2.605255,7,2
712,11,11,0,2911.7016,10128.5080,139,24,1.075438,6,2
713,11,11,0,4118.6636,15593.3178,158,29,1.355667,7,2
714,13,13,0,3140.3661,11171.8303,141,27,2.605343,6,2
715,12,12,0,3875.5913,13997.9564,170,25,1.985085,7,2
716,10,10,0,3179.9576,11404.7879,142,22,2.134415,6,2
717,15,15,0,4142.7529,15553.7644,160,29,1.320771,7,2
718,12,12,0,4932.5272,20032.6362,145,30,1.299238,7,2
719,10,10,0,3279.2789,11831.3946,145,25,1.095741,7,2
720,14,14,0,3849.7149,14848.5743,136,29,3.185095,6,2
721,11,11,0,3452.2863,12506.4316,150,24,1.324666,7,2
722,12,12,0,3968.5971,15387.9855,139,27,1.742786,7,2
723,13,13,0,3526.9330,12624.6650,157,29,1.522063,6,2
724,13,13,0,3387.4481,12062.2404,152,27,3.294690,7,2
725,15,15,0,3766.8395,13759.1975,157,29,1.042373,7,2
726,11,11,0,3966.4625,15552.3126,135,30,2.038587,6,2
727,12,12,0,3165.8212,11669.1058,129,20,0.983792,6,2
728,16,16,0,3971.0356,14925.1782,152,35,2.696451,7,2
729,13,13,0,4147.4282,14657.1409,193,27,0.666283,7,3
730,12,12,0,3164.4351,10787.1754,158,21,0.612105,6,2
731,13,13,0,3583.8300,12894.1501,157,24,1.437860,7,2
732,16,16,0,3947.9645,15149.8224,141,31,1.218519,7,2
733,10,10,0,3525.9844,12329.9219,169,25,2.713331,7,2
734,11,11,0,3593.5274,13862.6372,128,24,1.312423,7,2
735,10,10,0,3111.5088,11247.5439,136,20,0.735194,6,4
736,15,15,0,4585.9582,17749.7912,160,29,3.403730,7,2
737,14,14,0,4337.2320,15896.1601,182,26,2.384411,7,2
738,13,13,0,3602.5094,13092.5470,153,25,0.846099,7,2
739,16,16,0,4034.1270,15430.6352,146,33,1.683215,7,2
740,14,14,0,3932.7542,14953.7712,146,25,0.887316,7,2
741,11,11,0,3113.4427,10982.2136,144,21,1.249054,7,2
742,13,13,0,3534.6044,13068.0221,143,26,2.500677,6,2
743,12,12,0,3770.6440,14613.2198,133,26,2.511446,7,2
744,14,14,0,3998.0959,15460.4795,140,28,3.487808,7,2
745,16,16,0,4659.6443,17608.2213,177,33,4.229965,7,2
746,12,12,0,3387.0981,12700.4907,132,27,1.997378,5,2
747,10,10,0,3843.7176,14543.5878,148,25,0.748220,7,2
748,11,11,0,3359.1640,12090.8198,148,20,0.791534,7,2
749,14,14,0,3348.0939,12500.4694,130,25,1.759841,7,2
750,15,15,0,4109.8449,15739.2243,149,28,3.422039,7,2
751,12,12,0,3116.3570,11236.7850,136,22,2.580610,6,2
752,10,10,0,3222.5931,12272.9654,120,19,0.571501,6,2
753,14,14,0,4804.3847,19306.9234,146,35,1.962532,7,2
754,13,13,0,3931.0878,15185.4390,139,31,1.094781,7,2
755,11,11,0,3589.9330,13519.6651,140,26,2.282747,7,2
756,12,12,0,3494.5699,13032.8496,139,22,1.722610,7,2
757,10,10,0,3295.6315,12173.1576,135,21,1.480444,6,2
758,11,11,0,4134.3418,16091.7090,145,28,0.803228,7,3
759,13,13,0,3800.9394,14439.6971,142,25,1.735448,7,2
760,10,10,0,4391.7773,17518.8866,140,23,1.407072,7,3
761,11,11,0,3989.1963,15410.9815,143,27,0.902087,7,2
762,11,11,0,4521.1879,17750.9397,154,32,1.224856,7,3
763,13,13,0,3469.0925,12655.4627,147,30,1.178964,6,2
764,11,11,0,3111.3445,10516.7224,159,23,1.720417,6,2
765,12,12,0,3276.1347,12255.6733,128,20,1.618471,6,2
766,15,15,0,3908.2023,13416.0116,192,27,2.178044,7,2
767,10,10,0,2586.5200,9362.6000,111,16,1.085339,5,3
768,16,16,0,3604.8254,12319.1272,177,31,2.412595,7,2
769,16,16,0,4060.4884,14582.4419,178,29,4.461022,7,2
770,16,16,0,4045.3730,14811.8649,168,31,3.306153,7,2
771,14,14,0,4464.8859,17159.4294,161,25,0.933209,7,2
772,14,14,0,4114.9258,16079.6288,139,34,1.395352,7,2
773,10,10,0,3701.5773,14292.8866,133,24,1.727889,7,2
774,10,10,0,3641.0219,13795.1093,140,25,1.647305,7,2
775,10,10,0,2820.1834,10220.9168,121,18,0.999753,6,2
776,10,10,0,4103.9406,16159.7028,138,24,0.921781,7,2
777,12,12,0,3693.2167,13216.0836,165,32,1.089327,7,2
778,14,14,0,3223.9603,11764.8014,134,24,2.498247,6,2
779,15,15,0,4137.9219,15884.6096,147,30,1.462339,7,2
780,10,10,0,3427.9717,12474.8586,148,28,1.795848,6,2
781,14,14,0,3369.8901,11839.4505,156,28,2.613422,7,2
782,15,15,0,3617.3253,13051.6263,156,31,2.708471,6,2
783,15,15,0,3641.3407,13811.7035,135,31,2.687249,7,2
784,11,11,0,4213.6819,15578.4093,174,29,1.192486,7,2
785,15,15,0,4066.5168,15042.5842,165,38,1.835953,7,2
786,14,14,0,3849.1263,14285.6317,154,28,1.624791,7,2
787,11,11,0,3736.1258,13695.6291,158,26,0.788350,7,2
788,15,15,0,4316.0555,15650.2775,186,38,2.614193,7,2
789,16,16,0,3650.2906,13446.4528,147,25,2.577226,7,2
790,14,14,0,3747.3406,13716.7031,156,25,0.719131,7,3
791,12,12,0,3735.6301,14513.1506,129,26,2.149533,7,2
792,14,14,0,3834.0153,14750.0765,136,24,2.393421,7,2
793,10,10,0,3896.4467,14772.2335,150,29,1.704030,7,2
794,13,13,0,3736.4750,14607.3748,126,25,1.373919,6,2
795,11,11,0,3820.5480,13912.7400,166,25,0.783330,6,3
796,10,10,0,3546.0426,12505.2129,166,24,0.863566,7,3
797,14,14,0,3818.9197,14204.5983,152,28,1.516171,7,2
798,11,11,0,3034.6240,11193.1202,124,19,1.421241,7,2
799,16,16,0,4074.6092,15478.0458,150,28,1.927003,7,2
800,14,14,0,3670.7308,13993.6538,134,25,4.752216,7,3
801,13,13,0,3423.0780,12750.3900,135,22,1.448266,7,2
802,13,13,0,3374.6219,12238.1097,144,24,1.760552,7,2
803,11,11,0,3243.5795,10527.8977,181,29,1.075784,7,2
804,11,11,0,3967.4403,14512.2013,169,25,1.258653,7,2
805,16,16,0,4078.7011,15313.5056,156,31,3.485381,7,2
806,15,15,0,4071.7791,15658.8954,144,27,4.903023,7,3
807,15,15,0,4216.2712,15931.3561,160,30,1.493754,7,2
808,16,16,0,3759.3029,13321.5143,169,29,1.338842,7,2
809,15,15,0,4200.5109,15892.5547,159,34,2.040644,7,2
810,14,14,0,3897.2248,14276.1238,163,26,0.862715,6,2
811,14,14,0,4165.0224,14755.1119,191,30,0.732266,7,3
812,10,10,0,3338.9408,11889.7040,152,21,1.103717,7,2
813,13,13,0,3817.5224,13782.6118,167,32,1.052550,7,2
814,16,16,0,4187.1602,16185.8010,146,32,2.691407,7,2
815,14,14,0,3501.1280,12460.6398,157,26,1.012520,7,2
816,16,16,0,4404.2675,16496.3375,171,39,2.823106,7,2
817,16,16,0,4197.6472,16223.2362,146,30,1.499644,7,2
818,12,12,0,3159.3435,10831.7176,155,22,0.680782,6,2
819,11,11,0,3593.6863,13318.4315,147,25,0.931911,7,2
820,12,12,0,3110.4675,9647.3375,187,25,3.214479,7,2
821,12,12,0,3876.9199,13824.5996,176,29,1.073440,7,2
822,14,14,0,4365.4672,16052.3362,181,34,2.037397,7,2
823,10,10,0,3807.7884,14463.9420,145,23,0.995396,7,2
824,14,14,0,3549.5587,13107.7936,144,29,3.829931,7,2
825,14,14,0,3858.8402,14194.2011,159,35,2.869244,7,2
826,13,13,0,3983.9478,14709.7389,163,29,3.217431,7,2
827,11,11,0,3820.5268,14592.6342,141,23,1.370904,7,3
828,12,12,0,3491.1577,12510.7885,155,21,1.811301,7,2
829,10,10,0,3205.0430,11660.2152,138,24,1.003235,7,2
830,10,10,0,3530.1965,13635.9824,126,19,0.581099,6,2
831,15,15,0,4098.0722,16115.3609,134,28,2.721358,7,2
832,13,13,0,3453.5761,12802.8807,139,27,3.736722,7,2
833,11,11,0,3573.8155,13219.0776,146,24,0.918472,6,2
834,11,11,0,3414.5278,12307.6392,150,23,2.335522,7,2
835,13,13,0,4199.3338,15696.6692,166,27,0.794507,7,2
836,14,14,0,3882.4161,14377.0807,157,29,1.917186,7,2
837,15,15,0,3797.0009,14175.0046,149,27,2.258820,7,2
838,11,11,0,3352.8826,11964.4129,151,26,2.713835,7,2
839,13,13,0,3769.0810,13470.4048,169,28,3.389171,7,2
840,12,12,0,3593.0295,13300.1475,146,24,1.177333,6,2
841,16,16,0,4008.5406,15012.7029,155,28,1.122970,7,2
842,13,13,0,3774.2312,14801.1558,126,28,1.640127,7,2
843,14,14,0,3462.6070,12398.0348,153,29,3.565119,7,2
844,13,13,0,3767.9784,14214.8919,144,27,0.935331,7,2
845,12,12,0,3375.5516,11762.7582,161,22,1.203981,7,2
846,16,16,0,3851.9379,13319.6896,185,32,1.331613,7,2
847,11,11,0,3206.0027,10720.0134,168,26,0.879341,7,2
848,10,10,0,3202.0234,11620.1171,139,21,0.769955,7,2
849,10,10,0,3729.7413,13928.7064,149,21,0.791298,7,2
850,10,10,0,3573.5247,13272.6235,146,26,1.399604,7,2
851,14,14,0,3492.9552,12774.7762,145,22,2.125194,7,2
852,12,12,0,3197.1718,11685.8592,134,21,1.081598,6,2
853,13,13,0,4363.4304,17247.1521,143,35,1.077829,7,2
854,10,10,0,3249.7935,12013.9675,133,21,0.985907,6,2
855,12,12,0,3502.4129,13012.0647,140,24,1.243450,7,2
856,11,11,0,3287.0683,11350.3413,161,22,1.211987,6,2
857,13,13,0,4149.3773,16161.8866,143,27,1.360508,7,2
858,11,11,0,2797.7667,10353.8336,113,18,0.925278,5,2
859,15,15,0,4582.0701,17215.3507,178,29,3.735878,7,2
860,16,16,0,4183.2549,15756.2745,159,28,1.671935,7,2
861,13,13,0,4373.0951,15950.4756,187,29,3.972572,7,3
862,14,14,0,3821.0862,14155.4311,155,28,1.935554,6,2
863,14,14,0,4335.8795,16684.3975,156,29,1.268482,7,2
864,11,11,0,4330.1306,14965.6528,222,27,1.151342,7,3
865,15,15,0,4248.1805,16645.9026,142,34,2.884201,7,2
866,15,15,0,5399.7942,21318.9711,177,34,2.728819,7,2
867,12,12,0,4053.8625,13884.3127,203,31,4.138536,7,2
868,13,13,0,3708.3907,13461.9533,159,28,1.381044,7,2
869,11,11,0,3849.5730,13232.8651,194,28,1.515978,7,3
870,16,16,0,4070.6471,14798.2354,172,30,2.371533,7,2
871,13,13,0,3899.4946,14992.4732,141,29,1.091030,7,2
872,15,15,0,3800.0662,14055.3311,153,27,1.267853,7,2
873,10,10,0,3461.2519,12571.2594,149,22,0.806898,7,2
874,11,11,0,3632.1931,13745.9654,139,31,2.141549,6,2
875,15,15,0,3994.3860,14321.9298,178,29,1.017726,7,2
876,15,15,0,3848.8169,13959.0845,164,29,2.415005,6,2
877,16,16,0,4230.3245,15256.6225,184,28,0.995637,7,3
878,14,14,0,3561.0994,12225.4972,175,29,2.990215,7,2
879,16,16,0,4091.4489,15057.2443,168,32,4.147091,7,2
880,12,12,0,4028.5594,15807.7972,135,24,0.823231,7,2
881,12,12,0,4378.1034,14365.5171,258,24,0.698253,7,3
882,13,13,0,3529.5986,13397.9932,131,23,0.902852,7,2
883,10,10,0,3695.3267,13716.6337,151,25,0.892634,7,3
884,16,16,0,4014.1671,15345.8354,145,30,4.250122,7,2
885,12,12,0,4165.0618,15830.3090,157,24,0.902114,7,2
886,12,12,0,3645.6439,13623.2195,144,23,2.615216,7,2
887,15,15,0,3523.2983,12511.4916,158,29,0.999560,6,2
888,14,14,0,4454.1142,17615.5709,144,27,2.570519,7,2
889,13,13,0,3747.3889,13336.9446,170,29,1.823842,7,2
890,10,10,0,4104.5805,15747.9023,152,24,1.076164,7,2
891,16,16,0,4789.9328,18634.6642,165,33,4.335500,7,2
892,15,15,0,4059.2217,15316.1085,154,32,1.417579,7,2
893,11,11,0,3457.5616,12402.8082,154,25,2.472954,6,2
894,10,10,0,4010.2757,14556.3784,175,25,0.850095,7,2
895,15,15,0,4429.1263,16945.6313,161,34,0.891880,7,2
896,11,11,0,3530.2295,12971.1473,148,23,0.994611,7,2
897,12,12,0,3796.5190,14397.5951,144,27,1.420705,7,2
898,14,14,0,3935.0744,14420.3719,164,28,0.940641,7,2
899,15,15,0,4045.8139,15294.0697,152,29,4.311883,7,2
900,14,14,0,3636.3697,13181.8487,156,27,2.012426,7,2
901,15,15,0,4419.8277,17139.1387,153,37,1.213901,7,2
902,16,16,0,4178.8461,16034.2304,150,32,3.384021,7,2
903,12,12,0,3287.8656,11754.3281,145,22,3.492635,6,2
904,15,15,0,4198.5501,15397.7505,175,32,1.687787,7,2
905,12,12,0,3763.2164,14356.0819,141,31,0.770577,6,2
906,15,15,0,3956.0008,14940.0039,150,32,4.328313,7,2
907,13,13,0,4390.9466,16874.7330,161,44,3.011583,7,2
908,14,14,0,2982.5904,10757.9522,127,21,1.571359,5,2
909,10,10,0,3407.7420,12338.7100,149,22,0.843344,7,2
910,14,14,0,4161.5348,15172.6741,177,34,1.386914,7,2
911,16,16,0,4064.2211,15226.1055,158,36,1.354951,7,2
912,11,11,0,3987.7392,15048.6961,154,25,1.146724,7,2
913,16,16,0,3878.0564,14335.2820,156,35,2.254479,7,2
914,10,10,0,3161.2547,10766.2736,160,22,0.994818,7,2
915,10,10,0,2689.5131,8867.5655,145,22,0.782660,5,2
916,16,16,0,4657.9252,18344.6259,153,38,2.843571,7,2
917,16,16,0,4382.0400,16455.1998,168,29,1.717591,7,2
918,16,16,0,4483.5262,17277.6310,159,36,5.209795,7,2
919,15,15,0,3964.2648,15681.3241,126,25,1.061854,7,2
920,10,10,0,3411.6669,13178.3346,122,23,0.976068,6,2
921,16,16,0,4474.7752,17113.8760,163,29,1.941716,7,2
922,16,16,0,4390.4773,16757.3866,160,34,2.980541,7,2
923,12,12,0,3592.3365,13386.6826,143,24,0.827265,7,2
924,15,15,0,3528.0926,12840.4630,148,28,1.182144,7,2
925,13,13,0,4039.9234,15299.6171,152,26,0.715602,7,3
926,15,15,0,4618.0367,17595.1836,171,31,1.237682,7,3
927,12,12,0,3508.4695,12727.3474,151,23,2.804854,7,2
928,12,12,0,4020.2151,15016.0756,161,34,1.660895,7,2
929,11,11,0,3630.0307,13410.1535,150,25,1.100622,7,2
930,16,16,0,4660.6784,17268.3922,189,34,2.486934,7,2
931,12,12,0,4352.4659,16482.3293,166,26,2.293312,7,2
932,11,11,0,3149.0023,11150.0116,144,20,1.668539,7,2
933,11,11,0,4238.7465,15658.7323,176,30,1.188155,7,2
934,14,14,0,4534.2060,17321.0302,169,46,4.653241,7,2
935,16,16,0,3451.6092,12518.0462,145,31,4.167616,7,2
936,13,13,0,4121.2072,15666.0358,155,28,1.025139,7,2
937,12,12,0,3645.8759,13639.3794,144,24,1.720731,7,2
938,11,11,0,3040.3179,10726.5893,141,23,1.082771,7,2
939,10,10,0,3342.0099,12110.0493,146,22,1.051623,7,3
940,12,12,0,2940.0016,10145.0079,142,22,0.883685,7,3
941,16,16,0,3965.0763,14810.3815,155,28,2.078167,7,2
942,11,11,0,3635.1537,12965.7684,165,25,0.858242,7,2
943,13,13,0,3857.2642,14336.3208,155,27,2.054309,7,2
944,11,11,0,3308.0345,12090.1726,140,22,1.762279,7,2
945,14,14,0,4183.9190,15814.5948,159,27,2.490347,7,2
946,11,11,0,3840.1298,14630.6488,144,28,2.018164,7,2
947,15,15,0,3538.3657,12221.8285,170,29,3.233305,5,3
948,14,14,0,3815.4587,13597.2935,172,42,1.217690,7,2
949,15,15,0,3626.9780,12879.8898,163,25,2.215927,7,2
950,15,15,0,4672.5133,17662.5663,179,30,0.750108,7,3
951,15,15,0,4276.0458,15570.2288,181,28,1.068085,7,2
952,13,13,0,3755.0526,13960.2630,150,27,1.717057,7,2
953,11,11,0,4110.1276,16145.6378,139,28,0.872678,7,2
954,15,15,0,4015.2977,14521.4887,173,33,1.043962,7,2
955,14,14,0,3814.5111,14602.5554,138,27,3.074671,6,2
956,12,12,0,4141.0229,15295.1143,171,25,1.051421,7,3
957,14,14,0,3863.8641,14924.3207,136,29,2.304494,6,2
958,10,10,0,4252.1178,16295.5889,157,22,0.534309,7,4
959,15,15,0,4268.2477,16406.2387,153,30,1.499787,7,2
960,11,11,0,3731.4814,13687.4070,157,24,1.997252,7,2
961,11,11,0,4183.5920,16357.9600,143,22,0.651975,7,3
962,15,15,0,3918.3124,15306.5619,131,27,2.454767,7,2
963,13,13,0,3900.8763,14859.3816,144,27,1.190042,7,2
964,15,15,0,4234.9255,15644.6277,173,30,1.043658,7,2
965,14,14,0,3497.9659,12979.8294,139,29,1.825576,6,2
966,16,16,0,4232.3705,16096.8525,156,29,2.607375,7,2
967,13,13,0,3725.8291,13854.1455,149,30,2.134141,7,2
968,16,16,0,4440.9549,16969.7745,162,35,3.500957,7,2
969,15,15,0,4175.5070,15452.5351,169,29,3.478222,7,2
970,13,13,0,3203.6876,10608.4380,170,27,0.714888,7,2
971,14,14,0,3553.2679,13461.3393,132,22,1.694258,7,2
972,15,15,0,3626.7383,12468.6914,177,29,3.335690,7,2
973,12,12,0,3337.1447,11595.7233,160,24,1.280957,7,2
974,12,12,0,4641.2776,16191.3879,240,25,0.797922,7,2
975,14,14,0,3756.9124,14144.5619,144,26,0.791954,7,2
976,14,14,0,3750.4233,14092.1166,144,26,1.007578,7,2
977,11,11,0,3334.2540,11736.2701,156,25,1.311811,7,2
978,15,15,0,4119.7063,15783.5316,149,34,0.982607,7,2
979,11,11,0,3737.3239,13676.6193,158,26,1.799313,7,2
980,13,13,0,3705.3610,13646.8049,152,29,0.862435,7,2
981,16,16,0,4916.8794,16434.3972,278,37,4.715728,7,2
982,14,14,0,3321.7105,11448.5526,160,25,1.111053,6,2
983,13,13,0,4257.2423,16381.2116,153,29,0.804258,7,3
984,12,12,0,3351.4319,12097.1595,146,26,0.872246,7,2
985,14,14,0,3732.1854,13950.9270,145,24,3.583637,7,2
986,13,13,0,3951.7498,14538.7492,163,32,1.384778,7,2
987,16,16,0,4633.3893,17961.9467,161,37,3.457152,7,2
988,11,11,0,2960.9211,9469.6053,169,31,0.865340,6,2
989,12,12,0,4422.2005,17086.0026,158,32,1.104682,7,2
990,13,13,0,4184.8698,15909.3489,158,27,2.805051,7,2
991,12,12,0,4235.2839,15586.4193,179,41,0.923074,7,2
992,15,15,0,4122.3125,15076.5625,173,29,1.264681,7,3
993,15,15,0,3405.3346,12381.6729,143,25,1.855135,7,2
994,12,12,0,3237.1859,11130.9297,159,21,0.783456,7,3
995,16,16,0,4236.8695,16489.3476,144,28,2.280651,7,3
996,14,14,0,4116.3883,15871.9413,146,30,2.959431,7,2
997,14,14,0,3668.2496,12926.2482,169,24,0.789204,7,2
998,13,13,0,4183.3525,16181.7627,148,27,1.093830,7,2
999,12,12,0,3319.8318,12044.1588,143,26,1.172942,6,2
1000,11,11,0,3440.9389,12539.6947,147,24,1.339625,7,2
1001,10,10,0,3639.4093,13787.0465,139,27,0.889653,7,2
1002,12,12,0,4323.9062,15819.5312,184,31,0.943497,7,2
1003,10,10,0,3529.1923,13395.9617,134,25,0.896930,6,2
1004,13,13,0,3928.0060,13320.0302,200,34,1.566070,7,2
1005,14,14,0,3775.9042,13739.5212,160,27,2.186106,7,2
1006,12,12,0,3331.9287,11839.6436,151,25,1.131840,7,2
1007,11,11,0,3507.7887,12368.9434,164,25,1.538315,7,3
1008,13,13,0,4051.7299,15078.6497,162,32,1.802903,7,2
1009,14,14,0,4160.8888,16139.4439,145,28,1.879527,7,2
1010,15,15,0,3700.3374,13311.6868,161,26,1.757504,7,2
1011,11,11,0,3678.5549,13512.7747,154,24,1.818514,7,2
1012,14,14,0,4383.8025,16979.0125,153,31,1.032067,7,2
1013,15,15,0,4403.2619,16591.3096,169,32,1.526133,7,2
1014,16,16,0,3852.2720,14471.3599,148,34,1.834663,7,2
1015,11,11,0,4155.5235,16297.6174,141,23,0.676971,7,2
1016,15,15,0,3786.5678,13467.8390,170,29,1.659615,7,2
1017,12,12,0,3608.0142,13445.0711,144,28,0.851286,7,2
1018,13,13,0,3966.8557,14514.2787,167,33,1.421462,7,3
1019,12,12,0,3173.5949,11202.9744,146,23,1.124644,6,2
1020,12,12,0,4041.1023,15685.5115,141,22,0.692220,7,3
1021,12,12,0,4910.0876,19585.4378,157,33,0.690780,7,4
1022,14,14,0,3906.9821,13839.9103,179,30,2.204631,7,2
1023,13,13,0,4072.4181,15942.0903,138,32,1.101434,7,2
1024,11,11,0,3799.6320,14603.1602,139,23,0.622282,7,2
1025,13,13,0,4081.1895,16085.9473,134,28,1.999879,7,2
1026,14,14,0,3934.2605,14441.3024,164,29,1.033400,7,2
1027,16,16,0,3508.0789,12880.3944,143,27,1.983033,7,2
1028,12,12,0,3656.5666,13242.8332,158,27,3.534520,7,2
1029,14,14,0,4310.6587,16578.2935,154,29,0.736907,7,3
1030,15,15,0,4463.2398,16541.1990,180,34,2.231125,7,2
1031,15,15,0,4137.6848,15188.4242,171,32,2.210751,7,2
1032,11,11,0,3503.5767,12887.8833,146,25,1.306358,7,2
1033,15,15,0,3566.5000,12802.5002,155,30,1.023591,7,2
1034,16,16,0,3957.2090,14506.0451,163,26,0.935496,7,2
1035,14,14,0,3845.0081,13980.0404,164,27,1.489761,7,3
1036,14,14,0,4991.6545,19163.2723,183,34,1.820285,7,2
1037,14,14,0,3748.4534,13462.2671,165,26,1.314414,7,3
1038,11,11,0,3384.1642,12075.8209,153,24,0.708926,7,2
1039,12,12,0,3990.6187,14688.0937,167,29,0.915451,7,2
1040,16,16,0,5079.4526,20312.2628,157,33,1.882226,7,2
1041,10,10,0,3763.4110,13107.0549,183,25,1.525617,7,2
1042,14,14,0,3930.6663,14708.3316,154,30,3.432418,7,2
1043,13,13,0,3315.5269,11827.6343,148,31,1.560655,7,2
1044,12,12,0,2741.7945,9763.9726,122,19,2.876955,5,2
1045,11,11,0,3604.2375,13251.1877,150,24,0.871450,7,2
1046,15,15,0,4711.5634,18257.8171,165,34,1.398381,7,2
1047,12,12,0,4220.6952,15983.4760,161,28,1.485113,7,2
1048,12,12,0,3243.2892,11876.4459,135,21,3.041516,7,3
1049,13,13,0,3692.6927,13593.4635,152,26,1.311022,7,2
1050,15,15,0,3709.0285,13335.1427,162,26,1.207760,7,2
1051,14,14,0,3808.2795,14226.3973,149,26,0.926383,7,3
1052,10,10,0,4801.8370,16134.1849,275,23,0.942376,7,3
1053,14,14,0,3829.8160,14089.0800,157,25,1.914625,6,2
1054,10,10,0,2977.5643,10597.8213,135,21,0.886520,6,2
1055,15,15,0,4630.6453,17603.2264,173,30,2.881738,7,2
1056,10,10,0,3636.7380,13363.6902,153,27,1.284892,7,2
1057,14,14,0,4029.3432,15196.7160,154,27,2.538298,7,2
1058,10,10,0,2653.8439,9494.2195,118,18,1.480171,6,2
1059,12,12,0,4182.2706,15941.3528,156,25,0.880740,7,2
1060,13,13,0,4153.9070,15744.5349,158,32,2.568285,7,2
1061,10,10,0,3454.0767,12530.3836,151,23,0.821922,7,2
1062,15,15,0,3451.2701,12511.3504,146,25,2.396471,6,2
1063,12,12,0,3366.1372,11985.6862,152,22,1.799032,6,2
1064,16,16,0,4115.9899,15214.9495,166,32,1.350421,7,2
1065,13,13,0,3967.1823,14485.9115,168,28,0.882259,7,2
1066,12,12,0,3538.7942,13178.9710,141,25,2.542762,7,2
1067,13,13,0,4087.8733,15829.3665,144,27,2.432408,7,2
1068,11,11,0,3892.4615,14907.3074,144,33,1.656528,7,2
1069,14,14,0,3709.2083,13786.0416,147,28,3.769235,7,2
1070,13,13,0,3938.9701,14799.8503,153,25,1.248406,7,2
1071,14,14,0,3884.6228,14183.1140,164,28,2.392995,6,2
1072,15,15,0,4557.1034,17590.5169,161,33,2.632163,7,3
1073,11,11,0,3256.4437,11887.2183,138,24,1.889953,6,2
1074,10,10,0,3664.0001,13555.0007,151,29,1.239996,7,2
1075,10,10,0,3198.9856,11634.9280,138,20,2.242738,7,2
1076,14,14,0,4216.8800,16629.3998,137,29,2.289012,7,2
1077,11,11,0,4381.7653,17398.8263,142,28,1.115407,7,2
1078,15,15,0,4910.3290,16036.6448,290,26,2.438758,7,3
1079,16,16,0,3807.6559,14293.2793,145,28,3.819696,7,2
1080,16,16,0,3944.9560,14564.7798,160,26,0.639887,7,3
1081,10,10,0,3461.9103,12329.5514,158,25,0.989735,7,2
1082,14,14,0,3950.9161,13739.5805,190,31,3.162882,7,2
1083,13,13,0,3843.5340,14132.6701,159,21,1.476934,7,2
1084,16,16,0,4068.0234,14885.1169,169,28,1.681845,7,3
1085,13,13,0,4224.5803,15027.9014,193,38,4.891481,7,2
1086,13,13,0,4067.4794,15242.3971,159,26,0.833192,7,2
1087,10,10,0,2998.5873,10597.9367,139,20,1.220497,7,2
1088,14,14,0,4031.4351,14617.1756,173,30,2.832696,7,2
1089,12,12,0,3263.3831,11636.9154,147,21,1.277611,7,2
1090,10,10,0,3840.1886,14450.9432,151,23,0.711916,7,2
1091,12,12,0,4621.2415,18331.2073,150,25,1.614336,7,2
1092,15,15,0,4522.9201,17834.6004,148,30,2.774883,7,2
1093,14,14,0,3871.0570,14925.2851,137,25,1.557159,7,2
1094,16,16,0,2891.1554,10820.7768,109,20,0.920970,7,2
1095,13,13,0,3839.3890,14506.9452,146,24,1.534578,7,2
1096,15,15,0,4655.4564,17967.2820,166,38,1.738149,7,2
1097,10,10,0,3167.7373,11288.6866,144,22,0.896255,7,2
1098,14,14,0,3577.6125,12843.0627,157,31,1.236521,6,2
1099,16,16,0,3620.4651,13717.3253,134,29,5.580356,7,2
1100,12,12,0,3622.7707,13773.8534,136,25,2.275345,7,2
1101,14,14,0,3573.9769,13159.8844,146,25,2.366921,7,2
1102,14,14,0,3715.9113,14254.5567,133,24,3.222288,7,2
1103,12,12,0,3828.7296,14223.6479,154,30,1.088396,7,2
1104,11,11,0,3122.3508,11351.7539,133,20,0.758506,6,2
1105,16,16,0,4022.3320,14831.6598,164,33,2.554261,7,2
1106,13,13,0,3913.7416,15523.7081,125,28,3.152773,7,2
1107,16,16,0,4035.4628,15257.3141,151,25,1.057608,7,2
1108,16,16,0,4053.3833,15371.9164,151,31,1.446545,7,2
1109,16,16,0,4918.1069,18895.5345,177,38,1.468419,7,2
1110,11,11,0,3306.6056,11838.0279,147,22,0.789365,7,2
1111,11,11,0,3963.3169,15226.5843,144,29,1.311693,7,2
1112,13,13,0,4075.3375,15531.6877,151,25,0.745889,7,2
1113,11,11,0,3900.3764,14871.8818,145,26,0.948582,7,2
1114,12,12,0,3415.9971,11684.9853,170,25,2.501097,7,2
1115,12,12,0,3896.4566,14932.2831,142,26,0.941077,7,2
1116,16,16,0,4298.0340,15310.1702,192,28,0.939139,7,2
1117,16,16,0,3695.6452,13438.2260,155,38,2.268940,7,2
1118,11,11,0,3211.7567,11373.7836,148,28,0.758895,7,2
1119,13,13,0,3664.4089,13812.0447,140,28,2.764708,7,2
1120,11,11,0,3501.5709,12987.8546,142,28,1.646915,6,2
1121,15,15,0,3700.5163,13182.5816,165,30,1.254320,7,2
1122,13,13,0,3689.4761,12672.3804,181,25,0.655903,7,2
1123,10,10,0,4050.4139,14902.0694,170,30,0.808241,7,2
1124,12,12,0,3690.9423,13094.7116,169,27,1.154695,7,2
1125,12,12,0,4192.5044,15547.5218,171,31,1.344908,7,2
1126,11,11,0,3067.0419,10995.2097,136,24,3.462659,6,2
1127,15,15,0,3776.6432,13953.2159,152,25,2.085095,7,2
1128,16,16,0,3846.8890,14384.4450,149,28,1.658401,7,2
1129,13,13,0,4334.1787,16310.8935,168,28,1.288729,7,2
1130,16,16,0,4093.0311,15790.1554,144,35,3.317135,7,2
1131,13,13,0,3886.2240,14686.1199,147,27,3.162028,6,2
1132,13,13,0,4211.5943,15537.9714,174,32,0.949889,7,4
1133,16,16,0,4790.6815,18323.4077,175,36,5.218126,7,2
1134,11,11,0,3440.1436,13055.7179,130,22,0.775632,6,2
1135,10,10,0,3113.4867,10787.4333,151,19,0.945055,7,2
1136,14,14,0,3600.1433,13640.7164,134,23,3.483202,7,2
1137,16,16,0,4074.6677,14493.3384,183,33,3.896672,7,2
1138,16,16,0,4278.4422,15892.2111,171,31,1.536759,7,2
1139,16,16,0,3654.9653,13239.8263,155,29,2.849951,7,2
1140,15,15,0,3820.8398,14639.1989,138,33,2.378167,7,2
1141,13,13,0,3966.7825,14768.9123,158,28,0.986459,7,3
1142,11,11,0,3123.7814,10963.9069,147,22,0.801582,7,2
1143,12,12,0,3556.6170,13193.0848,143,26,1.065923,7,2
1144,11,11,0,4159.9572,15724.7860,161,35,1.027422,7,2
1145,16,16,0,3489.1019,12370.5094,157,27,3.747250,7,2
1146,12,12,0,3960.2429,14416.2145,170,29,3.966152,7,2
1147,13,13,0,4016.5947,13567.9736,207,45,4.052058,7,2
1148,13,13,0,3839.2468,13981.2339,163,25,1.126900,7,2
1149,11,11,0,3662.2188,13601.0941,148,25,1.537387,7,2
1150,14,14,0,3497.5305,12522.6526,154,27,3.146696,7,2
1151,16,16,0,3865.1657,14680.8283,143,24,1.638026,7,2
1152,11,11,0,3324.2827,12011.4137,145,21,0.756747,7,3
1153,10,10,0,3478.5287,12647.6434,150,21,0.925021,7,2
1154,12,12,0,3485.5890,12582.9449,152,22,1.993005,7,3
1155,12,12,0,4140.1523,15745.7615,156,28,0.891033,7,2
1156,10,10,0,4406.1807,17475.9034,144,24,0.742496,7,3
1157,16,16,0,3649.1486,13455.7429,147,23,1.707575,7,2
1158,13,13,0,3795.7629,13508.8146,172,29,0.928006,7,3
1159,12,12,0,3814.4745,14157.3727,154,27,0.915148,7,2
1160,10,10,0,3760.1511,14125.7556,148,25,1.184314,7,3
1161,16,16,0,4553.3966,17416.9829,166,34,5.648078,7,2
1162,10,10,0,3458.5350,12937.6748,137,23,0.947187,7,2
1163,15,15,0,3887.4016,14472.0078,153,32,3.613608,6,2
1164,14,14,0,3924.3655,14676.8275,154,28,1.337289,7,2
1165,14,14,0,3464.8128,12304.0640,156,25,1.384606,7,2
1166,11,11,0,3820.4974,14392.4871,149,23,0.926919,7,2
1167,13,13,0,4072.2547,15681.2735,146,29,1.465251,7,2
1168,15,15,0,3612.2309,13166.1547,151,26,1.368576,6,2
1169,15,15,0,4027.2207,14791.1033,167,30,1.456270,7,2
1170,10,10,0,3011.4894,10647.4470,139,20,0.842535,7,2
1171,10,10,0,3616.0639,13285.3193,152,26,0.702072,7,2
1172,13,13,0,3440.0583,11840.2914,168,30,1.205300,7,2
1173,16,16,0,4172.1228,14875.6138,186,30,1.546037,7,3
1174,11,11,0,3576.7112,13153.5562,149,22,1.285153,7,2
1175,10,10,0,3583.4694,12862.3470,161,28,1.277880,7,2
1176,14,14,0,3677.7704,13523.8521,151,30,2.315822,7,3
1177,15,15,0,4155.5711,15192.8554,175,32,3.879289,7,2
1178,16,16,0,3432.0432,12515.2160,142,25,1.529344,7,2
1179,14,14,0,4122.1883,14665.9416,189,43,2.007084,6,3
1180,10,10,0,4053.9841,15559.9205,149,23,0.682640,7,3
1181,12,12,0,4013.4111,14252.0554,185,26,0.915186,7,2
1182,11,11,0,3733.3600,13456.8002,165,25,0.701676,7,4
1183,16,16,0,4225.7490,16203.7451,152,32,4.698821,7,2
1184,11,11,0,3561.1329,12810.6646,158,24,0.807833,7,3
1185,12,12,0,3745.6361,14393.1805,135,27,1.479106,7,2
1186,10,10,0,3245.2309,11856.1545,138,22,1.058348,6,2
1187,14,14,0,4265.5575,16242.7874,159,34,1.729435,7,2
1188,14,14,0,3912.3683,14556.8415,156,30,3.003629,7,2
1189,15,15,0,3867.7865,14343.9325,156,27,0.959192,6,2
1190,10,10,0,3469.1799,12840.8995,142,21,0.784822,7,2
1191,13,13,0,3956.7885,14198.9424,176,31,1.396667,7,3
1192,10,10,0,3901.3653,14711.8267,152,25,1.111736,7,2
1193,16,16,0,3922.5825,14267.9123,165,31,3.238083,7,2
1194,16,16,0,3840.6532,14238.2662,153,32,3.455041,7,2
1195,10,10,0,4031.0193,15195.0964,158,29,0.928244,7,2
1196,13,13,0,3801.9929,14559.9644,138,23,0.750497,7,2
1197,14,14,0,3870.2826,14616.4129,147,29,3.547183,7,2
1198,15,15,0,3540.8189,12949.0943,146,26,3.964737,6,2
1199,12,12,0,3481.5979,12192.9895,164,24,2.389917,7,2
1200,13,13,0,4638.1058,18640.5289,142,33,1.767143,7,2
1201,15,15,0,3844.5955,14057.9777,160,26,2.549982,7,2
1202,16,16,0,4073.2843,14996.4216,166,37,4.747017,7,2
1203,10,10,0,3482.5477,12977.7385,140,23,0.870948,7,2
1204,16,16,0,4166.9830,15194.9149,175,31,1.347352,7,2
1205,11,11,0,2906.0932,9630.4659,155,21,0.653993,7,2
1206,12,12,0,3766.4869,14017.4346,151,26,1.396688,7,2
1207,15,15,0,3631.9699,13424.8494,146,26,2.162104,6,2
1208,16,16,0,3946.6946,13943.4732,181,31,0.895452,7,3
1209,12,12,0,4975.2273,18421.1366,206,40,0.998464,7,3
1210,10,10,0,3836.4863,14527.4314,148,26,1.469260,7,2
1211,12,12,0,3730.3496,14101.7481,142,28,1.428979,6,2
1212,16,16,0,4370.6239,16753.1194,157,30,1.896556,7,2
1213,11,11,0,3252.1135,11990.5677,134,25,1.810367,6,2
1214,11,11,0,3814.5109,14492.5547,144,28,0.999265,7,2
1215,10,10,0,3542.7027,13538.5133,131,23,0.833187,7,2
1216,14,14,0,3564.9415,12524.7076,166,27,2.943757,7,2
1217,16,16,0,4221.2486,16231.2428,150,31,1.756280,7,2
1218,12,12,0,3942.9718,15094.8589,145,23,0.650559,7,2
1219,13,13,0,4286.8671,15684.3354,182,28,2.383358,7,3
1220,14,14,0,3581.0121,12620.0603,165,30,2.069045,7,2
1221,14,14,0,4147.3158,16216.5790,140,31,1.465851,7,2
1222,16,16,0,4107.4285,15602.1425,152,25,2.886267,7,2
1223,10,10,0,3644.9205,13639.6026,145,22,0.664428,7,2
1224,14,14,0,4138.0922,15530.4608,161,30,3.346240,7,2
1225,16,16,0,4540.3349,16846.6747,183,35,2.004546,7,2
1226,14,14,0,3539.0926,12415.4630,165,28,2.643678,6,2
1227,13,13,0,4126.5659,15557.8296,159,27,1.126236,7,2
1228,14,14,0,3844.8320,14104.1600,159,27,1.750804,7,3
1229,13,13,0,4155.8222,16199.1108,143,30,1.403805,7,2
1230,14,14,0,3360.2594,11721.2970,158,21,1.082472,6,2
1231,15,15,0,4054.7492,15518.7461,147,30,2.698690,7,2
1232,11,11,0,3186.1297,11675.6486,133,20,0.693039,7,2
1233,11,11,0,4190.4356,15222.1782,183,35,1.382920,7,2
1234,13,13,0,4123.0945,15405.4725,164,28,0.859682,6,3
1235,10,10,0,3854.9694,14724.8469,144,28,0.907654,7,2
1236,14,14,0,4064.8746,15144.3729,162,28,1.506644,7,2
1237,16,16,0,4342.1731,15840.8656,184,35,3.219834,7,2
1238,13,13,0,4276.0607,16635.3034,148,26,1.525527,7,3
1239,10,10,0,3562.4722,13422.3608,139,26,0.928457,7,2
1240,14,14,0,3653.3957,13526.9783,147,25,1.217606,7,2
1241,13,13,0,4012.1709,15380.8543,146,29,4.081484,6,2
1242,11,11,0,3903.5123,14662.5617,153,28,1.051621,7,2
1243,14,14,0,3611.9551,13049.7756,156,28,1.847240,7,2
1244,12,12,0,3124.6563,10743.2817,153,24,0.967319,6,2
1245,14,14,0,3514.5110,12952.5550,143,27,2.487491,7,2
1246,10,10,0,3122.2621,10751.3104,154,20,1.779800,7,3
1247,16,16,0,3752.0382,14595.1910,126,28,2.168229,7,2
1248,10,10,0,4119.1143,15440.5713,164,28,1.310904,7,2
1249,13,13,0,4337.0594,16665.2968,157,31,3.372253,7,2
1250,10,10,0,3537.4901,12857.4504,153,25,0.824661,7,2
1251,14,14,0,3731.2765,14096.3823,141,27,0.861256,6,2
1252,13,13,0,3948.6986,15058.4928,146,27,0.811222,6,2
1253,14,14,0,3253.7619,11468.8097,149,24,0.861808,6,3
1254,15,15,0,3431.6608,10838.3038,198,28,1.901783,6,2
1255,10,10,0,3143.6234,10648.1168,161,23,2.043478,7,2
1256,12,12,0,3568.6565,13153.2823,147,22,0.794150,7,3
1257,14,14,0,3919.7596,15388.7978,129,27,1.963007,7,2
1258,10,10,0,2630.1010,9575.5048,112,19,1.311872,5,2
1259,11,11,0,3464.9119,12714.5597,145,23,0.825792,7,2
1260,14,14,0,3880.0731,14340.3653,158,33,1.923038,7,2
1261,13,13,0,3611.6638,12788.3190,165,33,3.877608,7,2
1262,11,11,0,3594.7602,13388.8009,144,24,0.948773,7,2
1263,14,14,0,4624.0092,17715.0462,169,30,1.276394,7,2
1264,14,14,0,3931.8927,15224.4634,137,30,2.728253,7,2
1265,10,10,0,3559.3496,12246.7482,177,25,1.684673,7,2
1266,14,14,0,3758.9658,14189.8291,142,28,1.032808,7,2
1267,16,16,0,3656.0811,13320.4056,153,27,0.910334,7,2
1268,15,15,0,4560.3009,18181.5047,142,34,1.727488,7,2
1269,15,15,0,3661.3331,13486.6656,148,26,1.761733,7,2
1270,12,12,0,3965.4764,15337.3819,140,26,0.786449,7,2
1271,13,13,0,4107.9980,16139.9900,137,24,1.436905,7,2
1272,10,10,0,3209.7680,11483.8399,144,21,0.676504,7,2
1273,12,12,0,3494.0104,13065.0521,137,24,1.826305,7,2
1274,10,10,0,3734.3155,14121.5775,144,26,0.844361,7,3
1275,13,13,0,3295.4482,11747.2409,148,28,1.502949,6,2
1276,14,14,0,3169.5418,11617.7091,130,25,1.341163,6,2
1277,13,13,0,3665.0623,13900.3114,137,25,0.958132,6,2
1278,10,10,0,3063.2563,10721.2814,145,20,0.686096,6,2
1279,11,11,0,3422.8386,12949.1930,130,20,1.088608,6,2
1280,16,16,0,4476.2508,17231.2541,159,33,1.382325,7,2
1281,14,14,0,4002.5675,14447.8374,174,30,1.548021,7,2
1282,16,16,0,4450.4962,16992.4809,163,34,1.360536,7,2
1283,10,10,0,3652.4702,13807.3512,141,23,0.877517,7,3
1284,10,10,0,3307.9294,12334.6472,132,24,1.823918,7,3
1285,15,15,0,3979.0055,15260.0274,143,30,1.314704,7,2
1286,13,13,0,4660.2876,18341.4378,155,30,2.940479,7,2
1287,13,13,0,5501.3908,19096.9540,291,33,1.223086,7,2
1288,16,16,0,3855.9912,14939.9560,132,24,2.227452,7,2
1289,13,13,0,4478.9860,17144.9298,165,30,1.934138,7,2
1290,12,12,0,3617.7831,13523.9154,144,23,0.949530,6,2
1291,14,14,0,4172.7072,15383.5362,177,30,1.780178,7,2
1292,11,11,0,3519.7753,12773.8767,152,23,2.374826,7,2
1293,10,10,0,3882.5514,15307.7570,129,21,0.880417,7,3
1294,10,10,0,3976.8321,15009.1607,155,24,1.094371,7,2
1295,14,14,0,4258.1768,16135.8839,161,32,0.952974,7,2
1296,14,14,0,4027.0542,14775.2709,167,32,4.416478,7,2
1297,12,12,0,3367.2391,12526.1957,134,24,0.760727,6,2
1298,14,14,0,4201.2979,15901.4896,159,32,2.111066,7,2
1299,12,12,0,3726.0581,13925.2903,147,23,0.793902,7,2
1300,16,16,0,4612.0199,18025.0993,155,33,2.743197,7,2
1301,10,10,0,3295.1608,12210.8039,135,25,1.012686,7,2
1302,13,13,0,4097.6823,14953.4115,174,25,2.721843,7,3
1303,14,14,0,3961.0659,14155.3295,177,27,4.837275,7,3
1304,13,13,0,3571.6591,13073.2953,149,24,1.306006,7,2
1305,12,12,0,3159.3594,11136.7968,146,26,0.957465,7,2
1306,14,14,0,3659.3451,13606.7253,145,27,2.017624,7,2
1307,12,12,0,3351.3148,12711.5740,126,25,1.644088,7,2
1308,14,14,0,3290.2806,11166.4032,165,26,2.573715,7,2
1309,16,16,0,3917.6753,14648.3763,152,33,1.365652,7,3
1310,10,10,0,3893.1504,14885.7519,146,21,0.746178,7,2
1311,11,11,0,3313.0533,12200.2663,138,28,6.662818,6,2
1312,11,11,0,4934.3983,19731.9916,157,30,0.906710,7,2
1313,15,15,0,3813.6461,14448.2304,142,28,0.948372,7,2
1314,15,15,0,4113.3519,15121.7595,170,28,1.055769,7,2
1315,11,11,0,3352.8035,12849.0175,122,20,0.846480,6,2
1316,12,12,0,3906.2317,15016.1586,142,25,2.813561,7,2
1317,16,16,0,4019.0182,14815.0912,163,27,3.356203,7,2
1318,14,14,0,4133.1444,15175.7218,173,34,4.331330,7,3
1319,13,13,0,4082.6982,14213.4912,196,42,8.816011,7,2
1320,11,11,0,3719.4389,13402.1945,165,23,1.394839,7,2
1321,14,14,0,3513.9805,12874.9026,146,27,1.480447,7,2
1322,13,13,0,3936.8861,13929.4307,182,31,1.368375,7,2
1323,15,15,0,3792.6956,14178.4778,147,29,1.624386,7,2
1324,16,16,0,4592.9248,17549.6241,168,29,1.821720,7,3
1325,14,14,0,3693.8209,13459.1046,156,27,1.009058,7,2
1326,10,10,0,3954.2172,14661.0859,162,27,1.415373,7,2
1327,16,16,0,4219.4820,15812.4100,164,34,2.130370,7,2
1328,11,11,0,3364.6892,12718.4462,129,25,2.200040,7,2
1329,11,11,0,3615.5997,13472.9984,145,23,2.082657,7,2
1330,12,12,0,3968.9596,15449.7982,137,24,0.822255,7,2
1331,11,11,0,4416.1311,17160.6554,156,33,0.975651,7,2
1332,13,13,0,3566.4100,12627.0499,163,24,1.127665,7,2
1333,13,13,0,4149.2684,15601.3419,161,28,2.813344,7,2
1334,14,14,0,3778.3417,13731.7083,161,28,0.794189,7,2
1335,10,10,0,3515.3731,12421.8655,164,24,2.837121,5,2
1336,16,16,0,4285.0256,16415.1278,155,32,3.880162,7,2
1337,15,15,0,4565.9230,17334.6148,171,42,1.530759,7,2
1338,10,10,0,3156.4969,11052.4843,149,23,0.882580,7,2
1339,11,11,0,3768.4406,13607.2028,166,29,0.738279,7,3
1340,14,14,0,3593.4733,13207.3664,147,23,1.810989,7,3
1341,13,13,0,4314.2160,16276.0799,166,30,0.876406,7,3
1342,11,11,0,3194.1761,11565.8807,138,20,1.375554,7,2
1343,16,16,0,4210.3118,15356.5589,177,35,3.329581,7,2
1344,10,10,0,3665.1101,13600.5505,150,24,0.737293,7,2
1345,14,14,0,4013.4288,15527.1442,140,31,2.647031,7,2
1346,11,11,0,4052.3861,15416.9305,153,29,2.943616,7,2
1347,10,10,0,3198.0919,11615.4597,138,23,1.104145,7,2
1348,14,14,0,4500.1095,17390.5476,159,34,2.329898,7,2
1349,15,15,0,4031.0737,15700.3687,137,35,3.311904,7,2
1350,13,13,0,4041.2572,14936.2862,165,27,2.469980,7,3
1351,11,11,0,3979.0285,14960.1424,156,27,2.001560,7,2
1352,13,13,0,4294.0462,16255.2308,164,28,0.786627,7,2
1353,16,16,0,3218.1800,11635.9002,137,25,2.529993,7,2
1354,16,16,0,4170.1868,15035.9341,181,41,3.205996,7,2
1355,13,13,0,3745.9806,13719.9032,157,29,2.655631,7,2
1356,12,12,0,3581.9062,13679.5311,132,23,1.279308,6,2
1357,14,14,0,4195.7484,15403.7421,175,35,1.186029,7,2
1358,10,10,0,3717.5520,13887.7602,149,23,0.972082,7,2
1359,14,14,0,3853.2581,14286.2905,155,31,1.312879,7,2
1360,11,11,0,3350.8901,12234.4505,142,21,0.949620,7,2
1361,16,16,0,4496.3866,17076.9331,169,34,3.976493,7,2
1362,15,15,0,3884.1250,14295.6251,160,32,1.906436,6,2
1363,13,13,0,3736.3857,13726.9284,155,28,1.993417,7,2
1364,13,13,0,3839.9301,14039.6506,162,32,1.377065,7,4
1365,14,14,0,3370.9422,12414.7109,137,25,0.948411,7,2
1366,14,14,0,4058.6612,15463.3061,150,26,2.065684,7,2
1367,15,15,0,4217.4983,16157.4913,152,26,2.798668,7,3
1368,15,15,0,4021.7125,14838.5627,163,31,3.107330,7,2
1369,11,11,0,3870.7805,15363.9024,124,23,0.758236,6,2
1370,16,16,0,3604.6544,13663.2721,133,29,4.720263,7,2
1371,14,14,0,3763.2699,14216.3495,143,30,0.951576,7,2
1372,16,16,0,4111.9191,15414.5955,159,36,1.244803,7,2
1373,16,16,0,3835.9886,14079.9428,158,29,0.889889,7,2
1374,12,12,0,3398.9123,12364.5617,145,31,2.102903,7,2
1375,11,11,0,3429.9604,12529.8021,146,26,1.229510,7,2
1376,11,11,0,3460.7509,12533.7544,150,22,2.381091,7,2
1377,13,13,0,3908.8151,14699.0754,151,27,1.271495,7,2
1378,16,16,0,3808.7582,14408.7908,142,30,0.933848,7,2
1379,10,10,0,2896.2913,10231.4567,134,20,1.566416,6,2
1380,10,10,0,3283.3103,11756.5517,147,23,0.711842,7,3
1381,15,15,0,3653.1176,13365.5878,152,26,1.377089,7,2
1382,14,14,0,3941.5338,15157.6692,141,31,1.172141,7,2
1383,15,15,0,3885.4722,13702.3608,179,30,3.683117,7,2
1384,16,16,0,3813.0611,14290.3054,147,28,2.921147,7,2
1385,12,12,0,3805.8038,14094.0189,155,28,3.221423,7,2
1386,15,15,0,3680.2062,12826.0311,174,36,2.473327,6,2
1387,14,14,0,4376.9722,16464.8612,170,32,3.235688,7,2
1388,11,11,0,3876.1963,14880.9817,142,28,1.478226,7,2
1389,16,16,0,3867.6034,13963.0168,167,31,0.798602,7,2
1390,11,11,0,3774.6328,14343.1642,143,24,1.909884,7,2
1391,14,14,0,4322.4155,15917.0776,179,32,3.417034,7,2
1392,13,13,0,4407.8958,16644.4789,170,30,1.065339,7,2
1393,11,11,0,3501.4126,12877.0632,146,26,1.101848,7,2
1394,16,16,0,4530.8040,17449.0199,161,33,2.755587,7,2
1395,13,13,0,3861.9736,14514.8679,150,25,2.383319,7,2
1396,15,15,0,4083.9699,14974.8493,169,33,1.660863,6,2
1397,16,16,0,3829.7835,14438.9174,144,29,1.066264,7,2
1398,11,11,0,3368.5088,11997.5441,153,25,0.804889,7,2
1399,12,12,0,3478.9824,12664.9120,148,23,0.757195,6,2
1400,12,12,0,3426.3607,12471.8033,145,22,0.918881,7,2
1401,12,12,0,4202.6535,16428.2674,144,30,1.037737,7,2
1402,11,11,0,3898.3735,14841.8675,146,28,1.181453,6,2
1403,11,11,0,3311.7217,11768.6087,151,21,0.761739,7,3
1404,15,15,0,3891.6272,15063.1359,135,26,2.004727,7,2
1405,10,10,0,3611.3797,13226.8984,153,22,0.945431,7,2
1406,10,10,0,3934.8102,14324.0511,171,27,0.763888,7,2
1407,12,12,0,3831.6624,13668.3119,173,31,2.635736,7,2
1408,14,14,0,4270.2866,15596.4329,182,31,2.678261,7,2
1409,15,15,0,3978.2851,13501.4256,201,31,1.833953,7,2
1410,16,16,0,4399.6534,17328.2670,143,29,2.063635,7,2
1411,16,16,0,3573.0879,12380.4394,169,26,0.796535,7,2
1412,11,11,0,3523.2326,13071.1628,143,22,0.969652,7,2
1413,11,11,0,3404.1512,12730.7562,134,18,1.602841,7,3
1414,13,13,0,3575.7533,13098.7667,149,26,2.371376,7,2
1415,15,15,0,3883.5702,13787.8508,176,27,2.604490,7,2
1416,12,12,0,3493.3105,13006.5523,139,23,2.951590,7,2
1417,10,10,0,2985.6299,11013.1496,123,23,2.525160,5,2
1418,15,15,0,3930.0004,14565.0022,158,27,1.748661,7,2
1419,14,14,0,3304.0707,11120.3533,169,28,1.157896,6,2
1420,14,14,0,3714.9694,13899.8472,145,29,1.660958,6,2
1421,11,11,0,3643.8184,13604.0921,145,22,0.641467,7,3
1422,16,16,0,4251.0663,16515.3316,144,29,3.314234,7,2
1423,14,14,0,4266.1534,15570.7672,182,34,1.908420,7,2
1424,12,12,0,3703.4129,13682.0643,152,25,1.023048,7,2
1425,14,14,0,4547.2058,18176.0289,141,29,0.896765,7,2
1426,16,16,0,4106.7327,15398.6636,158,28,1.366372,7,2
1427,15,15,0,3999.8200,15009.0998,155,28,2.455083,7,2
1428,11,11,0,3385.0723,12610.3617,135,24,1.408951,7,2
1429,10,10,0,3512.8148,13044.0740,143,22,1.620373,7,2
1430,16,16,0,4209.4605,16657.3023,134,36,2.957532,7,2
1431,15,15,0,3804.8766,13379.3831,176,31,1.267893,7,2
1432,14,14,0,3555.6797,13053.3983,147,29,1.585595,7,2
1433,12,12,0,3694.3837,13061.9185,171,29,2.433025,7,2
1434,15,15,0,3567.0493,12435.2464,168,30,1.955187,7,2
1435,11,11,0,2875.1973,10290.9866,128,20,1.509307,6,2
1436,10,10,0,3724.7008,14088.5039,143,22,1.205952,7,2
1437,11,11,0,3737.7964,13648.9822,159,21,1.448861,7,3
1438,10,10,0,3516.6993,13133.4965,140,20,0.772741,7,2
1439,16,16,0,4144.8914,16009.4571,144,30,2.052659,7,2
1440,13,13,0,3879.7225,14833.6123,143,26,3.431581,7,2
1441,15,15,0,3449.0309,12795.1545,136,29,3.999612,6,2
1442,10,10,0,3492.3004,12766.5021,149,22,1.760024,7,2
1443,13,13,0,3753.0608,14165.3042,143,26,1.308102,7,2
1444,11,11,0,3996.3689,14391.8446,178,31,1.292218,7,2
1445,14,14,0,3594.7521,12348.7605,176,24,1.722697,7,2
1446,13,13,0,3413.1797,11920.8985,161,31,5.257968,7,2
1447,14,14,0,3667.2283,13581.1414,147,26,0.929823,7,2
1448,14,14,0,4172.8315,16044.1577,150,26,2.701705,6,2
1449,13,13,0,3565.0886,12865.4429,155,31,3.714063,7,2
1450,12,12,0,3905.8376,14469.1878,159,26,1.516671,7,3
1451,11,11,0,3622.6365,13618.1826,141,24,1.062707,7,2
1452,13,13,0,3931.5546,14337.7728,167,31,1.406420,7,4
1453,16,16,0,4032.3752,15066.8758,157,29,2.510910,7,3
1454,10,10,0,2946.6287,9093.1433,180,26,0.939829,6,2
1455,10,10,0,3912.8400,14799.1998,151,22,0.652316,7,3
1456,15,15,0,4065.2368,15231.1840,158,28,2.066894,7,2
1457,13,13,0,4170.8827,16019.4137,151,26,0.489318,7,4
1458,16,16,0,3820.0703,13830.3514,163,32,3.437174,7,2
1459,12,12,0,3433.5447,12772.7236,137,20,1.099680,7,2
1460,14,14,0,3348.7176,12098.5878,144,24,2.172917,7,2
1461,16,16,0,4087.1476,14760.7380,177,35,6.475461,7,2
1462,15,15,0,4344.8173,16344.0865,167,33,3.248572,7,2
1463,14,14,0,3853.5506,14107.7530,161,26,2.431526,7,2
1464,16,16,0,3798.5330,14072.6651,152,34,1.644694,7,2
1465,11,11,0,3226.4572,10562.2861,177,23,0.706765,6,2
1466,14,14,0,3719.3075,12901.5373,179,29,1.116400,7,2
1467,16,16,0,3807.1991,14490.9953,140,35,3.752191,7,2
1468,16,16,0,4513.9251,16594.6254,188,35,2.286724,7,2
1469,11,11,0,3737.8220,14184.1101,142,23,0.889680,7,3
1470,16,16,0,3257.7698,10803.8489,170,26,1.934962,7,2
1471,15,15,0,3776.6466,13993.2330,152,27,1.397579,6,2
1472,16,16,0,4869.2059,15141.0295,324,29,1.909964,7,2
1473,14,14,0,3369.1097,11510.5487,166,26,1.111294,7,2
1474,15,15,0,3682.5926,13227.9631,161,30,1.519812,7,2
1475,16,16,0,4747.7949,18003.9746,178,35,2.763055,7,2
1476,10,10,0,3435.8250,12529.1252,147,22,0.663064,7,2
1477,12,12,0,4246.9558,16999.7788,133,33,2.038801,7,2
1478,11,11,0,3038.8256,10824.1279,137,20,1.534737,6,2
1479,15,15,0,3813.8396,14049.1979,155,25,4.289969,6,2
1480,10,10,0,3035.0745,10635.3726,144,22,1.612395,6,2
1481,12,12,0,3864.4800,13832.4000,173,23,0.922938,7,2
1482,12,12,0,3599.8068,13404.0342,144,22,2.754799,7,2
1483,14,14,0,3275.2120,11281.0598,158,25,1.285687,6,2
1484,10,10,0,3478.9248,12629.6242,151,21,2.235908,7,2
1485,16,16,0,3499.1028,12470.5138,155,29,0.982985,7,2
1486,10,10,0,3593.4108,13382.0539,145,24,0.779192,7,2
1487,12,12,0,3990.5418,14972.7092,157,26,4.018324,7,2
1488,16,16,0,4262.6872,15943.4360,167,32,1.264711,7,2
1489,12,12,0,3941.3301,14741.6507,156,30,1.281412,7,2
1490,14,14,0,3925.6298,14208.1492,170,29,3.033534,7,2
1491,12,12,0,3595.7727,13608.8636,136,23,1.727564,7,2
1492,10,10,0,3089.6067,11318.0337,131,25,1.122735,6,2
1493,11,11,0,2989.1170,10275.5848,147,22,1.176079,7,2
1494,12,12,0,4072.0898,15870.4489,141,27,1.607960,7,3
1495,14,14,0,3791.9782,13769.8912,162,29,0.773934,7,2
1496,16,16,0,4656.6576,17938.2880,165,33,3.585760,7,2
1497,10,10,0,2965.7265,10328.6324,142,23,0.842968,6,2
1498,14,14,0,3977.3925,14651.9624,163,30,2.513851,7,2
1499,12,12,0,3427.7999,12298.9993,152,23,0.731910,7,2
1500,10,10,0,3219.6938,11293.4688,152,24,0.825669,6,2
1501,14,14,0,4329.6837,16338.4184,166,35,5.713629,7,2
1502,14,14,0,3925.7661,14308.8305,166,31,1.781375,7,2
1503,10,10,0,3078.9558,10624.7788,151,21,0.550582,7,2
1504,16,16,0,5058.9473,20234.7366,157,38,2.780418,7,2
1505,10,10,0,3393.9631,12469.8156,143,22,1.418395,7,2
1506,15,15,0,3771.1510,13835.7550,155,31,1.479753,7,2
1507,14,14,0,3882.9517,14124.7586,165,31,2.811732,7,2
1508,10,10,0,3335.4452,12307.2258,138,21,1.574932,7,2
1509,10,10,0,4170.1342,16025.6710,153,25,0.920628,7,2
1510,10,10,0,3619.2495,12826.2477,168,23,1.082344,7,2
1511,13,13,0,3632.5155,13287.5774,152,23,1.091451,7,2
1512,12,12,0,4593.6265,18268.1325,147,27,1.029933,7,3
1513,10,10,0,3408.6612,12268.3060,151,26,0.914982,7,2
1514,15,15,0,4380.0260,16600.1301,164,31,4.509176,7,2
1515,16,16,0,3974.9063,14609.5314,163,32,3.087353,7,2
1516,14,14,0,3487.5198,12722.5990,146,27,2.079847,6,2
1517,13,13,0,4718.5964,18552.9818,157,28,1.101646,7,2
1518,12,12,0,3310.5970,11787.9848,149,24,0.748266,7,2
1519,12,12,0,3866.2165,15156.0823,130,23,2.324859,7,2
1520,11,11,0,3548.2664,13036.3322,148,20,0.575561,7,2
1521,15,15,0,4104.4229,14227.1147,198,36,1.231151,7,2
1522,10,10,0,3455.5927,12632.9635,147,22,0.877113,7,3
1523,11,11,0,3463.7107,12673.5536,146,23,0.811199,7,2
1524,15,15,0,3518.6933,12883.4663,145,27,0.926757,6,2
1525,11,11,0,4020.3913,15121.9563,157,24,1.210878,7,2
1526,13,13,0,3878.2047,14706.0237,147,29,2.479582,7,2
1527,14,14,0,3470.4211,12932.1057,137,26,1.303938,6,2
1528,15,15,0,3186.2879,11851.4397,124,26,2.876513,7,2
1529,15,15,0,3820.7565,13793.7824,165,31,2.157433,7,2
1530,10,10,0,2669.0951,9590.4756,117,18,1.242349,5,2
1531,10,10,0,3315.4758,12262.3788,136,22,0.830507,6,2
1532,10,10,0,3036.4590,11107.2951,128,20,0.734654,5,2
1533,16,16,0,4879.3297,18726.6484,176,32,3.880216,7,2
1534,14,14,0,4217.9531,15864.7657,163,28,1.035904,7,2
1535,10,10,0,4584.8732,18424.3660,143,28,0.857853,7,3
1536,12,12,0,3213.4616,11252.3080,151,23,0.979026,6,2
1537,14,14,0,4350.0115,16915.0574,150,27,1.182919,7,2
1538,15,15,0,4741.2914,18426.4570,165,31,2.078290,7,2
1539,10,10,0,3779.8508,14544.2538,137,23,1.756893,7,2
1540,10,10,0,3447.4596,12407.2982,154,27,1.182492,7,2
1541,13,13,0,3533.0510,12700.2548,156,27,2.862779,7,2
1542,14,14,0,3734.5925,13712.9624,154,27,2.492645,7,2
1543,16,16,0,3613.0531,13410.2653,143,31,3.668502,7,2
1544,12,12,0,3527.5514,13637.7572,124,24,3.128276,6,2
1545,10,10,0,2900.7769,10933.8843,111,18,2.703541,6,2
1546,11,11,0,2952.5696,10802.8479,123,19,0.888960,5,2
1547,11,11,0,4027.7657,15348.8284,151,23,0.804299,7,2
1548,11,11,0,4087.7709,16113.8546,136,21,0.448660,7,3
1549,10,10,0,3665.1124,14185.5619,130,24,0.795321,5,2
1550,14,14,0,4264.7477,16423.7387,154,34,2.568856,7,2
1551,16,16,0,3984.6679,15008.3394,151,28,1.636243,7,2
1552,13,13,0,3738.0591,14390.2953,133,27,1.716568,7,2
1553,10,10,0,3763.4472,14262.2358,144,22,0.732427,7,2
1554,16,16,0,3837.4476,14332.2382,149,25,2.871051,7,2
1555,13,13,0,3646.5813,13137.9067,159,26,2.523781,7,2
1556,16,16,0,5098.2909,19996.4547,170,34,5.239908,7,2
1557,13,13,0,3756.2001,13791.0003,156,25,1.429832,7,2
1558,13,13,0,3554.6662,13038.3310,147,28,3.691019,7,2
1559,10,10,0,3338.0110,12055.0550,147,21,0.763112,7,2
1560,14,14,0,3499.7547,12293.7734,162,27,1.462600,7,2
1561,13,13,0,3548.2151,12866.0753,152,27,4.494533,7,2
1562,15,15,0,3569.4010,12857.0050,154,28,3.171639,6,2
1563,10,10,0,3508.5773,12982.8867,144,21,1.188509,7,2
1564,11,11,0,3184.3970,10771.9852,163,27,1.142220,6,2
1565,11,11,0,3552.1623,13265.8116,141,27,2.111315,6,2
1566,16,16,0,5096.4797,20267.3987,161,35,1.684650,7,2
1567,10,10,0,3326.7530,12123.7650,143,21,0.834901,6,2
1568,12,12,0,4235.8839,15584.4193,177,31,4.097476,7,2
1569,10,10,0,2891.9472,9639.7360,153,20,0.966721,7,2
1570,15,15,0,3832.2295,13851.1475,165,27,1.216864,7,3
1571,12,12,0,3364.4781,11612.3904,164,28,2.113432,7,3
1572,12,12,0,4005.6470,15553.2348,140,30,3.200330,7,2
1573,15,15,0,3351.3865,11676.9327,157,28,3.233689,7,2
1574,10,10,0,3201.2817,11956.4083,127,21,2.272950,7,2
1575,14,14,0,3869.5522,14502.7611,150,25,2.846973,7,2
1576,15,15,0,4503.1173,17475.5866,156,31,2.662663,7,2
1577,10,10,0,3164.7753,11773.8763,127,19,0.957787,6,2
1578,15,15,0,3655.3977,13826.9883,137,28,1.997812,6,3
1579,11,11,0,3772.0013,14065.0066,152,28,1.429034,7,2
1580,12,12,0,3988.1388,14490.6941,172,32,1.337299,7,2
1581,13,13,0,4136.3582,15926.7911,149,29,3.310060,7,2
1582,16,16,0,3806.7597,14058.7985,153,29,3.324198,7,2
1583,11,11,0,4127.7607,12513.8036,286,22,2.340369,7,2
1584,16,16,0,4157.2436,15016.2179,180,31,3.204254,7,2
1585,16,16,0,4306.5188,16602.5939,151,31,3.171781,7,2
1586,16,16,0,4571.1124,17700.5619,159,38,1.324635,7,2
1587,12,12,0,3660.6617,13523.3087,150,24,2.030581,7,2
1588,14,14,0,3521.8820,12314.4098,165,24,1.807006,6,2
1589,12,12,0,3024.5521,10572.7604,142,28,1.069884,6,2
1590,10,10,0,3304.5771,11902.8856,146,20,2.216134,7,2
1591,12,12,0,3442.9625,12304.8124,154,27,1.542490,7,2
1592,15,15,0,3935.1397,14475.6983,161,31,2.976024,7,2
1593,16,16,0,4472.7142,16653.5712,177,35,2.795262,7,2
1594,15,15,0,3921.4926,14537.4628,157,26,2.077994,7,2
1595,16,16,0,4201.7020,15293.5101,177,33,4.490562,7,2
1596,10,10,0,3749.5720,13922.8598,153,26,0.873817,7,2
1597,10,10,0,3750.2351,13511.1756,167,27,1.671389,7,2
1598,15,15,0,3778.2693,13966.3467,152,30,1.251579,7,2
1599,14,14,0,4101.9639,15359.8194,161,28,2.481007,7,3
1600,15,15,0,3636.8589,12994.2947,161,28,1.277298,7,2
1601,11,11,0,3442.8795,12599.3977,145,20,0.743054,7,2
1602,14,14,0,4280.9545,15784.7725,176,37,2.882940,7,2
1603,13,13,0,3992.1271,14940.6355,157,29,3.846093,6,2
1604,15,15,0,3732.4057,13592.0285,157,24,0.889938,7,3
1605,13,13,0,3855.3551,14111.7753,161,22,0.944048,7,2
1606,10,10,0,3933.8147,15159.0737,142,24,0.993047,7,2
1607,15,15,0,3233.2781,11451.3905,145,26,1.405810,7,2
1608,16,16,0,3678.9368,13304.6842,157,30,2.487708,7,2
1609,16,16,0,4424.3883,16916.9414,161,32,1.530377,7,2
1610,14,14,0,4162.9710,15779.8548,157,34,0.968320,7,2
1611,13,13,0,3933.9603,14154.8013,174,31,2.753214,7,3
1612,12,12,0,3428.7659,11903.8294,165,29,3.268894,7,2
1613,15,15,0,3546.9490,12569.7451,160,27,1.140645,7,2
1614,16,16,0,3904.9856,14524.9282,155,35,1.086899,7,2
1615,14,14,0,4130.0916,14820.4578,183,37,1.516631,6,2
1616,10,10,0,2689.5127,9472.5637,125,20,1.170777,6,2
1617,11,11,0,3017.6129,10483.0645,145,18,0.779166,6,3
1618,13,13,0,3923.7166,13878.5830,181,30,1.780876,7,2
1619,11,11,0,3624.3275,13801.6377,135,25,1.039648,7,2
1620,13,13,0,4746.3483,17306.7416,204,46,1.369577,7,3
1621,10,10,0,3700.3509,14151.7543,137,18,1.033137,7,2
1622,16,16,0,3964.4535,14132.2676,177,32,5.016972,7,2
1623,15,15,0,3493.2685,12466.3427,155,27,3.703857,7,2
1624,13,13,0,3792.6920,13588.4600,169,27,1.020058,7,2
1625,16,16,0,3872.5449,13542.7247,181,34,3.968606,7,2
1626,15,15,0,4030.2587,15936.2934,129,30,1.878064,7,3
1627,16,16,0,3962.6668,15353.3341,136,31,3.484473,7,2
1628,10,10,0,3799.2179,14166.0897,153,26,0.851276,7,2
1629,10,10,0,3529.8218,13334.1092,136,21,0.720790,7,2
1630,14,14,0,3799.3564,14211.7822,149,26,2.238692,7,2
1631,15,15,0,3969.5317,15092.6585,147,27,2.466060,7,2
1632,15,15,0,4186.2353,15636.1763,164,30,1.132000,7,2
1633,16,16,0,3626.2790,12881.3950,163,29,3.557184,7,2
1634,16,16,0,3520.8926,13179.4631,135,27,2.713421,7,2
1635,16,16,0,4254.9112,16374.5561,150,30,1.326133,7,2
1636,11,11,0,3833.2219,14236.1096,156,23,1.013042,7,2
1637,14,14,0,3438.6721,13073.3605,126,24,2.921991,6,2
1638,10,10,0,3192.1362,11805.6810,132,21,1.283701,6,2
1639,12,12,0,3698.2265,14431.1323,126,22,0.863925,6,2
1640,14,14,0,3412.2889,11856.4446,162,23,0.989766,7,2
1641,16,16,0,3469.4299,12582.1495,147,30,1.887053,7,2
1642,16,16,0,3243.5291,11102.6457,158,29,2.586984,7,2
1643,12,12,0,4380.6830,17303.4151,144,29,1.059528,7,2
1644,10,10,0,2947.0781,10690.3903,127,21,0.816544,6,2
1645,16,16,0,4516.9534,17914.7672,144,31,1.830507,7,2
1646,13,13,0,4746.1173,18315.5866,170,34,1.281829,7,2
1647,10,10,0,3523.4000,13076.9999,144,27,1.045845,6,2
1648,11,11,0,3457.9165,12269.5826,159,23,0.980771,7,2
1649,11,11,0,3996.7842,15948.9212,126,25,1.414178,7,2
1650,11,11,0,3954.5234,15242.6170,142,21,0.630744,7,3
1651,12,12,0,3098.9583,11044.7913,139,24,0.867972,6,2
1652,11,11,0,3712.9310,13599.6551,157,29,0.901747,7,3
1653,13,13,0,3862.0775,13490.3877,183,26,0.803532,7,2
1654,16,16,0,5846.2808,21336.4039,269,34,3.023408,7,2
1655,13,13,0,3363.6175,12223.0876,143,24,2.203369,7,3
1656,16,16,0,3609.9070,13004.5350,155,25,2.622892,7,2
1657,13,13,0,4123.7221,15343.6107,165,27,1.426073,7,2
1658,10,10,0,3613.2793,12666.3964,172,35,1.219359,6,2
1659,14,14,0,4390.6704,16898.3519,157,29,1.008258,7,2
1660,13,13,0,3561.9376,13004.6880,150,28,1.544061,6,2
1661,15,15,0,3395.1818,12185.9092,148,25,0.912502,6,2
1662,13,13,0,4208.4233,16137.1166,154,36,2.701573,6,2
1663,13,13,0,6460.0155,25045.0777,250,28,1.995095,7,2
1664,14,14,0,4273.0352,16470.1762,152,27,0.781876,7,2
1665,15,15,0,4673.4525,15107.2623,282,25,1.632229,7,3
1666,13,13,0,3888.9406,14839.7028,142,24,0.695872,7,3
1667,13,13,0,3821.5750,14012.8751,160,28,0.856045,7,3
1668,14,14,0,4077.7601,15393.8003,155,29,2.975742,6,2
1669,11,11,0,3623.9410,13214.7048,155,24,0.735193,7,2
1670,11,11,0,3698.9236,13954.6179,144,23,1.097407,7,2
1671,13,13,0,4041.7168,15878.5839,134,27,1.574712,7,2
1672,12,12,0,3634.9374,13679.6869,141,27,1.139838,6,2
1673,15,15,0,4461.7538,17123.7688,160,31,1.352781,7,2
1674,15,15,0,4000.8527,14064.2633,186,35,1.650652,7,2
1675,14,14,0,3868.1313,14735.6564,142,26,3.266576,7,2
1676,15,15,0,4016.2788,15151.3939,153,33,1.858484,7,2
1677,14,14,0,3769.0573,12960.2863,185,28,2.657360,7,2
1678,15,15,0,3247.8548,11359.2740,151,31,2.054648,6,2
1679,16,16,0,4226.8709,15794.3547,166,30,3.825834,7,2
1680,16,16,0,4668.3453,17236.7264,192,38,3.819016,7,3
1681,14,14,0,4248.4241,16537.1204,146,26,1.042806,7,2
1682,12,12,0,3406.6259,12573.1293,140,28,0.721290,6,2
1683,10,10,0,3201.1735,11595.8676,139,21,1.065561,6,2
1684,13,13,0,3849.2609,14771.3047,139,30,3.245359,6,2
1685,10,10,0,4109.9241,14894.6205,181,33,2.084157,6,3
1686,13,13,0,3769.2349,14151.1743,146,25,2.478003,7,2
1687,15,15,0,3069.2228,11451.1138,118,23,2.116034,6,2
1688,10,10,0,3230.3647,12306.8234,120,18,1.776607,6,2
1689,11,11,0,3600.3952,13751.9759,133,24,2.204117,7,2
1690,14,14,0,3435.9883,12589.9415,142,26,1.689242,5,2
1691,12,12,0,3174.5175,11197.5875,146,24,2.840173,6,2
1692,12,12,0,4026.3234,14916.6171,165,29,1.514006,7,2
1693,11,11,0,4546.4078,17457.0392,168,33,0.939137,7,2
1694,13,13,0,4423.1583,16430.7917,179,31,1.014674,7,2
1695,15,15,0,3416.7376,11803.6881,164,25,3.740178,7,2
1696,15,15,0,4020.8715,13999.3575,192,38,3.740059,7,2
1697,12,12,0,3707.7504,13303.7521,165,27,1.158879,7,2
1698,16,16,0,4527.5815,16372.9077,196,29,2.605693,7,2
1699,12,12,0,3431.0089,13035.0445,128,24,3.016928,7,2
1700,15,15,0,4024.3228,15121.6138,155,28,1.955323,7,2
1701,16,16,0,4680.2862,16931.4312,202,36,4.240517,7,2
1702,13,13,0,3572.0782,12955.3910,154,27,3.492974,7,2
1703,10,10,0,3567.9499,13649.7493,132,20,0.943550,7,2
1704,15,15,0,4332.2977,16346.4885,165,25,0.739990,7,2
1705,13,13,0,3657.5980,13007.9900,165,24,1.751563,7,2
1706,15,15,0,3575.0558,13185.2790,146,34,2.876454,7,2
1707,15,15,0,3418.5974,12092.9869,155,30,2.111745,6,2
1708,16,16,0,4315.0165,16300.0826,163,35,1.814150,7,2
1709,14,14,0,3849.6878,13463.4388,182,29,1.078043,7,2
1710,12,12,0,3800.2025,13986.0124,158,24,2.197695,7,2
1711,10,10,0,3770.6134,14033.0669,153,23,1.574808,7,2
1712,13,13,0,3213.8696,11194.3478,153,27,3.728641,5,2
1713,12,12,0,3202.2839,11761.4197,132,26,1.691194,6,2
1714,15,15,0,4551.5042,18152.5211,142,29,1.375596,7,2
1715,15,15,0,3864.5102,14082.5512,162,30,1.152215,7,2
1716,11,11,0,3119.3512,10681.7562,155,24,1.824249,6,2
1717,11,11,0,3653.9655,13674.8277,145,23,1.000756,7,2
1718,10,10,0,2903.5002,9637.5008,155,21,0.826672,7,2
1719,15,15,0,3935.3334,14261.6669,168,29,1.165708,7,2
1720,16,16,0,3567.2659,13491.3296,133,23,1.297082,7,2
1721,15,15,0,3734.6677,13513.3385,160,27,1.053433,7,3
1722,11,11,0,3442.5114,12172.5572,159,24,0.904547,7,2
1723,10,10,0,3844.7744,14563.8719,148,27,0.937107,7,2
1724,16,16,0,4071.6656,15508.3278,149,33,1.847616,7,2
1725,10,10,0,3464.3267,12611.6335,150,25,0.982847,7,2
1726,10,10,0,2958.6707,10693.3534,129,20,1.650422,6,2
1727,12,12,0,3208.9023,11179.5116,153,26,0.993140,7,2
1728,12,12,0,4026.5303,15722.6516,138,24,1.021555,7,2
1729,12,12,0,3673.8458,13999.2290,136,23,2.118149,6,2
1730,12,12,0,4303.1094,17025.5471,140,25,1.132964,7,3
1731,11,11,0,3952.3405,14821.7023,156,29,1.057740,7,3
1732,14,14,0,5068.7682,19973.8410,168,29,3.653439,7,3
1733,11,11,0,3294.3421,12316.7107,130,21,0.746112,6,2
1734,16,16,0,4061.5452,15012.7258,164,34,1.604555,7,2
1735,12,12,0,3801.6059,14003.0293,157,27,0.903219,7,2
1736,11,11,0,2995.2233,11246.1166,116,18,2.662555,6,2
1737,12,12,0,4238.9362,16234.6809,156,31,1.183209,7,2
1738,15,15,0,3637.9360,13114.6799,157,23,1.866909,7,2
1739,16,16,0,3565.1823,12460.9113,166,29,0.771133,7,2
1740,12,12,0,4210.2277,15976.1386,160,34,1.523321,7,2
1741,11,11,0,3179.2442,11406.2209,141,22,0.859970,6,2
1742,10,10,0,3207.6874,11578.4372,141,21,1.135092,7,2
1743,14,14,0,3953.8221,14739.1104,156,30,5.646521,7,2
1744,15,15,0,4252.1331,15790.6657,169,30,2.596533,7,2
1745,11,11,0,3380.2736,12486.3680,139,21,1.729413,6,2
1746,10,10,0,4557.6287,17688.1434,162,22,0.635793,7,2
1747,10,10,0,3787.7648,14593.8239,137,20,0.668228,7,2
1748,10,10,0,2768.5950,9742.9751,129,21,1.855110,5,2
1749,11,11,0,4008.1710,14820.8548,165,25,1.073243,7,2
1750,10,10,0,3469.4808,12522.4038,153,30,1.626606,6,2
1751,13,13,0,3409.3180,12536.5901,140,27,3.995683,6,2
1752,16,16,0,3721.3543,14526.7717,123,27,3.796588,7,2
1753,13,13,0,4764.6452,17933.2260,186,29,0.798143,7,2
1754,15,15,0,3853.7352,14168.6759,158,29,1.179216,6,3
1755,13,13,0,4018.4426,15157.2128,154,28,1.845844,7,2
1756,15,15,0,4003.4143,15282.0714,147,30,2.224108,7,2
1757,14,14,0,3859.9110,14339.5550,155,35,1.623413,7,2
1758,14,14,0,4141.3575,15871.7877,150,23,0.726119,7,2
1759,16,16,0,3659.3994,13961.9969,132,26,1.942595,7,2
1760,16,16,0,4019.7574,15493.7872,141,34,2.285277,7,2
1761,13,13,0,4446.6624,16693.3120,175,33,1.708451,7,2
1762,11,11,0,3650.0817,13820.4086,139,26,1.838328,7,2
1763,11,11,0,3918.3123,14796.5613,151,30,0.994516,7,2
1764,10,10,0,3439.6950,12623.4752,145,23,1.200448,7,2
1765,13,13,0,4239.8448,15574.2240,177,30,3.401998,7,2
1766,12,12,0,3514.0107,13055.0536,141,23,1.736377,7,2
1767,16,16,0,3707.1018,13585.5092,153,31,1.839490,7,2
1768,11,11,0,3396.6774,12513.3872,140,22,0.724802,7,2
1769,12,12,0,4116.9649,16059.8247,142,28,1.111937,7,2
1770,16,16,0,4357.4668,16722.3339,156,31,2.633692,7,2
1771,10,10,0,3859.1626,14640.8130,147,24,1.435706,6,2
1772,15,15,0,3764.7366,13673.6832,160,31,1.150565,7,2
1773,13,13,0,3930.9306,13954.6531,180,33,1.625639,7,3
1774,16,16,0,4072.4598,15147.2989,161,29,3.400642,7,2
1775,13,13,0,4365.8449,16529.2244,166,26,1.056267,7,2
1776,16,16,0,3696.5267,13887.6337,141,26,3.962042,7,2
1777,13,13,0,3439.2499,12961.2496,131,26,3.153074,7,2
1778,15,15,0,4258.2224,16651.1122,143,29,1.603947,7,2
1779,15,15,0,3956.4403,14447.2016,165,30,2.685357,7,3
1780,14,14,0,3636.0757,12830.3784,167,28,2.254129,7,2
1781,11,11,0,3910.6210,14783.1051,151,26,0.898082,7,2
1782,11,11,0,3801.5596,14292.7978,149,24,0.891616,7,2
1783,15,15,0,4340.9120,16339.5600,168,36,3.152280,6,2
1784,15,15,0,4030.9924,14584.9622,175,31,1.215528,7,3
1785,10,10,0,3111.5292,11747.6458,119,16,0.825917,6,2
1786,12,12,0,3521.7793,13033.8967,143,26,1.406475,7,2
1787,13,13,0,4092.9867,14624.9336,184,26,0.805296,7,3
1788,16,16,0,4761.7481,18778.7404,156,31,4.496535,7,2
1789,14,14,0,3796.2040,14006.0200,155,29,1.128026,7,2
1790,13,13,0,3641.2689,13581.3447,144,24,0.984102,7,2
1791,14,14,0,4176.2708,16031.3539,150,28,1.633612,7,2
1792,16,16,0,3832.3879,13921.9394,162,30,2.108177,7,2
1793,12,12,0,3446.8620,11499.3101,182,27,1.396784,7,2
1794,11,11,0,3495.3950,13226.9752,133,25,1.626287,7,2
1795,16,16,0,5244.7676,16523.8381,339,34,4.009002,7,2
1796,15,15,0,3905.2652,14881.3258,143,26,1.015111,7,2
1797,10,10,0,3493.2311,12246.1555,166,26,3.128308,7,2
1798,11,11,0,3572.8357,12289.1783,177,30,2.235328,7,2
1799,10,10,0,2954.4957,10147.4787,146,21,0.669531,7,2
1800,11,11,0,3517.6437,11958.2186,179,27,1.363560,7,2
1801,12,12,0,3895.5169,14837.5845,146,28,1.671646,7,2
1802,13,13,0,3961.6116,15413.0579,136,30,1.322855,7,2
1803,11,11,0,4227.0703,16410.3513,148,27,0.965721,7,2
1804,16,16,0,3827.9014,14709.5070,135,29,2.135482,7,2
1805,14,14,0,4062.5885,14582.9427,180,29,1.606273,7,2
1806,14,14,0,3297.0980,11720.4902,148,27,0.833069,6,2
1807,11,11,0,3555.4473,13292.2367,142,23,0.811677,7,2
1808,16,16,0,3681.6944,13493.4719,151,27,1.469118,7,2
1809,15,15,0,3623.0663,13775.3313,132,29,1.531249,6,2
1810,15,15,0,4332.8581,16589.2906,158,33,3.719954,7,2
1811,15,15,0,3890.2517,14616.2587,149,28,3.706279,7,2
1812,14,14,0,3913.0441,13645.2205,186,28,1.534853,7,2
1813,16,16,0,3793.7476,13648.7379,164,28,2.613553,7,2
1814,14,14,0,3763.7000,14073.5002,147,28,1.423387,7,2
1815,10,10,0,3780.2302,14336.1511,145,32,1.205005,7,2
1816,14,14,0,3759.4640,13487.3201,166,35,2.916938,6,2
1817,10,10,0,2961.2713,10611.3567,132,19,1.118307,6,2
1818,13,13,0,3104.0793,10825.3964,146,22,2.107400,6,2
1819,14,14,0,4490.6250,16308.1249,194,37,2.945172,7,2
1820,14,14,0,3541.8561,13179.2803,140,25,3.008003,7,2
1821,12,12,0,4019.7968,15018.9838,160,29,1.282318,7,2
1822,10,10,0,3653.7613,13708.8064,144,22,0.668574,7,3
1823,11,11,0,5146.5101,18252.5507,260,28,0.833474,7,2
1824,12,12,0,3626.7435,13058.7173,162,28,1.236163,6,2
1825,13,13,0,2816.3931,9426.9654,145,24,1.247792,5,2
1826,13,13,0,3854.4211,14382.1056,153,30,1.328074,7,2
1827,11,11,0,3469.9385,12604.6924,150,27,1.435256,7,2
1828,15,15,0,5002.1026,16645.5131,286,32,1.955924,7,2
1829,11,11,0,3145.5357,11712.6784,125,22,1.138753,5,2
1830,11,11,0,3467.5710,12912.8552,139,25,1.425349,7,2
1831,15,15,0,3762.9801,13169.9006,176,31,2.239184,7,2
1832,13,13,0,3800.4679,13072.3396,187,30,1.759530,7,2
1833,13,13,0,4230.7247,16433.6233,148,24,1.185984,7,2
1834,12,12,0,3351.9201,12149.6007,144,23,1.005363,6,2
1835,11,11,0,3556.5503,13602.7516,131,23,1.340218,7,2
1836,12,12,0,3818.9251,14469.6257,146,32,2.948427,7,2
1837,11,11,0,3846.4005,14542.0023,148,24,0.721257,7,3
1838,16,16,0,4394.9333,15739.6666,195,32,3.724703,7,2
1839,14,14,0,3466.6923,13398.4616,120,24,2.392118,6,2
1840,12,12,0,4102.4360,14997.1798,176,28,1.350063,7,2
1841,11,11,0,3230.3198,11731.5988,138,20,1.327013,6,2
1842,14,14,0,2956.0636,10445.3182,134,20,1.224418,5,2
1843,10,10,0,3015.1515,10095.7574,158,22,0.874687,6,2
1844,14,14,0,4001.1594,14935.7968,158,26,1.062519,7,2
1845,12,12,0,3498.4952,12762.4758,148,25,1.620799,7,2
1846,16,16,0,3703.1690,13710.8448,147,26,1.770312,7,2
1847,11,11,0,3646.8725,13329.3626,155,22,1.420274,7,3
1848,13,13,0,4120.9688,15969.8442,145,25,2.960053,6,2
1849,16,16,0,4714.8115,17079.0577,204,36,3.191022,7,2
1850,15,15,0,4414.9117,17159.5584,153,33,1.157774,7,2
1851,11,11,0,3559.6914,12918.4571,154,22,0.571224,7,3
1852,12,12,0,4055.0518,15165.2591,161,24,0.932923,7,2
1853,11,11,0,3876.8813,14909.4065,141,25,1.651122,7,2
1854,11,11,0,3875.6516,14828.2582,143,27,0.692086,7,2
1855,11,11,0,3932.2801,14226.4006,173,29,0.980127,7,2
1856,12,12,0,3615.3307,13171.6537,154,23,2.030921,7,2
1857,15,15,0,4179.4536,15537.2681,167,30,2.952000,7,3
1858,11,11,0,3433.1607,12485.8037,147,21,1.471812,7,2
1859,15,15,0,4257.5389,16517.6947,147,29,2.821384,7,2
1860,13,13,0,4553.2590,18106.2948,146,29,0.925374,7,2
1861,15,15,0,4865.4442,19037.2210,165,39,1.527561,7,2
1862,10,10,0,3697.9861,13844.9305,147,23,1.102158,7,2
1863,14,14,0,3619.5262,13007.6311,158,27,2.624842,6,2
1864,11,11,0,2736.6589,9218.2945,140,21,1.338569,5,2
1865,12,12,0,3082.7872,10698.9359,148,20,0.676257,6,2
1866,11,11,0,3872.5437,14827.7187,143,23,0.725376,7,2
1867,11,11,0,3609.1639,13230.8194,153,23,0.775394,6,2
1868,11,11,0,3256.9636,11339.8180,156,25,2.169640,6,2
1869,16,16,0,3639.2195,13176.0977,155,28,2.463478,7,2
1870,14,14,0,3970.8399,14244.1993,177,33,1.524608,7,2
1871,16,16,0,3761.6382,13308.1911,170,30,1.104992,7,2
1872,10,10,0,3254.2249,11976.1243,135,19,0.810275,7,2
1873,11,11,0,3709.0463,13430.2317,161,28,0.847172,7,2
1874,14,14,0,3591.8720,12879.3601,158,28,2.336993,7,2
1875,14,14,0,3732.7483,13578.7415,158,23,2.559075,6,2
1876,11,11,0,3490.2393,12811.1967,146,22,0.840265,7,3
1877,15,15,0,3867.4257,14297.1283,156,25,1.349381,7,2
1878,12,12,0,3395.7280,12798.6398,130,26,1.215472,7,2
1879,13,13,0,3608.7013,13473.5065,142,25,1.245831,7,2
1880,13,13,0,4018.5682,15782.8408,133,27,1.307636,7,2
1881,16,16,0,3975.0752,14690.3758,160,33,2.394876,7,2
1882,12,12,0,3923.5940,15022.9702,144,25,1.253432,7,2
1883,15,15,0,3639.4733,12367.3665,182,27,3.082608,7,2
1884,11,11,0,2866.4909,9902.4547,139,19,1.373691,6,2
1885,11,11,0,3864.0949,14740.4747,144,24,0.688056,7,3
1886,12,12,0,3585.9010,13324.5052,144,26,0.816207,7,2
1887,10,10,0,3536.0517,12995.2587,150,27,0.998891,7,2
1888,11,11,0,3341.2615,11736.3075,157,21,0.572053,7,2
1889,12,12,0,4340.9763,17179.8814,142,31,1.343997,7,2
1890,15,15,0,4048.9512,15619.7558,142,26,1.180001,7,2
1891,14,14,0,3746.4846,14027.4232,146,29,1.181704,6,2
1892,13,13,0,3489.3256,12466.6278,156,25,0.860481,7,2
1893,12,12,0,3190.2705,11311.3524,145,26,0.834351,5,2
1894,12,12,0,3628.6691,13633.3453,141,23,1.423111,7,2
1895,15,15,0,3586.0151,12895.0753,156,26,1.211637,7,2
1896,16,16,0,3514.4651,12932.3254,142,28,3.797997,7,2
1897,11,11,0,3347.2052,11936.0262,151,21,1.476431,7,2
1898,10,10,0,3788.0485,14145.2426,152,24,0.823996,7,2
1899,15,15,0,3723.4285,13742.1423,150,27,2.966998,7,2
1900,14,14,0,4442.4009,15802.0047,202,32,3.061996,7,2
1901,13,13,0,3810.4317,14307.1585,148,28,2.564338,7,2
1902,15,15,0,4079.0202,15930.1010,137,28,0.637686,7,2
1903,14,14,0,4237.8348,16159.1742,157,42,5.301217,7,2
1904,15,15,0,3536.6320,12638.1601,156,28,1.926523,7,2
1905,10,10,0,3035.9190,10744.5948,140,21,1.163246,7,3
1906,12,12,0,3958.2175,14846.0875,155,25,1.486082,7,2
1907,14,14,0,4542.8085,17689.0424,157,34,1.657476,7,2
1908,14,14,0,3804.8712,14209.3560,149,29,2.320478,7,2
1909,12,12,0,3667.0045,13705.0227,145,24,0.656282,7,2
1910,10,10,0,3021.3204,10221.6021,155,20,0.596761,7,2
1911,13,13,0,3869.1878,14830.9391,140,29,1.086274,7,2
1912,11,11,0,3431.6807,13433.4037,116,21,1.218294,6,2
1913,16,16,0,3926.2418,14791.2090,148,26,0.867758,7,2
1914,15,15,0,4122.0737,15685.3685,153,30,4.034308,7,2
1915,11,11,0,3326.1658,12310.8289,135,23,1.265065,7,2
1916,13,13,0,3815.1578,14540.7890,141,31,5.647404,6,2
1917,16,16,0,3925.5888,14827.9441,147,30,3.144446,7,2
1918,15,15,0,4345.0964,16755.4819,154,38,1.815162,7,2
1919,16,16,0,4674.0543,18010.2717,165,35,1.643722,7,2
1920,11,11,0,3267.3335,11706.6677,146,23,1.156144,7,2
1921,16,16,0,3308.0151,12605.0757,118,22,2.277165,7,2
1922,13,13,0,3649.4253,13347.1263,153,27,0.852795,6,3
1923,14,14,0,3793.9417,14529.7085,137,28,1.124911,7,2
1924,12,12,0,3602.0294,12775.1472,165,27,3.418463,7,2
1925,13,13,0,3479.6785,12288.3927,160,28,0.828958,7,2
1926,13,13,0,4906.5828,17057.9140,257,25,1.567128,7,4
1927,14,14,0,3654.1884,12780.9420,172,27,0.735584,7,3
1928,13,13,0,3753.6868,13828.4342,155,28,0.979365,7,2
1929,11,11,0,3805.3092,14621.5462,138,24,2.113658,7,2
1930,14,14,0,4183.7015,16258.5077,146,34,2.963918,7,2
1931,12,12,0,3932.1444,14300.7219,170,27,1.760696,7,2
1932,12,12,0,3625.2322,13051.1612,160,25,1.797983,7,2
1933,15,15,0,4382.2921,16121.4607,181,36,5.188227,7,2
1934,10,10,0,3358.6621,12153.3106,147,19,0.740688,7,2
1935,13,13,0,3597.6141,13488.0705,139,25,1.889213,6,2
1936,11,11,0,3642.6814,12918.4068,169,28,1.387862,7,3
1937,11,11,0,3432.7555,12488.7777,147,26,0.860919,7,2
1938,12,12,0,3683.2605,13571.3027,152,25,0.966165,7,2
1939,13,13,0,4209.6725,15783.3623,165,34,1.465568,7,2
1940,10,10,0,3799.7040,14373.5200,146,24,1.047809,7,2
1941,13,13,0,3773.5138,13977.5691,153,28,1.269666,7,2
1942,10,10,0,3070.7028,10943.5138,139,20,0.749691,6,3
1943,11,11,0,3857.6030,14298.0151,158,27,1.083017,7,2
1944,15,15,0,3939.6097,14568.0483,159,32,1.328160,7,2
1945,16,16,0,4360.9594,16284.7972,171,34,3.738050,7,2
1946,13,13,0,3730.9845,13899.9226,149,21,0.862741,7,2
1947,12,12,0,3611.6833,13448.4166,144,26,1.557519,7,2
1948,15,15,0,3910.6500,14473.2498,158,28,3.452971,7,2
1949,13,13,0,3922.0190,15290.0950,134,26,1.934313,7,2
1950,10,10,0,3561.1786,13285.8931,143,21,0.621792,7,4
1951,16,16,0,3464.8619,12369.3097,153,31,4.254593,7,2
1952,12,12,0,3261.0647,11605.3235,147,23,0.609359,7,2
1953,10,10,0,3797.0175,13680.0873,169,26,3.336719,7,2
1954,16,16,0,4113.3654,16091.8272,137,33,2.438809,7,2
1955,16,16,0,3556.4216,12842.1082,152,33,2.944530,7,2
1956,14,14,0,3812.6166,14673.0829,135,23,1.689364,7,2
1957,10,10,0,3607.6580,13888.2901,131,25,2.350590,7,2
1958,10,10,0,4006.5454,15812.7268,133,22,1.700114,7,3
1959,10,10,0,4019.8589,14959.2946,164,25,0.566800,7,3
1960,11,11,0,3823.9479,14719.7397,138,23,2.180090,7,2
1961,11,11,0,3620.0151,13860.0754,133,25,1.113879,6,2
1962,14,14,0,3914.3364,14491.6818,158,25,1.865002,7,3
1963,16,16,0,4515.3994,16336.9971,195,34,1.876401,7,2
1964,13,13,0,3781.6260,13618.1298,166,27,0.863628,7,2
1965,10,10,0,4212.1229,16345.6146,149,24,0.870867,7,2
1966,11,11,0,2978.9512,9894.7561,158,23,1.873789,7,2
1967,14,14,0,3878.4483,14697.2413,145,23,0.743323,7,2
1968,12,12,0,3465.5160,13312.5802,125,24,2.764410,7,2
1969,16,16,0,4410.8754,17074.3768,154,29,1.773731,7,2
1970,16,16,0,3603.9447,13549.7235,136,30,2.832779,7,2
1971,11,11,0,3620.5964,13822.9820,134,22,1.220014,7,2
1972,16,16,0,4502.7868,17433.9338,157,29,1.384351,7,2
1973,16,16,0,4835.6960,18608.4802,173,35,5.233529,7,2
1974,12,12,0,3653.8254,13664.1268,144,25,0.812293,7,2
1975,16,16,0,3865.0977,14480.4886,149,26,2.433184,7,2
1976,13,13,0,3800.9315,14099.6574,154,23,1.449441,7,2
1977,14,14,0,4301.2483,16686.2413,150,30,1.656258,7,2
1978,15,15,0,3955.7598,14093.7990,178,33,1.433832,7,2
1979,16,16,0,3647.5146,13327.5731,151,30,3.323332,7,2
1980,14,14,0,3584.2945,12871.4723,157,28,3.725889,7,2
1981,10,10,0,4073.5040,12817.5202,262,22,1.221049,7,2
1982,13,13,0,4249.5448,16042.7240,163,27,0.821292,7,2
1983,15,15,0,3900.0774,13860.3872,176,29,2.532028,7,2
1984,13,13,0,3776.1157,13990.5784,154,25,1.216481,7,2
1985,13,13,0,3659.0792,14065.3960,131,26,3.350422,7,3
1986,12,12,0,2660.6440,9493.2199,118,20,1.115421,5,2
1987,13,13,0,3878.5310,14942.6548,138,29,1.393271,7,2
1988,15,15,0,3589.7093,12578.5464,167,30,3.670801,7,2
1989,11,11,0,3322.2803,11866.4016,150,21,0.860366,7,2
1990,16,16,0,4187.1333,16270.6665,143,35,2.121730,7,2
1991,13,13,0,4313.4453,16682.2266,152,26,0.658462,7,3
1992,12,12,0,4110.1002,15575.5012,157,36,3.129619,7,2
1993,13,13,0,3621.2470,12711.2352,170,22,1.025138,7,2
1994,12,12,0,4209.2715,16096.3574,156,28,5.306084,7,2
1995,16,16,0,3352.8769,12774.3843,120,24,0.902835,7,2
1996,16,16,0,4093.4255,15132.1276,165,30,1.099323,7,2
1997,16,16,0,3814.3976,14046.9879,155,32,2.517332,7,2
1998,15,15,0,3889.5682,14227.8412,163,34,1.478705,7,2
1999,13,13,0,3897.9210,14449.6049,158,27,2.097130,6,3
2000,12,12,0,3641.0029,13155.0143,159,27,0.799646,7,2
2001,11,11,0,3105.5638,10987.8192,143,22,0.795114,6,3
2002,12,12,0,3219.5101,10437.5507,179,25,2.699222,5,2
2003,12,12,0,3231.3702,11831.8512,135,21,0.722424,6,2
2004,11,11,0,3309.2743,12151.3715,138,22,1.357161,7,2
2005,15,15,0,4231.1465,16345.7323,149,27,1.771373,7,2
2006,11,11,0,3236.4062,11592.0311,144,21,1.740240,7,2
2007,15,15,0,4791.4309,18562.1545,169,35,1.282404,7,2
2008,10,10,0,4145.9052,15594.5262,164,22,1.003371,7,2
2009,10,10,0,3975.7178,15588.5889,135,26,0.982131,7,2
2010,13,13,0,3805.2146,14091.0729,154,25,1.359473,7,2
2011,15,15,0,4038.7622,15193.8110,155,30,0.762505,7,2
2012,13,13,0,3819.5830,14752.9148,136,28,2.019353,7,2
2013,15,15,0,3311.5239,12767.6193,115,25,2.024518,6,2
2014,12,12,0,4246.5118,16797.5591,139,30,1.431817,7,2
2015,10,10,0,3419.3242,12566.6208,143,20,0.790012,7,4
2016,11,11,0,3166.9495,11139.7474,148,20,0.617461,7,2
2017,11,11,0,3022.3615,10911.8073,131,19,2.596820,6,2
2018,12,12,0,3187.3526,11356.7628,143,23,1.367125,6,2
2019,15,15,0,3746.5075,14532.5377,129,33,3.662665,6,2
2020,14,14,0,4154.9247,15434.6234,168,38,1.727548,7,2
2021,13,13,0,3946.6338,15158.1689,142,25,1.037170,7,2
2022,10,10,0,3638.2329,13261.1645,158,35,1.142597,7,2
2023,15,15,0,3480.8335,12634.1673,147,25,0.719639,7,2
2024,12,12,0,3396.2937,12671.4683,135,26,1.104768,7,2
2025,14,14,0,3823.3908,14016.9539,159,28,2.767403,7,2
2026,14,14,0,4280.3931,15701.9653,178,28,1.149299,7,2
2027,13,13,0,4185.6483,15883.2413,158,28,1.318525,7,2
2028,15,15,0,4250.6143,17213.0715,124,34,3.296558,7,2
2029,12,12,0,4025.5836,15232.9180,154,30,2.223941,7,2
2030,13,13,0,3451.4434,12217.2168,159,26,1.918141,7,2
2031,11,11,0,4195.0163,16130.0816,153,23,0.833622,7,2
2032,16,16,0,4158.7031,16023.5155,147,33,4.499175,7,2
2033,14,14,0,3276.9889,11344.9445,157,26,1.671481,6,2
2034,16,16,0,4107.3383,14746.6915,181,34,1.237687,7,2
2035,10,10,0,4266.3892,15981.9459,171,31,1.204397,7,2
2036,10,10,0,3694.3323,13911.6617,144,26,1.810643,7,2
2037,11,11,0,3877.0602,13900.3012,175,27,1.553430,7,2
2038,11,11,0,3428.3131,12616.5654,142,25,0.936169,6,2
2039,16,16,0,4397.7495,16903.7477,157,30,2.474698,7,2
2040,10,10,0,3478.2473,13496.2363,122,23,1.149902,6,2
2041,14,14,0,3924.3143,14886.5717,147,30,1.569949,7,2
2042,10,10,0,3453.5455,12972.7276,135,22,0.947257,7,2
2043,15,15,0,3635.3995,13831.9974,133,24,3.107403,7,2
2044,12,12,0,3758.1634,14180.8169,146,28,1.080490,6,2
2045,12,12,0,4004.1295,15525.6473,141,29,1.220036,7,2
2046,14,14,0,3714.2792,13016.3959,174,32,1.451955,7,2
2047,12,12,0,3836.6347,14563.1736,145,24,0.693345,7,2
2048,11,11,0,3486.3610,13501.8048,122,20,2.740638,7,2
2049,15,15,0,3963.6495,14218.2475,175,39,5.577263,7,2
2050,11,11,0,4202.9803,15899.9014,162,33,1.139226,7,2
2051,10,10,0,3186.5376,11222.6879,149,19,1.172492,7,3
2052,10,10,0,3857.8462,14779.2308,143,23,1.067928,7,2
2053,12,12,0,4196.9203,16034.6017,156,27,1.020013,7,3
2054,13,13,0,4728.0825,18805.4125,151,29,1.302262,7,2
2055,13,13,0,4558.4893,17387.4464,170,27,0.643329,7,2
2056,12,12,0,3066.2976,10721.4881,144,24,0.880105,6,2
2057,10,10,0,3315.4087,12212.0435,138,24,0.826402,7,2
2058,11,11,0,3291.2424,11151.2122,168,22,0.570488,7,3
2059,15,15,0,4016.8172,15324.0861,147,28,1.738824,7,2
2060,11,11,0,3624.8570,13224.2850,155,29,2.199346,7,2
2061,14,14,0,3835.8774,14274.3869,152,30,2.548574,7,2
2062,16,16,0,3941.5165,15562.5826,125,25,0.801037,7,2
2063,16,16,0,3986.9819,14409.9095,172,38,3.360543,7,2
2064,10,10,0,3824.4419,14617.2097,142,25,0.831938,7,2
2065,15,15,0,3508.6371,12908.1857,142,26,3.339634,7,2
2066,13,13,0,4599.1427,18440.7137,142,32,2.368715,7,2
2067,12,12,0,3370.6135,12523.0673,135,23,0.759630,6,2
2068,12,12,0,3907.9473,14709.7363,152,26,0.723541,7,2
2069,14,14,0,3856.6368,14443.1840,150,25,0.710002,7,2
2070,12,12,0,3703.9125,14119.5627,138,34,1.225059,6,2
2071,16,16,0,4036.0252,15025.1262,159,27,2.343274,7,2
2072,12,12,0,3172.1960,11860.9801,124,23,1.554423,6,2
2073,15,15,0,3568.0169,12795.0845,155,25,0.707509,7,2
2074,12,12,0,3758.8248,13674.1241,161,22,0.993045,7,2
2075,14,14,0,3599.5871,13207.9355,149,28,1.167246,6,3
2076,15,15,0,4679.9322,18564.6611,149,29,4.529499,7,2
2077,13,13,0,4347.7210,16688.6048,158,32,4.071891,7,2
2078,15,15,0,4318.5708,16307.8542,164,29,2.878172,7,2
2079,11,11,0,4225.7213,16338.6067,151,28,1.299383,7,2
2080,16,16,0,4235.0719,15540.3597,175,33,2.646266,7,2
2081,11,11,0,3750.8064,13964.0319,151,27,1.725151,7,3
2082,16,16,0,3876.9492,14419.7462,153,36,3.947488,7,2
2083,10,10,0,3882.5168,14707.5842,149,29,2.145524,6,2
2084,10,10,0,3250.2220,12021.1100,133,19,0.681978,7,2
2085,15,15,0,4102.2610,15761.3048,147,30,4.575957,7,2
2086,13,13,0,4324.4745,16442.3723,161,29,0.948339,7,2
2087,14,14,0,3272.0475,11720.2375,144,25,1.562943,6,2
2088,10,10,0,3662.4192,14062.0962,134,19,0.743696,7,2
2089,15,15,0,3515.4654,12442.3269,159,27,0.967593,7,2
2090,10,10,0,3726.9071,13704.5353,157,25,0.951478,7,2
2091,15,15,0,3947.4195,13492.0977,197,34,1.285090,7,2
2092,11,11,0,3674.4069,14122.0345,133,31,1.706842,6,2
2093,16,16,0,4180.7243,15163.6215,178,36,4.480339,7,2
2094,10,10,0,3383.3786,11426.8932,175,26,1.333440,7,2
2095,14,14,0,3901.3821,14816.9103,146,31,2.190884,7,2
2096,13,13,0,3860.5469,15082.7344,131,24,2.456202,6,2
2097,16,16,0,3434.3706,12741.8528,135,24,1.620800,7,2
2098,10,10,0,2933.9318,10409.6592,134,18,0.761288,7,2
2099,13,13,0,3673.4020,13577.0098,150,25,0.903242,7,2
2100,16,16,0,4261.8423,16379.2117,152,31,1.173307,7,2
2101,12,12,0,3955.9288,14169.6440,178,27,1.440018,7,2
2102,13,13,0,3185.9107,11694.5533,131,22,1.052774,6,2
2103,10,10,0,3262.1599,11845.7997,141,19,1.877956,6,2
2104,16,16,0,4016.4273,14987.1366,157,31,0.995521,7,2
2105,12,12,0,4090.2469,15186.2346,166,29,0.705532,7,3
2106,10,10,0,3032.4712,9882.3559,168,24,0.769876,7,2
2107,14,14,0,4266.3383,15436.6914,186,43,2.154331,7,2
2108,15,15,0,4413.1294,16870.6472,161,35,5.410398,7,3
2109,12,12,0,3654.1615,12860.8077,171,29,1.747332,7,2
2110,14,14,0,3905.0617,14000.3083,173,28,0.850399,7,3
2111,15,15,0,3788.7412,13648.7061,165,30,1.436476,6,2
2112,16,16,0,3583.6723,13028.3615,151,29,1.691242,7,2
2113,11,11,0,3906.9439,14414.7197,162,22,1.470232,7,2
2114,15,15,0,4631.9718,16724.8588,203,34,1.054829,7,2
2115,10,10,0,2968.0731,10260.3656,145,22,1.011419,7,2
2116,12,12,0,3233.6387,11348.1936,151,26,2.756660,6,2
2117,15,15,0,3775.8054,14079.0271,148,28,0.815444,7,2
2118,10,10,0,4122.7359,15798.6793,154,34,1.064764,7,2
2119,13,13,0,3909.7810,14098.9048,172,27,1.149880,7,2
2120,14,14,0,3662.0183,13445.0915,151,30,3.370642,7,2
2121,15,15,0,4471.2963,16471.4813,185,34,2.503266,7,2
2122,10,10,0,3253.7389,12373.6943,122,20,0.495061,6,2
2123,13,13,0,3964.7196,14423.5982,170,33,0.725936,7,2
2124,12,12,0,4284.6829,16608.4146,153,28,1.382311,7,2
2125,11,11,0,3415.4379,13002.1894,127,25,1.402298,7,2
2126,12,12,0,3660.5214,13467.6068,152,28,0.589140,7,2
2127,10,10,0,3796.8716,14574.3580,139,22,0.522914,7,2
2128,12,12,0,3539.3345,13196.6727,140,23,0.782869,6,2
2129,16,16,0,4286.5254,15717.6272,178,29,2.453910,7,2
2130,12,12,0,3564.7427,13333.7136,140,28,2.460064,7,2
2131,10,10,0,3430.3183,12811.5916,137,23,1.280838,7,2
2132,14,14,0,4010.9211,15064.6054,156,31,1.187062,6,2
2133,14,14,0,4199.5881,16322.9403,145,24,1.229597,7,3
2134,16,16,0,4113.7240,14528.6201,190,34,4.161120,7,2
2135,11,11,0,3746.8345,14669.1727,128,27,1.102984,6,2
2136,13,13,0,4042.8708,14549.3541,179,31,3.629907,7,3
2137,13,13,0,4089.8039,15429.0193,157,28,2.306202,7,2
2138,14,14,0,3314.6007,11758.0033,149,25,3.816145,7,2
2139,10,10,0,2821.9707,10089.8536,126,18,1.163290,6,2
2140,12,12,0,3908.3682,14826.8408,148,30,1.573745,7,2
2141,12,12,0,3275.8159,11709.0795,146,25,0.942056,7,2
2142,11,11,0,3444.5105,12672.5526,143,22,0.704348,7,2
2143,13,13,0,4234.8414,16229.2071,155,38,1.303254,7,2
2144,12,12,0,4250.5675,16362.8374,154,30,1.042163,7,2
2145,11,11,0,3744.3056,14076.5282,146,27,1.387301,7,2
2146,11,11,0,3392.8264,12229.1319,149,20,1.167881,7,2
2147,12,12,0,4519.6685,17868.3427,148,29,0.860941,7,2
2148,16,16,0,4354.7632,16358.8161,168,33,1.478153,7,2
2149,14,14,0,3493.1892,12640.9459,150,25,1.328412,7,2
2150,12,12,0,3901.3189,15136.5945,136,27,1.645667,7,2
2151,10,10,0,3316.3558,11846.7789,150,22,1.596700,7,2
2152,10,10,0,3421.1615,12435.8077,148,27,0.915091,6,2
2153,13,13,0,4377.2837,16106.4184,182,29,1.294144,7,3
2154,11,11,0,3571.4292,13462.1458,138,24,1.509366,7,2
2155,14,14,0,3707.5503,13417.7515,159,24,0.665254,7,3
2156,14,14,0,3313.0759,12290.3794,132,26,3.299744,6,2
2157,16,16,0,3679.8365,13479.1824,151,23,1.454107,7,2
2158,13,13,0,3885.2463,14541.2315,152,32,3.485160,7,2
2159,14,14,0,4476.5699,17477.8493,152,26,1.894826,7,2
2160,11,11,0,3711.7196,13973.5981,145,26,1.461483,7,2
2161,14,14,0,3441.4107,12557.0534,144,24,2.244281,7,2
2162,16,16,0,4042.8626,15114.3132,158,34,1.265395,7,2
2163,16,16,0,4132.7553,15873.7767,147,31,2.894112,7,2
2164,11,11,0,3295.9870,12719.9348,117,24,1.494800,6,2
2165,13,13,0,3649.4402,13832.2008,137,24,1.974609,7,2
2166,16,16,0,3902.2404,14316.2019,160,28,1.243052,7,2
2167,16,16,0,3454.8476,12549.2379,145,26,2.887322,7,2
2168,16,16,0,3910.6895,14508.4476,156,31,2.155541,7,2
2169,12,12,0,4158.2742,15891.3709,154,30,3.015538,7,2
2170,14,14,0,4428.5442,16597.7208,175,38,4.057217,7,2
2171,12,12,0,4419.6007,17458.0035,146,26,1.794792,7,2
2172,16,16,0,4109.5371,15742.6854,148,29,3.296597,7,2
2173,12,12,0,3367.7227,12148.6136,147,27,1.574777,7,2
2174,11,11,0,3169.4143,11377.0714,140,23,1.083895,6,2
2175,14,14,0,3880.9559,14754.7794,144,25,1.747922,7,3
2176,12,12,0,3672.4315,13142.1577,164,30,2.118159,6,2
2177,16,16,0,4192.9745,15579.8724,168,32,2.218436,7,2
2178,15,15,0,3796.3066,13936.5332,157,25,3.054832,7,2
2179,13,13,0,4052.5323,15337.6617,154,34,1.865028,7,2
2180,15,15,0,3809.8955,14059.4774,154,30,3.370078,7,2
2181,10,10,0,3860.2183,14796.0913,142,25,0.805293,7,2
2182,16,16,0,4843.8971,19014.4854,162,39,3.637650,7,2
2183,15,15,0,3977.2426,15276.2132,142,29,2.743530,7,2
2184,15,15,0,3686.3768,13921.8839,139,29,2.074319,7,2
2185,14,14,0,4174.8516,15759.2581,159,34,1.719111,7,2
2186,13,13,0,3735.1801,14055.9007,144,27,1.302481,7,2
2187,12,12,0,3425.7804,12423.9018,147,24,1.328940,7,2
2188,16,16,0,3996.0310,14400.1549,173,30,1.736984,7,2
2189,12,12,0,3797.0058,14475.0291,141,25,0.585543,7,2
2190,13,13,0,3238.4754,10987.3772,163,23,0.781526,6,2
2191,16,16,0,4344.0345,16800.1725,151,29,0.593233,7,3
2192,11,11,0,3404.7079,12393.5396,146,24,0.675931,7,2
2193,16,16,0,4680.9269,18119.6344,165,33,2.118713,7,2
2194,16,16,0,3991.3117,14351.5586,174,31,1.436930,7,3
2195,13,13,0,4059.2685,15136.3427,162,29,1.408496,7,2
2196,10,10,0,4537.5451,14407.7254,291,29,0.773835,7,2
2197,14,14,0,4165.8697,15879.3485,154,27,0.930754,7,2
2198,11,11,0,3965.0464,15050.2321,152,32,0.675835,7,2
2199,13,13,0,3694.2548,13171.2740,166,25,1.277596,7,3
2200,12,12,0,3293.4999,11887.4995,143,21,0.442925,7,2
2201,10,10,0,3933.7948,14908.9741,151,21,0.629103,7,3
2202,12,12,0,4433.1604,17540.8019,145,28,1.117673,7,2
2203,10,10,0,3279.9665,12259.8326,130,22,1.814318,6,2
2204,16,16,0,4041.2406,15431.2028,147,29,3.949681,7,2
2205,15,15,0,4045.3456,14961.7282,164,30,2.336156,7,2
2206,13,13,0,4148.2046,15471.0229,165,25,1.881560,7,2
2207,13,13,0,3075.1967,10305.9836,158,23,1.772023,6,2
2208,11,11,0,3738.9488,13809.7439,154,25,1.420304,7,2
2209,11,11,0,3789.7697,14578.8485,137,25,1.004951,7,2
2210,16,16,0,4026.5623,14782.8114,166,30,1.330030,7,2
2211,13,13,0,4352.1477,16865.7386,152,23,0.784135,7,3
2212,15,14,1,5088.9900,20959.9498,141,160,5.473088,7,2
2213,12,12,0,3773.6349,14323.1746,143,33,2.583418,6,2
2214,14,14,0,3614.6083,13203.0417,152,29,1.690634,6,2
2215,16,16,0,4665.7904,17773.9519,172,30,1.759261,7,2
2216,13,13,0,3837.3051,14851.5257,134,24,2.395461,7,2
2217,14,14,0,4051.1290,14065.6449,195,33,1.395458,7,2
2218,10,10,0,3578.9656,13459.8281,140,25,0.972000,7,2
2219,11,11,0,3346.0306,12210.1532,142,24,0.938299,7,2
2220,14,14,0,3951.1885,15020.9426,147,27,2.638967,7,2
2221,11,11,0,3430.4084,12517.0421,146,20,0.592016,7,2
2222,11,11,0,3415.1236,12340.6178,149,24,0.940265,7,2
2223,15,15,0,3514.6443,12358.2214,162,30,1.380058,6,2
2224,11,11,0,3604.1144,13180.5720,153,28,0.836834,7,2
2225,12,12,0,4074.0959,15915.4793,141,26,2.338913,7,2
2226,14,14,0,4353.1745,17445.8727,133,31,2.792969,7,2
2227,10,10,0,3705.4697,14092.3483,141,22,1.537472,7,2
2228,11,11,0,3522.9113,13389.5563,132,24,1.087492,7,2
2229,14,14,0,4364.5423,17342.7113,138,28,1.981079,7,2
2230,16,16,0,3858.9685,15334.8425,120,30,2.212144,7,2
2231,15,15,0,3814.9531,14389.7655,144,27,3.218427,7,2
2232,16,16,0,3931.7601,15008.8006,142,27,2.597539,7,2
2233,10,10,0,3892.0632,14730.3159,150,27,1.040728,7,2
2234,15,15,0,4050.8703,14919.3514,166,30,2.012038,7,2
2235,11,11,0,3778.6146,14358.0728,142,28,0.904410,7,2
2236,13,13,0,3838.5636,15132.8179,126,27,2.860337,7,2
2237,16,16,0,4091.7694,15893.8468,140,31,1.981461,7,2
2238,10,10,0,3066.9942,11184.9709,131,21,1.914684,7,2
2239,14,14,0,3650.7420,13203.7102,157,29,1.439815,6,2
2240,15,15,0,3905.7204,14323.6021,162,31,3.599987,7,2
2241,16,16,0,5037.1108,20195.5539,154,31,3.100625,7,2
2242,11,11,0,3539.2465,13286.2324,138,23,1.064843,7,2
2243,14,14,0,4092.3404,15531.7020,154,28,2.131921,7,2
2244,11,11,0,3541.3494,13191.7471,142,27,1.388732,7,2
2245,14,14,0,3868.2440,14496.2199,150,26,4.697176,7,2
2246,16,16,0,3743.9243,13564.6214,159,25,2.268587,7,2
2247,15,15,0,3699.7030,13823.5149,144,28,1.912652,7,2
2248,12,12,0,3335.1276,11745.6382,155,32,1.202665,6,2
2249,16,16,0,4068.5018,14512.5088,182,30,2.231275,7,2
2250,16,16,0,4421.9843,16424.9216,177,28,1.427363,7,2
2251,10,10,0,3142.2985,11056.4926,147,23,0.524159,6,3
2252,15,15,0,3822.8676,14429.3380,144,26,2.307341,7,2
2253,14,14,0,3991.6080,15008.0398,154,29,0.934914,6,2
2254,10,10,0,3359.3859,12511.9297,135,19,1.239413,7,3
2255,16,16,0,3608.2114,13071.0571,153,25,2.950503,7,2
2256,10,10,0,3769.4647,13992.3233,154,21,0.458150,7,3
2257,10,10,0,3502.0190,12710.0952,152,24,0.545673,7,2
2258,10,10,0,3623.3949,14056.9746,128,26,1.010281,6,2
2259,13,13,0,4170.2283,16606.1416,131,30,0.707539,7,2
2260,15,15,0,4062.2872,14771.4358,173,30,1.794884,7,2
2261,14,14,0,3480.2521,12041.2605,167,28,0.968030,7,2
2262,12,12,0,3972.8539,15114.2695,149,27,0.873521,7,3
2263,12,12,0,3459.2438,13471.2191,118,24,1.545696,7,2
2264,10,10,0,5121.3118,18106.5588,259,29,1.264659,7,2
2265,15,15,0,4125.9952,15294.9759,166,31,0.639030,7,2
2266,16,16,0,3486.8816,13154.4080,130,27,1.068906,7,2
2267,15,15,0,4335.3814,16291.9072,167,33,0.852240,6,2
2268,11,11,0,3824.3137,14156.5687,157,27,0.834730,7,2
2269,14,14,0,4217.3636,16741.8180,134,29,1.595321,7,2
2270,14,14,0,3235.0421,11405.2104,148,26,0.582852,6,2
2271,14,14,0,3770.2011,14201.0053,144,31,0.662794,7,2
2272,12,12,0,3603.3528,13166.7642,153,29,3.930127,7,2
2273,14,14,0,3839.7653,14103.8267,158,26,2.064549,7,2
2274,11,11,0,3670.8214,14019.1070,136,23,0.623298,7,2
2275,13,13,0,3646.1610,12440.8050,184,30,1.669018,6,2
2276,15,15,0,4163.8049,15789.0245,156,28,2.554894,7,3
2277,12,12,0,3795.9437,13639.7187,168,27,0.867651,7,2
2278,11,11,0,3397.5144,12642.5718,135,20,1.069009,7,2
2279,10,10,0,3057.6996,10483.4981,152,19,0.793270,7,2
2280,13,13,0,4004.3092,14811.5460,165,32,1.202101,7,2
2281,14,14,0,4333.9732,16559.8658,159,32,3.035101,7,2
2282,12,12,0,3930.6936,15203.4680,139,27,1.778808,7,2
2283,10,10,0,3151.9607,11104.8033,148,22,0.827309,6,2
2284,11,11,0,3646.6032,13483.0158,150,25,0.602848,7,3
2285,11,11,0,3313.7985,11783.9924,150,21,0.797261,7,2
2286,12,12,0,3888.4630,15022.3152,138,27,2.134988,7,2
2287,10,10,0,3618.9007,13394.5033,149,25,0.726466,6,2
2288,15,15,0,4480.6881,17253.4406,160,29,1.708073,7,2
2289,10,10,0,3779.7590,13738.7949,164,26,0.960048,7,3
2290,11,11,0,3835.1804,14140.9021,159,24,2.881818,7,2
2291,10,10,0,4102.6891,16268.4453,134,29,1.630182,7,2
2292,11,11,0,3531.4372,13462.1859,131,22,0.900929,6,2
2293,11,11,0,3426.9052,13089.5262,126,23,0.853952,6,2
2294,16,16,0,3775.0825,13995.4124,150,29,1.102072,7,2
2295,16,16,0,4734.7060,18913.5300,146,31,1.811219,7,2
2296,10,10,0,3163.9533,10904.7666,156,22,2.007827,7,2
2297,10,10,0,3348.0002,12125.0010,147,22,0.983141,7,2
2298,16,16,0,3800.3622,14216.8112,147,31,3.552389,7,2
2299,12,12,0,4180.5967,16177.9837,148,28,2.294779,7,2
2300,16,16,0,4189.6033,15173.0165,179,29,2.164678,7,2
2301,16,16,0,3912.7528,15193.7642,133,27,1.455983,7,2
2302,13,13,0,4226.4606,15767.3030,169,32,3.513266,7,2
2303,16,16,0,3510.8701,13224.3504,131,26,2.358489,7,2
2304,10,10,0,3440.1551,12785.7756,139,22,1.065881,7,2
2305,12,12,0,3523.9688,13284.8440,135,26,2.290305,7,2
2306,10,10,0,3374.5273,12562.6366,136,19,0.720763,6,2
2307,15,15,0,4484.7867,16548.9333,184,31,1.715411,7,2
2308,15,15,0,3821.8891,14064.4455,157,31,2.799478,7,2
2309,12,12,0,3262.8312,12334.1559,123,21,1.058912,6,2
2310,11,11,0,3603.6146,13558.0732,140,25,1.239966,7,2
2311,12,12,0,3922.9786,15179.8929,138,24,1.452050,7,2
2312,15,15,0,4010.8834,14744.4170,165,33,3.118769,7,2
2313,13,13,0,3695.9115,13744.5575,148,27,2.270906,6,2
2314,16,16,0,4029.1169,15285.5844,149,29,5.286118,7,2
2315,13,13,0,4170.1776,15535.8881,167,29,1.191898,7,2
2316,16,16,0,3360.0630,12645.3148,126,23,2.247124,7,2
2317,13,13,0,3215.3762,11316.8810,148,23,1.155203,7,2
2318,16,16,0,4196.4190,15252.0952,179,33,3.561561,7,2
2319,10,10,0,4341.3789,16571.8944,164,35,5.374237,7,2
2320,14,14,0,3419.9819,12079.9094,156,27,1.159539,7,2
2321,16,16,0,4217.3990,15566.9951,171,28,1.407442,7,2
2322,15,15,0,3919.6068,14958.0341,143,30,1.296722,7,2
2323,10,10,0,3382.3722,11806.8608,162,23,0.490960,7,3
2324,15,15,0,4028.4802,15002.4009,159,27,2.733221,7,2
2325,10,10,0,3332.0762,12020.3812,147,27,2.646451,6,2
2326,16,16,0,3867.8824,13859.4121,169,27,0.723098,7,2
2327,14,14,0,3682.7623,13988.8115,137,26,1.396362,7,2
2328,12,12,0,4271.5184,15767.5922,177,32,0.568761,7,2
2329,14,14,0,3636.8239,13429.1197,148,28,0.681030,7,2
2330,15,15,0,3808.3186,13276.5932,180,32,3.048196,7,2
2331,16,16,0,3876.2183,13961.0917,168,30,1.925991,7,3
2332,11,11,0,2956.7091,9723.5453,160,28,0.884225,5,2
2333,11,11,0,3496.3810,13076.9049,138,27,0.482318,7,2
2334,10,10,0,3720.8786,13879.3929,150,25,1.472103,7,2
2335,14,14,0,4054.8516,15519.2578,148,29,0.852766,7,2
2336,11,11,0,3489.6473,12113.2364,169,23,1.384988,7,2
2337,13,13,0,4177.7641,16203.8203,146,28,2.816019,7,2
2338,13,13,0,3790.8234,14159.1171,150,25,0.656939,6,2
2339,11,11,0,3279.7837,11848.9187,143,20,1.263764,7,2
2340,12,12,0,3874.1886,14375.9428,158,38,0.715243,7,2
2341,14,14,0,3828.6643,14573.3214,141,25,0.758991,7,2
2342,14,14,0,3571.9383,13204.6914,144,24,1.162322,7,2
2343,15,15,0,3725.0897,13255.4487,167,26,4.105359,7,2
2344,16,16,0,4412.6591,17498.2955,139,29,4.889615,7,2
2345,14,14,0,4218.7562,15893.7812,162,32,3.990049,7,2
2346,16,16,0,3868.5221,14417.6103,151,30,2.954126,7,2
2347,12,12,0,3228.5614,11752.8072,137,26,2.363419,7,2
2348,12,12,0,3554.8940,12509.4698,166,24,1.518837,7,2
2349,14,14,0,4306.1498,16275.7491,164,30,2.249564,7,2
2350,11,11,0,3802.5845,14547.9225,140,22,1.537739,7,3
2351,15,15,0,3773.6098,13408.0489,170,33,1.546943,7,2
2352,12,12,0,3844.1900,14345.9498,153,28,2.458972,7,2
2353,12,12,0,3491.7052,12598.5260,153,23,0.966636,6,2
2354,15,15,0,4096.2844,15131.4221,167,34,3.748357,7,2
2355,15,15,0,4433.1199,16440.5995,184,26,2.440844,7,2
2356,15,15,0,4248.2465,15656.2327,174,29,2.593339,7,3
2357,13,13,0,3601.7037,13513.5186,140,27,1.187791,7,2
2358,14,14,0,4032.2274,15106.1368,157,27,1.412365,7,2
2359,11,11,0,3199.7755,11653.8775,136,26,1.251741,6,2
2360,12,12,0,3657.3042,13796.5211,140,22,0.816612,7,2
2361,16,16,0,4008.9217,14909.6086,159,31,1.045536,7,2
2362,16,16,0,4437.7509,16218.7543,185,31,1.778768,7,2
2363,10,10,0,3935.3000,14336.4999,170,29,1.337896,7,2
2364,10,10,0,3664.1746,13580.8732,150,23,1.772143,7,2
2365,15,15,0,3646.8960,13614.4800,142,26,2.746430,7,2
2366,11,11,0,3787.8650,13889.3251,160,29,0.840522,7,3
2367,12,12,0,3764.1543,14855.7714,123,20,1.542010,7,4
2368,12,12,0,3122.5713,11607.8564,124,19,2.255774,5,3
2369,11,11,0,3408.3492,11891.7461,163,23,1.734091,7,2
2370,14,14,0,3767.1821,13310.9107,173,30,4.607535,7,3
2371,13,13,0,3947.0033,15200.0165,141,26,3.193340,7,3
2372,16,16,0,4180.6359,16148.1794,146,31,2.928177,7,2
2373,10,10,0,3777.1957,13770.9785,163,28,1.002196,7,2
2374,11,11,0,3440.0811,12525.4056,147,22,0.632843,7,2
2375,16,16,0,4970.3163,19621.5814,162,38,2.116706,7,2
2376,12,12,0,3990.2815,14656.4075,167,30,3.248373,7,2
2377,15,15,0,3221.2348,11516.1740,141,27,2.051281,6,2
2378,13,13,0,4092.8000,15988.9999,139,28,2.646068,7,2
2379,13,13,0,3766.2351,14046.1753,149,27,2.272275,7,2
2380,16,16,0,3331.0148,11795.0742,149,25,0.646166,7,2
2381,14,14,0,3884.4556,15117.2782,133,27,2.086180,6,2
2382,15,15,0,3858.6511,13928.2555,166,24,1.239873,7,2
2383,14,14,0,4240.9941,15729.9703,171,29,2.306760,7,2
2384,14,14,0,3487.8376,12099.1880,167,26,0.711147,7,2
2385,13,13,0,3933.0872,15395.4359,132,23,2.243331,7,2
2386,12,12,0,3752.3484,13346.7422,171,28,2.020089,7,2
2387,11,11,0,3217.0410,10970.2049,161,24,0.593498,7,2
2388,13,13,0,3672.9699,12409.8495,188,29,2.396645,7,2
2389,15,15,0,3625.7277,11738.6387,201,31,1.895498,7,2
2390,14,14,0,4556.2919,17406.4596,168,31,1.334996,7,2
2391,12,12,0,3187.9801,11584.9003,136,25,1.956834,6,2
2392,13,13,0,3630.1713,13680.8567,139,28,0.823218,7,2
2393,12,12,0,4623.0843,18245.4216,153,30,1.787590,7,2
2394,12,12,0,3630.5923,13547.9615,144,23,0.692962,7,2
2395,14,14,0,3348.6920,12228.4600,140,24,1.633357,7,2
2396,14,14,0,3490.1381,12705.6903,147,23,1.270235,6,2
2397,10,10,0,2914.3172,10761.5859,119,19,0.704222,5,2
2398,11,11,0,3121.2765,11061.3826,142,20,0.661375,6,2
2399,12,12,0,3856.2969,14641.4847,145,25,1.306395,7,2
2400,16,16,0,3541.2865,11771.4326,185,27,1.973978,7,2
2401,12,12,0,3712.9758,14059.8792,141,25,0.614094,7,2
2402,11,11,0,3597.5237,12867.6183,162,24,0.840665,7,3
2403,10,10,0,3260.3099,11311.5493,159,26,0.778066,7,2
2404,14,14,0,3989.7309,14773.6545,161,29,2.408066,7,2
2405,11,11,0,3623.9730,12874.8648,170,35,1.155390,7,2
2406,10,10,0,3136.7979,11673.9897,126,21,0.796433,6,2
2407,11,11,0,3413.1517,12825.7585,133,21,0.537006,6,2
2408,15,15,0,3724.8753,14464.3767,127,31,1.408273,6,2
2409,14,14,0,3659.4744,13607.3719,145,27,1.776052,6,2
2410,16,16,0,3416.1099,12410.5497,142,24,1.404100,7,2
2411,15,15,0,3672.1674,13425.8368,153,27,0.715332,7,2
2412,16,16,0,3889.2855,13746.4273,178,34,2.302755,7,2
2413,16,16,0,4259.1534,15970.7672,165,28,1.559893,7,2
2414,11,11,0,3522.7176,13148.5881,140,24,0.805181,6,2
2415,10,10,0,3268.7722,11913.8608,140,20,0.855701,7,2
2416,14,14,0,4307.3195,16826.5974,146,32,2.205655,7,2
2417,14,14,0,3649.0131,13440.0655,149,25,1.160224,7,2
2418,14,14,0,3874.8165,13569.0826,182,26,4.343341,7,2
2419,14,14,0,4691.2676,16776.3381,211,44,9.839180,7,2
2420,13,13,0,3359.4368,11677.1839,160,28,1.127042,6,2
2421,14,14,0,4718.6733,17738.3667,184,32,3.264515,7,2
2422,16,16,0,4578.9409,17549.7047,166,31,1.841656,7,2
2423,12,12,0,3646.0302,14005.1512,132,30,0.865093,6,2
2424,11,11,0,3508.6630,12333.3151,165,25,3.009955,7,2
2425,11,11,0,3848.3443,14731.7217,142,27,0.823695,7,2
2426,13,13,0,3396.3347,12511.6733,139,25,2.405072,6,2
2427,11,11,0,3708.7847,13638.9236,155,24,1.452620,7,2
2428,16,16,0,4024.9992,15449.9958,143,34,4.038512,7,2
2429,13,13,0,3784.8285,14159.1423,148,24,2.939756,7,2
2430,10,10,0,3251.7990,11478.9949,151,21,0.849369,7,2
2431,15,15,0,3886.1719,14345.8593,158,30,2.617812,7,2
2432,15,15,0,4250.8155,15969.0773,164,29,2.262812,7,2
2433,10,10,0,3501.9789,13674.8946,120,19,0.786558,6,2
2434,16,16,0,4160.4104,15902.0522,151,30,2.240794,7,2
2435,16,16,0,3374.5547,12597.7737,130,25,2.231687,7,2
2436,16,16,0,3568.0821,12695.4106,159,26,2.575428,7,2
2437,15,15,0,3348.0922,12205.4608,139,23,1.335776,6,2
2438,14,14,0,3383.9609,11949.8044,155,29,2.914842,7,2
2439,14,14,0,3736.1491,13945.7457,147,22,1.082560,6,2
2440,14,14,0,3037.9799,10704.8993,138,24,3.659997,7,2
2441,12,12,0,3646.5636,13677.8181,143,24,1.649130,7,2
2442,14,14,0,4003.7511,14613.7553,169,30,1.471441,7,3
2443,15,15,0,3899.3985,14486.9923,155,25,2.177755,7,2
2444,12,12,0,3511.8339,13124.1694,138,25,1.758822,7,2
2445,10,10,0,3496.5639,13047.8195,140,19,0.550177,7,3
2446,10,10,0,3269.7756,11963.8778,138,24,0.779960,6,2
2447,14,14,0,3775.4281,13892.1407,155,28,0.971151,7,2
2448,12,12,0,4303.0647,16205.3234,168,27,0.583322,7,2
2449,16,16,0,4476.6638,16963.3188,168,37,1.733815,7,2
2450,15,15,0,3717.3827,13901.9137,144,30,0.947864,6,2
2451,11,11,0,2846.6102,10163.0512,127,22,0.677753,6,2
2452,16,16,0,3904.4370,14387.1848,159,29,1.150881,7,2
2453,14,14,0,3839.2393,14506.1966,145,27,2.089609,7,2
2454,12,12,0,3318.9299,12269.6496,135,21,0.496299,6,2
2455,11,11,0,4239.3799,16101.8993,161,29,1.126068,7,2
2456,10,10,0,3040.7158,10753.5791,141,24,0.531843,6,3
2457,16,16,0,3924.6681,13733.3407,184,33,1.934773,7,2
2458,14,14,0,4111.4157,15732.0784,150,30,0.853341,6,3
2459,14,14,0,3330.1321,12050.6604,142,23,1.436133,6,2
2460,15,15,0,3980.7601,14833.8003,157,32,1.082646,7,2
2461,14,14,0,3455.8677,11929.3387,168,31,1.382504,6,2
2462,13,13,0,3826.4926,14167.4631,155,24,0.873294,7,2
2463,13,13,0,3616.5274,14032.6371,125,28,2.310062,7,2
2464,16,16,0,4107.0128,15610.0640,152,32,2.972370,7,2
2465,11,11,0,3268.6587,11663.2934,147,24,1.958546,6,2
2466,11,11,0,3068.7697,11298.8486,127,21,0.865728,6,2
2467,12,12,0,3320.0271,11845.1354,149,23,0.593347,7,2
2468,16,16,0,3768.3260,13701.6298,159,31,1.771597,7,2
2469,13,13,0,4073.7318,15313.6589,158,28,1.695252,7,2
2470,12,12,0,3774.5168,13597.5839,166,25,1.041737,7,2
2471,16,16,0,4580.3684,17206.8418,177,36,1.603053,7,2
2472,12,12,0,3597.1085,12900.5425,160,24,1.129944,7,3
2473,10,10,0,3391.6935,12363.4676,145,20,0.395860,7,3
2474,10,10,0,3750.0228,13405.1138,170,26,0.803696,7,2
2475,10,10,0,3682.8903,13964.4516,141,22,0.421837,7,3
2476,11,11,0,3646.2923,13541.4616,148,27,1.292193,6,2
2477,10,10,0,3567.8563,13954.2816,122,23,0.619189,6,2
2478,16,16,0,3806.4878,13667.4388,166,31,2.016775,7,2
2479,13,13,0,3847.7626,14583.8128,145,33,0.988416,7,2
2480,14,14,0,4081.4756,15117.3779,165,29,0.574046,7,2
2481,13,13,0,4452.4343,14797.1713,256,24,1.405203,7,2
2482,15,15,0,3717.1097,13910.5487,144,26,1.754755,7,2
2483,13,13,0,3925.3506,13701.7528,188,30,1.887173,7,2
2484,14,14,0,4156.9672,16604.8359,129,27,1.474079,7,2
2485,13,13,0,3986.6909,15013.4544,154,27,0.983130,7,3
2486,14,14,0,3528.2182,12101.0911,174,27,2.042229,7,2
2487,14,14,0,4018.7761,14848.8804,164,31,2.006000,7,2
2488,10,10,0,3319.1623,11740.8113,154,20,0.954007,7,2
2489,12,12,0,3767.1380,13490.6902,169,25,0.733259,7,3
2490,13,13,0,3973.5460,15042.7299,152,31,1.235760,7,2
2491,15,15,0,3734.5497,13962.7486,145,29,2.019324,7,2
2492,13,13,0,3426.1564,12200.7821,154,25,0.805458,7,2
2493,16,16,0,3751.6847,13778.4234,153,25,1.352222,7,2
2494,13,13,0,4389.5875,16517.9373,171,30,1.115589,7,2
2495,15,15,0,3744.3326,13641.6629,157,32,3.134386,7,2
2496,10,10,0,3404.2017,12596.0084,140,24,2.013892,7,3
2497,11,11,0,3672.8967,13599.4833,150,23,1.180930,7,4
2498,15,15,0,3509.3227,12411.6135,159,29,1.434504,7,2
2499,15,15,0,3672.4565,13097.2823,163,27,1.301348,7,2
2500,14,14,0,4136.6658,15468.3288,163,31,2.020567,7,2
2501,16,16,0,3687.7851,13663.9257,147,32,3.836951,7,2
2502,12,12,0,3921.8256,14774.1281,152,27,0.844814,7,2
2503,12,12,0,3838.9561,13899.7807,167,28,2.399358,6,2
2504,14,14,0,3529.7870,12003.9350,177,32,0.782025,7,2
2505,12,12,0,3598.3093,13486.5465,142,27,1.658613,6,2
2506,16,16,0,3959.9250,14424.6248,166,30,0.910902,7,2
2507,12,12,0,3967.9477,15029.7387,151,26,0.929718,7,2
2508,12,12,0,3663.4479,13582.2396,149,24,0.707598,6,3
2509,15,15,0,3679.4198,13687.0991,145,29,2.244645,7,2
2510,14,14,0,4044.8927,14694.4634,174,40,5.406876,6,2
2511,10,10,0,3754.2708,13956.3542,153,26,1.286616,7,2
2512,10,10,0,3078.8205,10269.1025,163,20,0.406712,7,3
2513,11,11,0,3174.0024,11025.0119,153,23,1.015769,6,2
2514,10,10,0,3449.9823,12399.9115,153,20,0.486603,6,2
2515,13,13,0,3389.7160,11938.5801,156,27,0.936910,6,2
2516,15,15,0,4438.1503,16860.7516,167,38,1.933109,7,2
2517,13,13,0,3137.4780,11342.3900,134,21,1.728907,6,2
2518,10,10,0,2665.3711,9541.8557,118,17,0.743871,5,2
2519,11,11,0,3665.3914,13681.9570,146,20,0.431558,7,2
2520,10,10,0,3808.3573,14176.7865,155,29,0.746325,7,2
2521,16,16,0,4004.9278,15644.6392,134,28,2.257233,7,2
2522,15,15,0,3999.6722,15023.3611,154,27,2.237787,7,2
2523,12,12,0,3614.7900,13168.9502,154,24,0.487840,6,3
2524,16,16,0,3985.1319,15165.6597,146,32,1.700432,7,2
2525,15,15,0,4688.0087,18785.0436,143,28,1.091480,7,2
2526,12,12,0,4346.1066,16625.5330,161,28,0.776364,7,2
2527,12,12,0,3295.3721,11506.8606,157,26,0.498524,7,2
2528,16,16,0,5092.9370,17479.6849,274,32,1.306522,7,2
2529,12,12,0,3499.6752,13133.3760,136,26,0.810569,7,3
2530,11,11,0,4113.7090,15963.5450,145,27,0.700115,7,2
2531,10,10,0,3478.5269,13062.6347,136,19,0.817598,7,2
2532,15,15,0,3398.5714,12617.8571,134,25,2.931412,7,2
2533,13,13,0,4009.6893,15563.4465,140,31,2.084233,7,2
2534,14,14,0,4005.7867,14943.9336,159,33,1.271683,7,2
2535,15,15,0,3908.8544,15189.2721,133,24,1.911375,7,2
2536,10,10,0,3095.4797,10682.3986,152,22,0.382114,6,2
2537,16,16,0,4341.7207,16453.6036,163,32,1.232299,7,2
2538,10,10,0,3535.8079,13104.0395,145,27,0.840991,7,2
2539,14,14,0,3435.8705,12599.3526,142,24,0.818516,6,2
2540,16,16,0,3993.8719,14574.3593,167,30,1.033834,7,2
2541,16,16,0,3895.5725,14632.8625,149,28,2.323253,7,2
2542,16,16,0,4135.5633,15432.8165,162,34,0.835197,7,2
2543,10,10,0,3385.5603,12487.8013,140,23,0.998802,7,2
2544,13,13,0,4253.0921,16350.4605,154,28,0.927333,7,2
2545,16,16,0,4045.4585,14077.2926,192,31,2.145168,7,2
2546,10,10,0,3359.3266,12456.6332,137,20,0.634497,7,2
2547,16,16,0,4181.3662,15056.8310,182,30,0.699525,7,2
2548,10,10,0,3795.1760,14210.8801,151,25,1.170428,7,2
2549,12,12,0,3793.1436,14565.7180,137,26,0.738755,6,2
2550,16,16,0,4354.7343,12633.6717,320,26,2.012169,7,2
2551,12,12,0,3813.7955,13683.9776,170,27,0.524749,7,2
2552,15,15,0,3737.2280,13761.1401,152,30,1.109372,7,2
2553,13,13,0,3566.1252,13020.6260,150,27,0.472578,7,2
2554,11,11,0,3570.7345,13233.6725,145,20,0.648226,7,3
2555,11,11,0,3289.7592,12048.7960,138,22,0.557692,7,2
2556,13,13,0,4524.5120,16787.5601,185,32,1.558196,7,3
2557,13,13,0,3614.0906,13280.4528,149,22,1.514003,7,2
2558,14,14,0,3107.5185,10762.5924,148,24,2.357593,6,2
2559,16,16,0,3923.6234,14728.1170,150,30,3.807997,7,2
2560,10,10,0,3720.3845,14111.9226,142,23,0.558914,7,2
2561,13,13,0,3912.7742,14083.8711,172,30,0.872751,7,2
2562,10,10,0,3320.5529,12097.7643,143,24,0.626578,7,3
2563,11,11,0,3578.8184,12754.0920,162,25,0.853913,7,2
2564,10,10,0,3509.5650,13487.8249,128,22,0.582432,7,2
2565,14,14,0,4123.2040,15351.0201,164,28,1.626413,7,2
2566,12,12,0,3966.6740,15203.3701,145,25,0.553895,7,4
2567,13,13,0,3641.8707,12924.3534,166,28,0.685813,7,2
2568,11,11,0,3158.7466,10953.7329,153,22,0.467149,7,3
2569,11,11,0,3634.1431,13385.7156,151,29,0.674351,7,2
2570,13,13,0,3858.2512,14491.2560,150,26,1.311038,7,3
2571,14,14,0,3312.0823,11475.4115,158,27,0.558110,7,2
2572,14,14,0,4024.5927,14837.9633,165,28,1.903352,7,2
2573,11,11,0,3388.2621,12306.3103,146,24,0.558404,7,2
2574,15,15,0,3875.9422,14729.7109,143,27,1.194240,7,2
2575,10,10,0,4302.6233,16713.1163,152,28,0.703933,7,2
2576,14,14,0,4163.1035,15475.5176,168,34,0.905001,7,2
2577,13,13,0,3871.4911,14522.4554,151,25,0.705957,7,2
2578,13,13,0,3778.1225,14380.6123,140,29,0.774840,7,2
2579,10,10,0,2839.4669,9837.3345,138,18,0.634496,6,2
2580,12,12,0,4127.4567,16107.2836,142,33,2.477771,7,2
2581,11,11,0,3737.8274,13409.1370,167,26,0.612258,7,2
2582,14,14,0,4012.3323,15106.6617,154,27,2.018603,7,2
2583,16,16,0,3887.7532,13773.7659,176,31,1.962997,7,2
2584,11,11,0,3719.0341,13350.1703,166,23,0.353655,7,4
2585,15,15,0,4405.6636,16938.3181,158,32,0.681294,7,2
2586,15,15,0,4320.2576,15891.2880,178,29,0.929372,6,2
2587,15,15,0,4149.0210,15370.1049,167,26,0.440221,7,2
2588,11,11,0,3516.7906,12528.9531,160,25,0.695098,6,2
2589,10,10,0,3312.9170,11669.5849,156,26,0.565126,7,2
2590,15,15,0,4032.8722,15744.3610,136,36,1.940025,7,2
2591,15,15,0,4230.2160,16356.0800,148,30,1.024830,7,2
2592,10,10,0,4187.0410,15910.2051,160,26,0.686178,7,3
2593,11,11,0,3719.1518,13105.7590,174,23,0.455921,7,2
2594,13,13,0,3524.7696,13133.8478,139,26,0.869355,7,2
2595,12,12,0,3498.5635,12007.8175,173,24,0.600054,7,2
2596,12,12,0,4169.3641,16516.8204,136,34,2.234242,7,2
2597,16,16,0,3996.8192,14274.0960,178,27,2.091213,7,2
2598,13,13,0,4320.0685,16420.3424,163,24,0.395670,7,4
2599,11,11,0,3751.7646,14143.8230,145,25,2.891323,6,2
2600,10,10,0,4236.2098,16216.0488,158,26,1.390306,7,2
2601,14,14,0,3753.6929,13758.4647,156,27,2.695014,7,2
2602,16,16,0,3970.3672,14756.8358,157,28,2.604261,7,2
2603,10,10,0,3366.1033,12330.5167,142,21,0.482912,7,2
2604,13,13,0,3861.3284,14336.6422,155,25,0.573776,7,2
2605,15,15,0,3669.0407,13490.2037,150,27,0.999690,7,2
2606,11,11,0,4518.3253,17821.6263,151,23,0.446499,7,2
2607,12,12,0,4013.3412,15696.7062,137,30,0.699266,7,2
2608,10,10,0,3734.7105,13918.5524,151,27,0.737956,7,2
2609,16,16,0,3865.9857,14659.9287,143,34,0.602251,7,2
2610,12,12,0,3207.4658,11727.3289,134,20,1.565376,6,2
2611,11,11,0,3083.8700,10564.3498,153,23,0.527337,7,2
2612,11,11,0,3294.3561,12341.7805,130,25,0.578658,6,2
2613,11,11,0,3709.8024,13889.0121,147,23,0.448636,7,2
2614,11,11,0,3504.2972,12851.4861,147,23,0.502343,7,3
2615,13,13,0,3900.3132,14676.5660,151,24,1.338938,7,2
2616,15,15,0,3345.6130,11453.0651,164,23,1.476399,7,2
2617,13,13,0,3355.7565,12168.7824,143,24,1.414815,6,2
2618,10,10,0,2944.8406,10519.2029,132,20,1.028975,7,2
2619,14,14,0,3555.2037,12156.0185,176,27,1.469066,6,3
2620,14,14,0,3735.1615,13640.8077,157,27,2.067975,7,2
2621,15,15,0,3873.6836,13473.4182,185,34,2.983619,6,2
2622,16,16,0,3917.1407,14350.7034,162,27,0.712203,7,2
2623,10,10,0,3487.3637,12191.8186,167,23,0.867035,7,2
2624,13,13,0,3724.1227,13710.6135,154,29,1.080727,7,2
2625,11,11,0,3413.1600,12740.7999,136,24,0.920042,6,2
2626,16,16,0,4363.1528,16170.7639,175,29,1.069956,7,2
2627,16,16,0,4321.7281,16403.6404,161,33,2.695187,7,2
2628,11,11,0,3956.7406,15523.7029,134,28,0.879576,7,2
2629,13,13,0,3503.6957,12768.4783,148,25,0.617359,6,3
2630,10,10,0,3164.2436,11621.2182,132,23,0.672967,6,2
2631,10,10,0,3137.9836,11634.9178,127,21,0.901072,6,2
2632,10,10,0,3867.1495,14540.7475,152,27,0.645892,7,2
2633,13,13,0,4299.7084,16653.5421,152,31,0.781613,7,2
2634,12,12,0,3622.6086,13823.0430,133,25,0.734816,6,2
2635,15,15,0,3838.0826,14420.4131,147,30,1.663773,7,2
2636,15,15,0,4203.5578,14937.7892,191,31,0.882915,7,2
2637,12,12,0,3670.0005,13830.0027,142,28,1.000148,7,2
2638,14,14,0,3323.0294,12340.1468,131,30,3.235412,7,2
2639,11,11,0,3423.9041,12639.5206,141,20,0.449920,7,2
2640,14,14,0,3618.9044,13819.5220,131,23,0.970549,7,2
2641,12,12,0,2871.4805,10272.4027,126,20,1.258392,5,3
2642,10,10,0,3816.6336,14293.1682,152,22,0.391872,7,3
2643,13,13,0,3609.2310,13181.1550,152,31,0.658203,7,2
2644,10,10,0,3742.8629,14279.3144,141,27,0.559267,7,2
2645,12,12,0,3707.0188,13670.0941,153,35,0.909791,7,2
2646,10,10,0,3051.6174,11158.0869,129,22,1.733766,6,2
2647,12,12,0,3602.5394,13292.6971,148,28,2.320933,7,2
2648,13,13,0,3457.2964,12791.4821,139,25,0.776431,7,2
2649,13,13,0,3828.7895,14278.9476,152,27,0.894487,7,2
2650,14,14,0,3363.4228,11557.1140,164,30,3.407659,7,2
2651,10,10,0,3392.5720,12772.8601,132,22,0.461136,7,2
2652,16,16,0,4703.4506,18057.2530,170,37,0.761363,7,2
2653,10,10,0,3533.9069,12869.5343,152,24,0.909981,7,2
2654,13,13,0,3341.4818,12322.4090,136,22,0.588561,6,2
2655,14,14,0,3403.9174,10919.5869,192,29,1.460266,7,2
2656,16,16,0,4096.3624,15591.8122,151,28,1.973012,7,2
2657,16,16,0,4472.7732,17783.8660,140,31,1.496550,7,2
2658,16,16,0,3505.0904,12605.4518,151,28,1.615821,7,2
2659,15,15,0,3709.9164,13944.5821,142,29,0.582042,6,2
2660,13,13,0,3707.6719,13913.3593,144,28,0.781217,7,3
2661,16,16,0,4246.0202,16255.1011,153,28,1.753770,7,4
2662,11,11,0,3951.1550,14610.7749,163,29,0.647233,6,2
2663,14,14,0,4594.8366,18219.1830,148,37,1.575812,7,2
2664,10,10,0,3499.9338,12649.6691,154,29,0.692022,6,2
2665,11,11,0,3550.9046,13144.5230,145,27,1.145415,7,2
2666,12,12,0,5003.4706,19627.3529,171,39,0.908239,7,2
2667,14,14,0,3958.3264,14991.6321,149,26,1.681942,7,2
2668,11,11,0,3513.4307,13112.1537,140,22,0.727854,7,2
2669,12,12,0,4128.4338,16677.1689,124,30,0.687466,6,2
2670,13,13,0,3667.2257,13646.1284,146,25,1.566081,6,3
2671,14,14,0,3620.3949,13546.9746,141,26,1.718219,7,2
2672,13,13,0,3992.1869,14910.9347,158,36,1.016799,7,2
2673,13,13,0,3499.3987,13141.9936,136,30,1.972123,6,2
2674,16,16,0,4778.2160,19281.0801,141,30,0.642994,7,3
2675,11,11,0,3536.5807,13217.9033,140,24,0.919848,7,2
2676,14,14,0,3584.3744,13126.8721,149,25,0.919573,7,2
2677,10,10,0,3478.1569,12580.7846,153,22,0.978351,7,2
2678,11,11,0,3239.7927,12063.9635,129,21,1.614533,6,2
2679,12,12,0,4043.0142,15570.0709,145,27,1.379138,7,2
2680,10,10,0,3605.9294,12594.6472,174,30,0.677902,7,2
2681,13,13,0,3121.9351,10799.6755,150,26,0.926666,6,2
2682,13,13,0,3822.1855,12755.9277,202,30,0.977978,6,2
2683,11,11,0,3715.8907,14089.4534,140,25,2.244018,7,2
2684,11,11,0,3231.3861,12076.9305,127,21,2.068893,7,2
2685,14,14,0,4838.5009,19087.5047,159,31,0.587634,7,2
2686,14,14,0,3848.3152,14431.5761,149,28,2.721852,7,2
2687,13,13,0,4026.1358,15370.6792,148,27,1.034906,7,2
2688,13,13,0,4179.5618,15432.8089,172,32,1.104288,7,2
2689,12,12,0,3323.8681,11629.3407,157,28,0.603469,6,2
2690,12,12,0,3607.6460,13823.2300,131,24,1.255562,7,2
2691,11,11,0,3577.2226,12981.1128,155,27,1.038728,7,2
2692,14,14,0,4262.8118,16779.0588,140,28,1.988183,7,2
2693,10,10,0,2897.8181,10019.0904,141,18,0.853363,7,2
2694,14,14,0,4166.3405,16396.7024,136,26,3.141174,7,2
2695,10,10,0,3739.6217,14383.1087,136,26,0.683307,7,2
2696,12,12,0,3341.7696,12148.8478,143,27,2.127128,7,2
2697,10,10,0,3461.7166,12578.5831,150,20,0.465329,7,3
2698,14,14,0,4006.3390,14706.6948,166,27,0.830699,7,2
2699,15,15,0,4066.5233,14842.6163,171,30,0.823688,7,3
2700,13,13,0,3321.6868,11823.4338,149,25,1.249281,7,2
2701,13,13,0,3537.7624,12568.8119,160,24,0.568412,7,3
2702,11,11,0,3247.5701,11797.8503,139,21,0.547532,7,2
2703,14,14,0,3805.4742,13927.3710,159,28,0.612671,6,2
2704,12,12,0,3602.0500,14000.2500,124,24,1.637895,7,2
2705,12,12,0,4745.4828,16062.4138,267,21,0.423841,7,4
2706,12,12,0,3490.6893,12123.4463,168,26,2.197137,7,2
2707,12,12,0,4062.7756,15413.8778,154,30,0.702783,7,2
2708,10,10,0,3783.1770,14585.8849,137,23,0.682176,7,2
2709,14,14,0,3789.8458,13304.2289,178,27,1.191741,7,2
2710,11,11,0,3939.2684,14826.3418,154,28,1.907976,7,3
2711,13,13,0,3823.0495,14220.2477,153,24,0.630907,7,2
2712,12,12,0,3254.0634,12385.3168,120,22,1.745450,6,2
2713,16,16,0,4040.4244,15452.1222,146,27,1.732356,7,2
2714,15,15,0,3469.7200,12463.5998,152,32,2.992034,6,2
2715,14,14,0,4154.1594,15255.7969,173,34,0.888811,7,2
2716,12,12,0,3640.8011,13054.0053,162,23,0.521522,7,2
2717,12,12,0,3241.5478,11412.7389,150,22,0.427505,7,2
2718,14,14,0,4346.8232,16684.1162,157,30,1.794447,7,2
2719,13,13,0,4329.5346,17017.6728,144,34,3.601740,7,2
2720,15,15,0,3920.3989,15126.9946,138,32,1.032757,7,2
2721,10,10,0,3660.2365,13531.1823,151,24,0.508707,7,3
2722,10,10,0,2148.9006,7449.5028,102,20,1.238348,4,2
2723,11,11,0,4234.3312,16431.6559,149,27,0.631530,7,2
2724,13,13,0,3691.8237,12859.1185,176,31,1.826755,6,2
2725,14,14,0,3994.7336,13808.6682,194,31,1.736878,7,2
2726,15,15,0,3845.7504,13678.7522,173,27,0.658964,7,2
2727,14,14,0,3677.7340,13518.6702,151,29,1.075307,6,2
2728,13,13,0,4218.9382,16139.6912,156,27,0.624561,7,2
2729,14,14,0,3529.2028,12871.0142,148,26,1.726460,7,3
2730,13,13,0,3753.7677,14008.8385,148,25,1.883466,7,2
2731,14,14,0,3300.8360,11169.1798,167,26,0.923156,6,2
2732,12,12,0,3634.6225,12923.1123,166,27,0.587675,6,3
2733,16,16,0,4195.2431,15791.2154,160,35,1.426011,7,2
2734,14,14,0,4347.4014,15942.0069,182,38,2.129365,7,2
2735,15,15,0,3944.1687,14525.8433,161,26,1.664705,7,2
2736,13,13,0,4227.2691,16631.3455,140,26,0.795984,7,2
2737,11,11,0,3705.2978,13871.4890,147,28,0.652294,7,2
2738,11,11,0,3628.9207,12699.6034,173,26,0.568167,7,2
2739,15,15,0,4060.8878,14539.4390,180,28,0.701112,7,2
2740,11,11,0,3800.5666,13787.8328,165,27,0.506296,7,3
2741,12,12,0,3690.6980,13503.4901,155,26,0.812786,7,2
2742,11,11,0,3294.0731,11755.3653,148,24,0.769634,7,2
2743,12,12,0,3944.9998,15309.9992,138,31,1.222787,7,2
2744,13,13,0,3771.0961,12610.4805,198,28,1.265210,7,2
2745,12,12,0,3979.5196,15272.5981,145,25,1.743887,7,2
2746,14,14,0,3563.8257,12724.1284,159,28,0.679817,7,2
2747,10,10,0,3465.8967,12934.4835,139,25,0.845967,7,2
2748,15,15,0,4572.0749,17290.3746,174,31,0.970007,6,2
2749,13,13,0,3625.2953,13531.4767,143,25,0.618941,7,2
2750,16,16,0,3581.1146,12255.5732,176,27,1.396500,7,2
2751,13,13,0,3774.5613,13137.8063,181,31,1.705848,7,2
2752,12,12,0,3338.6324,12683.1618,124,24,0.760129,6,2
2753,14,14,0,3243.3910,11276.9549,154,25,1.408235,6,2
2754,16,16,0,4505.3650,17666.8250,149,31,0.851174,7,2
2755,10,10,0,2932.1245,11105.6223,112,28,1.971457,5,2
2756,11,11,0,3635.8447,13034.2234,164,28,0.650173,7,2
2757,12,12,0,3435.7586,12368.7932,152,24,1.159755,7,2
2758,15,15,0,4273.4243,16172.1217,162,37,2.199161,7,2
2759,11,11,0,3506.3387,13011.6934,142,23,0.605102,7,2
2760,16,16,0,4175.2539,15901.2697,153,29,0.796392,7,2
2761,16,16,0,4157.1400,15390.7002,169,40,0.626435,7,2
2762,10,10,0,3311.5402,12307.7010,134,21,0.486766,7,2
2763,10,10,0,3534.2240,12831.1200,154,24,0.558686,7,2
2764,16,16,0,3401.3438,11486.7190,171,27,2.377655,7,2
2765,16,16,0,3281.1047,11445.5235,153,30,0.789793,7,2
2766,13,13,0,3298.1253,11855.6267,145,27,1.164763,7,2
2767,12,12,0,3642.9513,13504.7566,147,28,0.655129,7,2
2768,13,13,0,3407.9724,12469.8621,142,28,1.902171,6,3
2769,16,16,0,3732.7829,13563.9143,157,23,1.742512,7,2
2770,12,12,0,3407.2137,12396.0683,145,25,1.355400,7,2
2771,14,14,0,4205.0661,15600.3307,170,36,1.549030,7,2
2772,14,14,0,3507.0299,13200.1497,133,25,2.211179,7,2
2773,10,10,0,3964.2191,15141.0957,148,25,0.608050,7,2
2774,13,13,0,3529.7588,12808.7940,151,25,1.012442,6,2
2775,16,16,0,4028.1065,14670.5324,169,37,1.986152,7,2
2776,10,10,0,3685.5142,13957.5708,141,25,0.650841,7,3
2777,14,14,0,4317.3240,16701.6202,152,33,2.369194,7,2
2778,12,12,0,3225.4303,11662.1513,139,24,0.526375,6,2
2779,10,10,0,4074.5713,16077.8567,135,24,0.722761,7,3
2780,11,11,0,3853.4803,14327.4016,156,23,0.871459,7,2
2781,11,11,0,3219.3166,10456.5828,179,26,0.903613,7,2
2782,12,12,0,3284.5518,12127.7589,134,24,0.605864,7,2
2783,12,12,0,3561.2127,12886.0637,154,25,1.443353,7,2
2784,16,16,0,4177.7317,15808.6586,157,30,2.088162,7,2
2785,15,15,0,3884.7727,14218.8636,161,31,3.326612,7,2
2786,15,15,0,4055.5140,15822.5702,137,30,1.490071,7,2
2787,15,15,0,4185.0803,15705.4016,162,30,1.175022,7,2
2788,15,15,0,3840.0249,14435.1246,147,30,1.020748,7,2
2789,10,10,0,3854.4892,14437.4461,154,24,0.866607,7,4
2790,11,11,0,4159.8559,15859.2796,156,25,0.631727,7,2
2791,11,11,0,4133.9841,16189.9204,141,26,0.635067,7,2
2792,11,11,0,3868.4798,14612.3990,149,24,0.433323,7,3
2793,10,10,0,3338.2289,12251.1446,140,22,1.269476,7,2
2794,15,15,0,4221.3767,15846.8836,162,31,1.629942,7,2
2795,13,13,0,3657.5025,12692.5125,176,27,0.788515,7,2
2796,16,16,0,4030.0454,15305.2272,148,25,2.487891,7,2
2797,14,14,0,3344.1106,11820.5529,152,25,1.758877,6,2
2798,11,11,0,3491.7575,12073.7877,173,27,0.683765,7,2
2799,16,16,0,3626.4884,13462.4419,143,28,0.658974,7,2
2800,12,12,0,3820.5815,14492.9076,145,24,0.493767,7,3
2801,12,12,0,3787.2198,14186.0992,149,25,1.051990,7,2
2802,12,12,0,3175.2344,11081.1720,150,22,1.819122,6,2
2803,11,11,0,3850.8318,14259.1590,158,27,0.727521,7,2
2804,14,14,0,4149.4815,15117.4075,177,32,2.765348,7,2
2805,11,11,0,3902.2078,15381.0389,129,26,0.772637,7,2
2806,11,11,0,2796.1633,9565.8167,139,22,0.657192,6,2
2807,15,15,0,4693.4033,18137.0166,166,34,1.265081,7,2
2808,16,16,0,3832.2464,15201.2319,119,32,2.210711,7,2
2809,11,11,0,4002.8280,15464.1399,143,23,0.561171,7,2
2810,11,11,0,4065.8834,15334.4169,158,36,2.429423,7,2
2811,12,12,0,3524.9620,12809.8098,151,24,1.148997,7,2
2812,15,15,0,3763.3636,13931.8181,151,33,1.269500,7,2
2813,15,15,0,4263.6766,15728.3828,174,29,1.082810,7,2
2814,14,14,0,3972.4438,15262.2188,142,32,1.140348,7,3
2815,13,13,0,3716.6544,13823.2722,148,24,2.185271,7,2
2816,11,11,0,3806.1001,14040.5005,158,35,1.139233,6,2
2817,14,14,0,4040.8208,15549.1040,145,26,1.959957,7,2
2818,16,16,0,4474.2810,16966.4050,167,29,1.599546,7,2
2819,14,14,0,3920.2216,14821.1079,148,29,1.985092,7,2
2820,14,14,0,3743.5109,12537.5544,195,31,2.388721,7,2
2821,10,10,0,3380.3306,12891.6528,126,24,0.702452,6,2
2822,14,14,0,3420.6920,10738.4598,201,26,0.779001,7,2
2823,13,13,0,3675.3528,13166.7639,163,27,1.270960,7,2
2824,15,15,0,3836.3601,13856.8006,166,28,1.561741,6,2
2825,15,15,0,3496.4905,11777.4527,178,27,2.393563,7,2
2826,13,13,0,3705.9540,14384.7700,128,26,0.778454,6,2
2827,10,10,0,3684.5697,13572.8485,154,23,0.723249,7,2
2828,15,15,0,4198.8449,15939.2247,158,34,1.388826,7,3
2829,10,10,0,3875.6296,14938.1479,140,22,0.467383,7,3
2830,14,14,0,3636.4743,12967.3717,163,27,0.592862,7,2
2831,12,12,0,3071.7154,11468.5771,120,22,1.072827,6,2
2832,11,11,0,3383.8723,12514.3617,138,20,0.664323,7,2
2833,14,14,0,4504.5346,17907.6730,143,30,1.203676,7,2
2834,10,10,0,3259.9855,12039.9276,134,20,0.718756,7,2
2835,16,16,0,3991.9640,14774.8199,161,30,1.722998,7,2
2836,11,11,0,3002.4894,10932.4471,127,20,1.387257,5,2
2837,14,14,0,3235.2437,10786.2187,169,27,0.909133,7,2
2838,14,14,0,3980.5899,14842.9495,158,34,0.766409,7,2
2839,11,11,0,3193.5927,11592.9637,137,19,1.146969,7,2
2840,14,14,0,3956.3651,15006.8253,148,29,2.509883,7,2
2841,14,14,0,3733.0199,13460.0994,163,32,0.856041,7,2
2842,15,15,0,3762.8767,13709.3837,158,29,2.886725,7,2
2843,13,13,0,4164.7313,16213.6564,143,28,0.838584,7,2
2844,15,15,0,4193.7028,16028.5142,154,29,1.144711,7,2
2845,15,15,0,3470.2185,12406.0927,153,25,0.521766,7,2
2846,15,15,0,4056.0304,15065.1520,162,29,0.564114,6,2
2847,16,16,0,3747.2538,13941.2692,147,26,1.360241,7,2
2848,13,13,0,3844.3597,13511.7985,180,28,1.790378,7,2
2849,10,10,0,3840.1580,14630.7899,144,25,0.526285,7,2
2850,13,13,0,3396.3449,12406.7246,142,21,0.560866,6,2
2851,16,16,0,3970.5966,14737.9832,158,29,0.545537,7,3
2852,13,13,0,3943.7072,15293.5361,137,23,0.792501,7,3
2853,11,11,0,3790.9672,14364.8362,144,23,0.611366,7,2
2854,14,14,0,4171.8485,15729.2424,160,30,0.718717,7,3
2855,16,16,0,3793.5833,14387.9163,140,27,2.093861,7,2
2856,11,11,0,3570.5494,13507.7470,137,25,0.670116,7,2
2857,12,12,0,3323.4598,12307.2992,134,23,1.281732,7,2
2858,11,11,0,3052.0431,10880.2154,138,24,0.560557,6,2
2859,14,14,0,4576.7796,16373.8981,206,38,2.315163,7,2
2860,16,16,0,3443.2954,13281.4771,118,29,2.197672,7,2
2861,11,11,0,3769.0094,14275.0468,144,26,1.384072,7,2
2862,10,10,0,3086.1205,11170.6025,134,20,0.732790,7,2
2863,11,11,0,3491.1103,12795.5513,147,25,0.927262,6,2
2864,16,16,0,3861.6157,14533.0784,148,27,0.667588,7,2
2865,16,16,0,4017.4071,14332.0356,179,34,1.235913,7,2
2866,14,14,0,4068.0904,14330.4518,189,35,1.418999,7,2
2867,15,15,0,3944.4452,15097.2258,142,27,1.331751,7,2
2868,15,15,0,4031.7295,15448.6476,145,25,1.104307,7,2
2869,16,16,0,4866.3722,19531.8611,148,39,2.489393,7,2
2870,15,15,0,3576.9454,13579.7269,132,27,2.170469,7,2
2871,10,10,0,4943.1175,17905.5876,234,22,0.415156,7,3
2872,16,16,0,3792.7603,13728.8015,162,29,0.778173,7,2
2873,13,13,0,3534.6391,13058.1955,143,23,1.009867,7,2
2874,10,10,0,3361.4272,12002.1360,152,23,0.508637,7,2
2875,15,15,0,3983.5190,14847.5950,157,30,0.767290,7,2
2876,12,12,0,3252.5935,12132.9674,128,22,1.126509,6,2
2877,10,10,0,3401.4014,12002.0072,159,27,1.116129,7,2
2878,10,10,0,3296.5436,11377.7180,162,25,0.500525,7,2
2879,15,15,0,3680.6291,12878.1454,172,28,0.813513,7,2
2880,10,10,0,3407.9648,12619.8241,140,25,0.688788,7,2
2881,16,16,0,4825.5924,18172.9619,185,28,0.744188,7,5
2882,12,12,0,4433.7027,17183.5135,157,30,0.557394,7,2
2883,12,12,0,3165.9094,11609.5472,131,19,0.943218,6,2
2884,15,15,0,4015.9784,14554.8920,173,32,1.845346,7,2
2885,11,11,0,3196.7388,11408.6941,144,21,0.594767,6,2
2886,10,10,0,3577.3569,13221.7847,148,28,0.686333,6,2
2887,12,12,0,3934.2856,15281.4280,138,24,0.593506,7,2
2888,10,10,0,3452.2691,12766.3455,142,23,1.122676,7,2
2889,14,14,0,4038.3448,14781.7239,171,42,1.038539,7,2
2890,11,11,0,3344.3985,11971.9923,150,25,0.539748,7,2
2891,15,15,0,4320.0064,16350.0319,163,29,1.091630,7,3
2892,15,15,0,4409.6652,16898.3260,160,31,0.613451,7,2
2893,11,11,0,3649.5742,12827.8708,173,33,1.159787,7,2
2894,10,10,0,3898.1792,14360.8961,164,24,0.626249,7,3
2895,12,12,0,3884.0120,14110.0601,168,27,1.256046,7,2
2896,16,16,0,3641.2298,13366.1489,149,28,0.768965,7,2
2897,15,15,0,4019.9225,15059.6123,156,32,1.572210,7,2
2898,14,14,0,4981.3321,19921.6607,155,32,3.370230,7,2
2899,14,14,0,3730.1190,13715.5949,153,27,2.155894,7,2
2900,15,15,0,3853.1201,13870.6004,168,28,1.172491,7,2
2901,15,15,0,3799.7447,14123.7233,151,29,0.923236,7,2
2902,13,13,0,3960.7160,14968.5800,151,31,1.376838,7,2
2903,13,13,0,4191.7324,15778.6619,162,24,0.550465,7,2
2904,12,12,0,3627.5129,13197.5645,155,25,0.667557,7,2
2905,16,16,0,4390.5613,16872.8063,157,34,1.233394,7,3
2906,11,11,0,4024.3442,15176.7211,156,23,0.677716,7,2
2907,16,16,0,3844.5424,14997.7120,129,34,1.865655,7,2
2908,15,15,0,3706.1859,14380.9295,126,27,1.756115,7,2
2909,13,13,0,3912.7262,14988.6312,142,25,1.512069,7,2
2910,15,15,0,3793.5073,13607.5365,167,31,1.457037,6,2
2911,13,13,0,4231.7521,16518.7606,144,24,0.653078,7,2
2912,10,10,0,4864.6156,19708.0781,146,25,0.449163,7,2
2913,13,13,0,4185.4652,15277.3260,179,30,0.870099,7,2
2914,10,10,0,3693.1434,14010.7169,141,21,0.415451,7,2
2915,16,16,0,4226.2698,15491.3490,175,36,2.498442,7,2
2916,10,10,0,3508.5237,12297.6187,168,23,0.944483,7,2
2917,11,11,0,4145.1991,15685.9956,160,29,0.489775,7,3
2918,12,12,0,4502.9328,17504.6638,158,35,1.138549,7,2
2919,14,14,0,3778.7169,13973.5845,153,25,0.857969,7,2
2920,12,12,0,3276.2714,11716.3572,146,24,0.553993,7,2
2921,15,15,0,4449.6000,16428.0000,182,32,1.998146,7,2
2922,16,16,0,3951.9266,14224.6329,173,28,1.185868,7,2
2923,12,12,0,3747.3080,13766.5399,156,27,0.876646,7,2
2924,13,13,0,3847.5515,13667.7576,175,26,1.228517,7,3
2925,11,11,0,3969.0137,14640.0684,165,29,0.828058,7,3
2926,11,11,0,3463.5355,12792.6775,142,22,0.687510,7,2
2927,11,11,0,3669.7111,13283.5555,160,21,0.874506,7,2
2928,14,14,0,4669.2144,18726.0720,143,29,0.713560,7,3
2929,11,11,0,3416.8145,12534.0726,143,24,0.686493,7,2
2930,16,16,0,3986.7716,15653.8581,131,31,1.280311,7,2
2931,16,16,0,3905.2389,14841.1946,144,33,1.732597,7,2
2932,14,14,0,4133.9514,15879.7571,148,26,1.569723,7,3
2933,13,13,0,3908.4332,14832.1661,147,32,1.768923,7,2
2934,16,16,0,4326.2450,16621.2252,154,29,2.511041,7,2
2935,15,15,0,3912.5256,13892.6278,177,29,1.459210,7,2
2936,13,13,0,3984.6735,14798.3676,162,32,1.013395,7,2
2937,12,12,0,3241.1083,11545.5414,146,27,1.728221,7,2
2938,16,16,0,4158.1285,15515.6427,165,37,0.890505,7,2
2939,16,16,0,4101.3947,14796.9737,178,31,1.037342,7,2
2940,15,15,0,3640.0617,13810.3083,134,23,0.734146,7,3
2941,10,10,0,3301.8555,12524.2773,125,21,0.427943,6,2
2942,16,15,1,4416.9899,17459.9494,143,160,1.444770,7,2
2943,11,11,0,3179.3128,11476.5640,139,25,1.144915,6,2
2944,13,13,0,4066.8041,15344.0203,156,30,1.490526,7,3
2945,15,15,0,4148.1397,15615.6983,159,32,0.791622,7,2
2946,11,11,0,3632.9876,13424.9378,149,26,1.981801,7,2
2947,14,14,0,3599.6477,13663.2384,134,26,1.217736,7,2
2948,16,16,0,3543.4375,13197.1876,138,26,1.201114,7,2
2949,12,12,0,3439.1557,11990.7784,164,25,0.439390,7,3
2950,13,13,0,3610.6815,13128.4074,153,22,0.634169,7,2
2951,11,11,0,3205.5774,11637.8868,137,23,0.928765,6,2
2952,15,15,0,3886.6999,14568.4994,151,25,2.562866,7,2
2953,14,14,0,4099.2274,15841.1368,144,30,0.941526,7,2
2954,11,11,0,3533.9770,12889.8850,151,24,0.496988,7,2
2955,16,16,0,4344.3336,16786.6680,154,27,1.305274,7,2
2956,15,15,0,4210.1226,15560.6128,171,30,1.282589,6,2
2957,11,11,0,3349.8768,11529.3839,165,25,0.508925,7,3
2958,10,10,0,3348.4302,12187.1512,144,22,2.057704,7,2
2959,11,11,0,3811.8709,14234.3544,152,26,0.576284,7,2
2960,12,12,0,2982.5771,10342.8855,143,22,1.934644,6,2
2961,11,11,0,4901.6169,19523.0844,156,24,0.512298,7,2
2962,15,15,0,4868.4880,18607.4400,179,32,1.882892,7,2
2963,14,14,0,3571.9538,12584.7691,165,29,2.336567,7,2
2964,16,16,0,3638.6362,13208.1810,153,28,1.016610,7,3
2965,16,16,0,4195.2922,16356.4611,141,29,1.449563,7,2
2966,12,12,0,3367.6662,11713.3309,161,23,0.749459,7,3
2967,16,16,0,3862.9921,14569.9606,146,27,1.833888,7,2
2968,12,12,0,3862.7062,14948.5310,136,25,1.191318,7,2
2969,15,15,0,4349.3686,16601.8432,160,32,3.566787,7,2
2970,15,15,0,3947.4312,14557.1562,161,28,0.704171,7,2
2971,13,13,0,3623.9285,13724.6424,136,25,0.501299,7,2
2972,16,16,0,3838.2966,14196.4830,154,32,2.353997,7,2
2973,16,16,0,3318.2711,11756.3553,149,24,0.648525,7,2
2974,10,10,0,3211.1834,11515.9170,144,20,0.479875,6,2
2975,16,16,0,3382.9558,11789.7788,158,29,1.121225,7,2
2976,15,15,0,4091.9860,15414.9298,156,31,2.287380,7,2
2977,13,13,0,3260.6274,11638.1369,145,27,0.956759,6,2
2978,12,12,0,4127.4195,15877.0975,149,27,0.597270,7,3
2979,10,10,0,3055.0644,10910.3222,138,24,0.578551,6,2
2980,12,12,0,4265.8301,16094.1505,165,28,0.884890,7,2
2981,10,10,0,3480.5724,12837.8622,144,23,0.541101,7,2
2982,12,12,0,3577.5391,13452.6953,138,25,0.644730,7,2
2983,12,12,0,3721.3312,14321.6561,133,23,0.687167,7,2
2984,12,12,0,3644.9553,13449.7767,150,27,0.830399,7,2
2985,13,13,0,3896.7266,14698.6331,149,26,0.519908,7,2
2986,13,13,0,4409.4440,17492.2200,141,30,1.166941,7,2
2987,12,12,0,3476.0856,11785.4279,177,25,0.871763,7,2
2988,16,16,0,4261.2986,15841.4932,170,27,1.538592,7,2
2989,13,13,0,4237.8803,16129.4013,159,25,0.902135,7,2
2990,15,15,0,3851.8934,13849.4672,169,31,0.833733,7,3
2991,12,12,0,3536.2061,12561.0304,161,24,0.474425,7,2
2992,15,15,0,3910.1826,14575.9130,154,25,1.163563,7,2
2993,11,11,0,3130.6838,11153.4191,141,22,0.600318,6,3
2994,16,16,0,4976.9161,20169.5805,145,28,1.555334,7,2
2995,12,12,0,3977.6009,14603.0044,167,30,2.447859,7,2
2996,12,12,0,3285.5287,12042.6434,137,28,0.979097,6,2
2997,16,16,0,4194.5123,15887.5616,157,35,4.336090,7,2
2998,14,14,0,3249.8544,11189.2718,157,25,1.316295,6,2
2999,10,10,0,3984.1644,14785.8221,163,28,1.218624,7,2
3000,11,11,0,3616.6616,13053.3082,159,23,0.504613,7,2
3001,15,15,0,3869.9351,14754.6756,142,27,0.799846,7,3
3002,13,13,0,3931.5484,14577.7422,159,31,1.159951,7,2
3003,11,11,0,3594.1459,13585.7297,138,25,1.130049,6,2
3004,11,11,0,3611.6736,12343.3679,182,30,2.887202,7,2
3005,12,12,0,3043.3279,10646.6397,142,20,0.640330,6,3
3006,11,11,0,3531.5035,12422.5173,166,28,0.622462,7,2
3007,12,12,0,4325.5522,17147.7611,140,23,0.597615,7,2
3008,10,10,0,4225.2643,15621.3217,176,35,0.769592,7,2
3009,12,12,0,3838.0148,14275.0741,154,22,0.468061,7,2
3010,14,14,0,4276.5161,16137.5807,164,35,1.954888,7,2
3011,12,12,0,3871.7069,14598.5345,150,24,0.685852,7,2
3012,13,13,0,2827.9063,10024.5317,127,23,1.420285,6,2
3013,16,16,0,3879.6040,14428.0198,154,31,2.163907,7,2
3014,13,13,0,3732.0244,13540.1219,160,27,1.640765,7,2
3015,10,10,0,3625.9930,13359.9650,152,27,1.433714,7,2
3016,13,13,0,4193.4179,16432.0895,141,29,1.343141,7,2
3017,15,15,0,5234.5554,17652.7768,295,29,1.341078,7,2
3018,10,10,0,3343.7610,11438.8051,168,24,0.458785,7,2
3019,16,16,0,3790.7170,14163.5850,146,26,1.647270,7,2
3020,15,15,0,3261.6389,11393.1943,151,23,0.664743,6,2
3021,10,10,0,3325.7309,12058.6543,144,20,0.490197,7,2
3022,16,16,0,3529.4427,11472.2133,193,29,2.167977,7,2
3023,16,16,0,4563.3611,17886.8053,152,36,2.451225,7,2
3024,12,12,0,3815.4054,14242.0268,153,28,1.019738,7,4
3025,12,12,0,3632.4810,12997.4051,163,26,1.227453,7,2
3026,12,12,0,3595.1804,12720.9018,166,26,0.642099,7,3
3027,10,10,0,3314.8670,12044.3348,143,20,0.404051,7,3
3028,11,11,0,3869.6348,14768.1739,144,23,0.650997,7,2
3029,11,11,0,3987.7797,15593.8985,136,24,0.525107,7,3
3030,15,15,0,4687.9804,18794.9019,143,31,1.527070,7,2
3031,13,13,0,4832.1159,18285.5796,193,29,1.092264,7,2
3032,13,13,0,3465.1653,12990.8264,134,23,1.234079,7,2
3033,15,15,0,3772.6940,13973.4701,152,28,1.825865,7,2
3034,10,10,0,3394.2926,12196.4630,152,26,0.860176,7,2
3035,15,15,0,5960.8848,20454.4238,321,34,2.914229,7,2
3036,15,15,0,4233.8935,15229.4677,186,32,3.074773,7,2
3037,11,11,0,4080.0739,15155.3696,166,31,0.769949,7,2
3038,16,16,0,3659.6011,13153.0057,159,30,0.861670,7,2
3039,12,12,0,3875.6022,15198.0111,130,23,0.521043,7,2
3040,14,14,0,4022.5301,14772.6505,167,29,1.167962,7,3
3041,13,13,0,3804.2831,14841.4157,129,31,2.186646,7,2
3042,13,13,0,3989.4398,15702.1989,132,29,0.525685,7,2
3043,14,14,0,3291.9493,11484.7463,155,27,1.641858,7,2
3044,14,14,0,3573.7981,12278.9905,175,30,1.658410,7,2
3045,15,15,0,4293.2220,16651.1101,149,32,1.915096,7,2
3046,12,12,0,3448.3593,12486.7967,149,24,1.081393,7,2
3047,14,14,0,4668.7638,17818.8190,173,29,0.569488,7,3
3048,16,16,0,4535.4273,15467.1364,228,54,4.852890,7,2
3049,11,11,0,3534.9814,13484.9072,131,25,0.790865,6,2
3050,15,15,0,3994.1162,15075.5809,151,26,1.533213,7,2
3051,13,13,0,3070.6981,11018.4907,134,25,0.976096,6,2
3052,15,15,0,4001.3699,14541.8497,171,32,1.392501,7,2
3053,16,16,0,4024.9743,14704.8713,167,33,0.882944,7,2
3054,14,14,0,3623.1480,13105.7399,156,30,2.145489,7,2
3055,16,16,0,3933.8303,14579.1513,157,27,1.706196,7,2
3056,13,13,0,4236.3896,15276.9478,187,30,1.073255,7,2
3057,14,14,0,4322.9188,15944.5942,178,30,2.480944,7,2
3058,15,15,0,4455.0139,16530.0695,180,37,1.256191,7,2
3059,10,10,0,3418.0481,11875.2403,166,28,0.735975,7,2
3060,16,16,0,3969.5463,15322.7316,138,27,1.125540,7,3
3061,12,12,0,3119.5319,10902.6596,147,24,0.872339,6,2
3062,14,14,0,4128.9657,16044.8285,142,24,1.101407,6,2
3063,15,15,0,4061.1332,14470.6659,182,31,1.061681,7,2
3064,14,14,0,3624.2937,12971.4683,160,31,0.753616,6,2
3065,16,16,0,4474.3673,17086.8366,163,29,1.790194,7,3
3066,15,15,0,3856.5601,14372.8007,152,29,0.573515,7,2
3067,10,10,0,3483.8939,12874.4694,144,23,0.386285,7,2
3068,16,16,0,3605.2104,12486.0519,172,32,1.598656,7,2
3069,13,13,0,3596.8376,12669.1880,167,26,1.691145,7,2
3070,12,12,0,4232.0545,16525.2723,145,28,0.956128,7,2
3071,16,16,0,4535.8882,17394.4411,163,31,1.908663,7,2
3072,14,14,0,3683.3027,13346.5137,158,29,2.899031,7,2
3073,14,14,0,4062.4672,15102.3360,162,27,2.113435,7,2
3074,12,12,0,3897.1209,14370.6045,161,25,1.254436,7,2
3075,12,12,0,3277.4975,11647.4876,148,22,0.784829,6,2
3076,12,12,0,3453.1828,12725.9142,142,24,1.031035,6,2
3077,15,15,0,3862.5222,14847.6112,137,29,1.987237,7,2
3078,10,10,0,3261.1042,11365.5210,157,21,1.242517,7,2
3079,11,11,0,3451.5173,12432.5863,153,25,0.547933,7,2
3080,14,14,0,4023.6990,15113.4951,156,27,1.703878,7,2
3081,13,13,0,4000.1536,14525.7678,172,24,1.293769,7,4
3082,15,15,0,4049.0660,14680.3299,174,31,1.274281,7,2
3083,13,13,0,3941.8507,14959.2535,148,24,0.482572,7,3
3084,15,15,0,3667.8724,12489.3618,183,31,1.179355,7,2
3085,13,13,0,3368.7638,12408.8189,138,23,1.663968,7,2
3086,15,15,0,3897.5330,13757.6649,179,27,0.819386,7,3
3087,10,10,0,3561.3392,12846.6961,158,26,1.013015,7,2
3088,14,14,0,4151.0444,15505.2218,164,28,2.155595,7,2
3089,14,14,0,3820.6203,14023.1017,158,34,1.011911,7,2
3090,14,14,0,3965.9429,14399.7145,170,32,1.576902,7,2
3091,10,10,0,3249.2379,11561.1894,148,19,0.333580,7,2
3092,11,11,0,3746.6084,13893.0421,153,28,1.546990,7,2
3093,16,16,0,4446.3831,17441.9153,147,32,1.041677,7,2
3094,13,13,0,3919.5786,14382.8931,165,31,1.388318,7,2
3095,12,12,0,4316.6993,16743.4964,152,34,3.082798,7,2
3096,10,10,0,3188.2042,11601.0212,137,20,1.736210,7,2
3097,11,11,0,3936.1107,15105.5534,145,30,0.999686,7,2
3098,12,12,0,3687.9171,13409.5854,158,25,1.088797,7,2
3099,10,10,0,3645.4924,14032.4620,132,19,0.648924,7,2
3100,10,10,0,3610.3556,14326.7780,116,22,1.400191,7,2
3101,10,10,0,3199.6722,11563.3612,140,20,0.470754,7,2
3102,12,12,0,3688.5919,13957.9593,140,26,0.882359,7,2
3103,13,13,0,3907.8489,14409.2444,161,24,0.681907,7,3
3104,10,10,0,3559.8573,13069.2863,150,29,0.868216,7,2
3105,12,12,0,2771.4854,9582.4271,133,23,0.585137,5,2
3106,13,13,0,3493.5616,12492.8079,156,26,0.802921,7,2
3107,13,13,0,2895.7943,10408.9716,125,19,1.275535,6,2
3108,14,14,0,5027.9967,18889.9836,200,36,1.040165,7,2
3109,11,11,0,3667.9185,14149.5923,131,26,1.200171,6,2
3110,13,13,0,3506.7811,12263.9056,165,24,1.998656,6,2
3111,14,14,0,3643.8105,13134.0523,158,26,1.638749,7,2
3112,11,11,0,3488.1280,13135.6402,135,25,0.809029,6,2
3113,13,13,0,4044.8942,15509.4711,147,30,2.917071,7,2
3114,14,14,0,3768.0775,13950.3876,152,32,1.592768,7,2
3115,14,14,0,3900.4812,14422.4060,158,29,0.862414,7,2
3116,11,11,0,3752.1174,13595.5871,163,28,0.562551,7,2
3117,16,16,0,3597.5348,12992.6738,154,29,1.082003,7,2
3118,15,15,0,3776.7172,13343.5861,173,29,1.464649,7,2
3119,14,14,0,3479.1706,12695.8531,146,29,0.970491,6,2
3120,13,13,0,3818.4036,14107.0180,155,27,1.120100,7,2
3121,16,16,0,3995.4722,14982.3611,154,31,1.357533,7,2
3122,10,10,0,2679.6829,9053.4147,137,19,1.045548,5,2
3123,10,10,0,3390.1681,11885.8404,161,23,0.865329,7,2
3124,16,16,0,3432.7543,12708.7715,136,27,1.296558,7,2
3125,10,10,0,3098.9502,11079.7511,140,27,1.468269,5,2
3126,16,16,0,4302.9254,15324.6272,193,37,0.950548,7,2
3127,14,14,0,4238.4337,16732.1683,139,31,1.663167,7,2
3128,10,10,0,5203.0480,17495.2402,301,28,1.071066,7,2
3129,13,13,0,3687.8230,13614.1152,151,24,0.686944,7,2
3130,14,14,0,4105.9939,14939.9696,176,31,1.134896,7,2
3131,10,10,0,3206.7755,12103.8777,123,23,0.918427,6,2
3132,16,16,0,4260.9456,15439.7279,183,34,1.682408,7,2
3133,12,12,0,3669.9060,13599.5301,149,24,0.973440,7,2
3134,15,15,0,3807.1844,13700.9219,166,27,0.681262,7,2
3135,16,16,0,3959.1602,14175.8012,175,32,1.552769,7,2
3136,12,12,0,4589.2843,18096.4216,152,28,0.643106,7,2
3137,12,12,0,3808.2635,14461.3175,143,26,0.682235,7,2
3138,13,13,0,4217.3033,16141.5167,155,31,2.377848,6,2
3139,13,13,0,3493.8400,12574.2001,153,23,2.356668,7,2
3140,10,10,0,3701.5485,13262.7423,167,27,0.507223,7,2
3141,14,14,0,4811.2912,19386.4559,145,34,0.787977,7,2
3142,13,13,0,3835.2757,14611.3785,141,23,1.061407,7,2
3143,14,14,0,4235.5971,16327.9856,151,31,1.213635,7,2
3144,11,11,0,3131.0430,11385.2149,134,20,0.481916,7,2
3145,16,16,0,4122.7438,16163.7191,137,31,1.666494,7,2
3146,11,11,0,3481.0368,13595.1838,119,23,1.929199,6,2
3147,16,16,0,3559.9732,12379.8660,168,26,0.630026,7,2
3148,11,11,0,3799.7566,14713.7830,134,24,0.580625,6,2
3149,15,15,0,4833.9715,18749.8575,169,33,0.569110,7,2
3150,15,15,0,3810.1505,13880.7526,160,29,0.487321,7,2
3151,14,14,0,4838.2798,18806.3991,170,30,0.901946,7,2
3152,12,12,0,4068.8622,15444.3108,154,25,1.153090,7,2
3153,12,12,0,3538.4414,12707.2070,157,22,0.367184,7,2
3154,16,16,0,4788.0067,18770.0335,160,31,0.625537,7,2
3155,16,16,0,4244.1535,15525.7674,178,29,0.525613,7,2
3156,15,15,0,3978.0429,15200.2143,145,31,3.825651,7,2
3157,11,11,0,3599.7085,13133.5424,154,23,0.689779,7,2
3158,16,16,0,4062.7559,14808.7795,171,30,2.594596,7,2
3159,12,12,0,4018.1365,14935.6824,162,31,0.777216,7,2
3160,16,16,0,3741.3506,13701.7531,155,35,1.782908,7,2
3161,16,16,0,3699.8316,13499.1579,154,24,1.954595,7,2
3162,11,11,0,3723.7696,14153.8479,140,26,2.074182,7,2
3163,10,10,0,3668.5128,13412.5640,157,23,0.555287,7,2
3164,11,11,0,3362.5861,12722.9305,128,24,1.356254,7,2
3165,14,14,0,3673.7889,13368.9443,156,34,1.044704,7,2
3166,12,12,0,3850.7632,14603.8162,146,27,0.670278,7,2
3167,14,14,0,3742.0606,13965.3031,147,29,2.009475,6,2
3168,16,16,0,4114.8112,15669.0562,151,28,1.392015,7,2
3169,10,10,0,4723.4920,18482.4602,167,28,0.494951,7,4
3170,12,12,0,2964.9829,9984.9146,152,24,0.704194,6,2
3171,10,10,0,3029.3550,11121.7750,126,18,1.098482,6,2
3172,14,14,0,4537.6192,17148.0958,174,32,1.122675,7,2
3173,12,12,0,3433.5336,11597.6682,176,25,1.679545,7,2
3174,13,13,0,4263.0500,16395.2498,154,24,0.535537,7,3
3175,10,10,0,3129.8558,10679.2792,157,20,0.494029,7,2
3176,12,12,0,3556.1769,13320.8844,140,23,0.603820,6,2
3177,10,10,0,3705.2598,13921.2991,146,29,0.948074,6,2
3178,16,16,0,3692.3731,13966.8655,137,29,2.187572,7,2
3179,12,12,0,3329.9805,12209.9025,139,26,0.652467,6,2
3180,11,11,0,3245.3247,11261.6237,157,25,0.728538,7,2
3181,16,16,0,4049.8726,15324.3630,152,33,1.569344,7,2
3182,16,16,0,4019.1177,14435.5884,176,32,3.118798,7,2
3183,11,11,0,4244.2288,16441.1441,151,25,0.636948,7,2
3184,10,10,0,3457.5725,12977.8624,136,22,1.751631,6,2
3185,15,15,0,4296.2691,15336.3453,193,30,1.731719,7,2
3186,14,14,0,3763.0250,13350.1250,171,28,2.778385,7,2
3187,13,13,0,4087.4839,15982.4197,138,25,1.714163,7,2
3188,10,10,0,3414.1479,12460.7395,146,21,0.601735,7,2
3189,13,13,0,3975.8056,15194.0279,146,27,0.674729,7,2
3190,15,15,0,4009.5136,14692.5681,167,37,3.081078,7,2
3191,10,10,0,3185.9577,11009.7887,156,21,0.708197,7,2
3192,16,16,0,3949.6482,15108.2412,142,28,2.293811,7,2
3193,10,10,0,3658.5944,13647.9719,147,22,0.754725,7,2
3194,16,16,0,3863.5953,14047.9767,163,32,2.452841,7,2
3195,16,16,0,3696.1420,13050.7098,168,27,0.650255,7,2
3196,15,15,0,4006.0177,15125.0884,151,28,1.165043,7,2
3197,16,16,0,4049.5143,14752.5714,170,33,3.072398,7,2
3198,11,11,0,3663.7598,13673.7990,146,20,0.520708,7,3
3199,14,14,0,3895.9723,14449.8613,156,27,1.364828,7,2
3200,12,12,0,4124.2834,16041.4168,143,25,1.111815,7,2
3201,13,13,0,3623.6153,13603.0766,141,29,1.628108,6,2
3202,14,14,0,3843.9728,14004.8640,163,32,1.117284,6,2
3203,11,11,0,3520.5803,13127.9016,140,23,1.400380,7,3
3204,13,13,0,3248.6229,11723.1145,140,21,0.930307,6,2
3205,16,16,0,4200.3946,15376.9728,175,33,1.232562,7,2
3206,11,11,0,4344.5631,16262.8156,174,40,1.577587,7,2
3207,15,15,0,3530.3377,13216.6886,136,22,1.331254,7,2
3208,15,15,0,3942.2194,13226.0971,204,34,2.545213,7,2
3209,16,16,0,3948.1357,14680.6786,156,30,2.066189,7,2
3210,10,10,0,3383.8184,12604.0922,136,23,0.647254,7,2
3211,11,11,0,3520.4329,12702.1647,155,23,0.735948,7,2
3212,12,12,0,3526.7810,12753.9048,153,25,0.927699,7,2
3213,14,14,0,3659.3942,13106.9709,162,23,0.535337,7,3
3214,14,14,0,3425.0547,12625.2735,139,23,0.676680,7,2
3215,12,12,0,3758.6840,13498.4200,167,29,1.835330,7,2
3216,15,15,0,3997.1589,14355.7944,175,31,1.892423,7,2
3217,13,13,0,3671.4746,13557.3732,150,27,1.378501,7,2
3218,14,14,0,4265.6171,16273.0853,158,32,2.615187,7,2
3219,16,16,0,3727.7213,13598.6066,156,26,1.570883,7,2
3220,14,14,0,3549.7955,11688.9775,191,30,2.445445,7,2
3221,12,12,0,3411.6495,12123.2477,155,25,1.098049,6,2
3222,14,14,0,4083.6761,15738.3806,145,26,0.664365,7,2
3223,10,10,0,4371.6309,17118.1543,150,32,0.637527,7,2
3224,15,15,0,3920.3081,14371.5407,163,34,1.435320,6,2
3225,16,16,0,4288.9364,15884.6820,173,34,2.046038,7,2
3226,16,16,0,3658.4281,12747.1403,172,28,1.977049,7,2
3227,16,16,0,4062.1113,14725.5567,174,36,2.048998,7,2
3228,16,16,0,3850.2462,14246.2308,154,25,1.988786,7,3
3229,12,12,0,3505.5787,12827.8934,147,24,1.373725,7,2
3230,15,15,0,4262.2880,15671.4401,176,31,0.725347,7,2
3231,12,12,0,3918.6502,14908.2511,147,27,2.907090,7,2
3232,11,11,0,3752.5566,14107.7829,147,27,0.843023,7,2
3233,13,13,0,3717.6708,13208.3538,169,26,1.976619,7,2
3234,12,12,0,3780.5024,14197.5121,148,27,0.703187,6,2
3235,16,16,0,4399.6209,16923.1044,157,30,1.638578,7,2
3236,16,16,0,3347.7751,11868.8756,149,25,0.964214,7,2
3237,14,14,0,3584.8951,12884.4753,157,31,1.344923,7,2
3238,16,16,0,4313.7794,16848.8968,145,31,1.591161,7,2
3239,15,15,0,3934.6154,14228.0768,170,30,0.760689,7,2
3240,16,16,0,4212.9258,15389.6291,178,32,1.199161,7,2
3241,15,15,0,3705.3439,12941.7195,174,27,1.880229,7,2
3242,16,16,0,4005.2134,14976.0671,156,31,2.056454,7,2
3243,13,13,0,3659.4339,13097.1694,163,26,1.154827,6,2
3244,10,10,0,3784.6478,14178.2391,150,22,0.479195,7,2
3245,13,13,0,3676.8504,13879.2518,140,21,0.456192,7,2
3246,16,16,0,3905.8497,14179.2486,167,31,0.838535,7,2
3247,15,15,0,3638.9907,13639.9537,140,32,1.314298,6,2
3248,10,10,0,3577.9204,13789.6018,129,24,0.866420,6,2
3249,11,11,0,3316.4305,12277.1527,134,19,1.193534,6,2
3250,12,12,0,3185.4470,11057.2348,153,23,1.204623,6,2
3251,10,10,0,3200.0833,11455.4167,143,21,0.471155,6,2
3252,13,13,0,3327.4370,11782.1850,152,27,0.562024,7,2
3253,13,13,0,4395.1519,16225.7594,182,31,1.822424,7,2
3254,14,14,0,3899.8949,14649.4743,151,29,0.781601,7,2
3255,10,10,0,3526.9542,12629.7709,159,22,0.527387,7,3
3256,16,16,0,3762.3314,14096.6568,145,29,2.159394,7,2
3257,14,14,0,3730.4669,13947.3344,145,26,1.243407,6,2
3258,12,12,0,3750.2204,14086.1018,146,24,0.738850,6,2
3259,13,13,0,4074.9387,15679.6934,147,30,1.643469,7,2
3260,11,11,0,3180.5443,11617.7216,134,20,1.068359,6,2
3261,10,10,0,3428.5748,12857.8742,135,23,0.832682,6,2
3262,15,15,0,3957.4736,15337.3682,136,27,2.542024,7,2
3263,12,12,0,4367.2410,16041.2049,183,31,1.079404,7,2
3264,14,14,0,2815.6542,9758.2712,133,23,1.261140,6,2
3265,11,11,0,3114.6111,11373.0553,131,21,1.301304,7,2
3266,14,14,0,3541.4453,13467.2265,130,25,1.057213,6,2
3267,14,14,0,4205.9691,16634.8457,136,28,1.709162,7,2
3268,12,12,0,3182.2860,11306.4302,144,21,1.793293,7,2
3269,16,16,0,4307.0662,16960.3310,140,30,1.916209,7,2
3270,14,14,0,3976.7178,15263.5892,144,29,1.124576,7,2
3271,16,16,0,4244.7821,16058.9103,159,29,0.942861,7,2
3272,12,12,0,3845.5343,13997.6713,165,28,1.365995,7,2
3273,11,11,0,3326.9814,11919.9071,148,24,0.682791,7,2
3274,13,13,0,3537.0005,12930.0026,148,26,2.325060,7,2
3275,16,16,0,4662.1952,17975.9761,165,36,0.993853,7,2
3276,13,13,0,3974.4089,14802.0446,159,29,0.889191,6,2
3277,14,14,0,3724.5189,14087.5947,140,27,1.508979,7,2
3278,16,16,0,4245.3047,15206.5237,188,30,2.353722,7,2
3279,11,11,0,2755.5985,9397.9927,138,19,0.618133,6,2
3280,13,13,0,3509.9377,12549.6884,157,26,0.818284,7,2
3281,16,16,0,4509.6027,17328.0133,162,38,1.986986,7,2
3282,15,15,0,4692.9875,18344.9376,158,31,1.462319,7,2
3283,16,16,0,4467.3953,17091.9766,162,34,2.353038,7,2
3284,11,11,0,3699.4236,13777.1180,149,25,2.430579,7,2
3285,10,10,0,3615.1847,12995.9234,162,24,0.893079,7,2
3286,16,16,0,3701.2621,13376.3106,158,29,1.513074,7,2
3287,13,13,0,3951.8753,15049.3766,147,32,1.001744,7,2
3288,11,11,0,4472.2650,17436.3248,156,26,0.456156,7,2
3289,10,10,0,3251.5061,11582.5307,148,19,0.465779,6,2
3290,13,13,0,4050.9029,14699.5145,175,28,0.749454,7,2
3291,10,10,0,3280.6494,11848.2469,144,22,0.599331,7,2
3292,10,10,0,3550.0704,12995.3519,151,26,2.960862,6,2
3293,11,11,0,3568.7643,12298.8214,176,25,1.005937,7,3
3294,14,14,0,3695.0383,12250.1915,197,29,0.736861,7,2
3295,15,15,0,3890.6699,14148.3496,165,35,1.745542,7,2
3296,13,13,0,3721.7267,14208.6334,136,24,2.916356,6,2
3297,12,12,0,3535.6152,13048.0760,145,23,0.841672,7,2
3298,15,15,0,4120.6365,16228.1824,134,28,2.822579,7,2
3299,15,15,0,3944.2105,14836.0523,151,33,2.250922,7,2
3300,12,12,0,3687.0691,13740.3453,148,23,1.825498,7,2
3301,14,14,0,3396.6837,12478.4183,139,25,1.724458,6,2
3302,16,16,0,4289.6805,16228.4026,161,30,0.618772,7,3
3303,11,11,0,4170.5072,15962.5360,155,28,0.651074,7,2
3304,15,15,0,4052.0689,14430.3446,183,35,3.094427,6,2
3305,12,12,0,3744.7641,14313.8203,138,24,1.189785,7,2
3306,15,15,0,3508.0779,12815.3897,146,27,2.486089,7,2
3307,13,13,0,3858.4720,14287.3599,157,37,1.760531,7,2
3308,13,13,0,3478.1233,12605.6166,150,24,1.106749,7,2
3309,15,15,0,3634.5886,13132.9428,157,28,1.131760,7,2
3310,13,13,0,3935.5005,14667.5026,157,26,1.889808,7,2
3311,14,14,0,3400.6943,12073.4713,153,24,1.615102,6,2
3312,11,11,0,3245.0448,11510.2239,149,23,0.559656,7,2
3313,11,11,0,3409.6513,12193.2567,152,23,0.512892,7,2
3314,14,14,0,4611.3669,18041.8344,156,28,1.865486,7,2
3315,10,10,0,2939.1720,9860.8598,153,21,0.538946,6,2
3316,13,13,0,3542.9928,13359.9639,135,21,1.345279,7,2
3317,15,15,0,3828.5008,14542.5039,141,23,0.822277,7,2
3318,15,15,0,3759.9485,14144.7427,143,27,2.279835,7,2
3319,11,11,0,4116.6820,15453.4101,162,23,0.541720,7,2
3320,16,16,0,4141.6209,15633.1043,156,31,2.340778,7,2
3321,16,16,0,3318.9122,11039.5612,173,29,1.033095,7,2
3322,14,14,0,3725.8808,13754.4038,152,27,0.853280,7,2
3323,13,13,0,3867.6632,14103.3162,164,32,1.687889,7,2
3324,14,14,0,3329.1580,12050.7902,141,23,2.100090,6,2
3325,14,14,0,3828.7377,14788.6886,134,25,0.773766,7,2
3326,13,13,0,3546.3980,13076.9902,145,26,0.708922,6,2
3327,12,12,0,3420.4059,12742.0295,136,24,1.255878,7,2
3328,14,14,0,3748.4128,13817.0639,153,26,2.165112,7,2
3329,12,12,0,3289.7329,11923.6647,141,24,0.648970,6,2
3330,15,15,0,4142.3633,15831.8165,151,27,2.565632,7,2
3331,16,16,0,3877.0234,15085.1172,131,32,3.450329,7,2
3332,11,11,0,3188.2446,11981.2231,124,26,0.731978,6,2
3333,13,13,0,3599.9911,13624.9557,135,24,1.083338,7,2
3334,14,14,0,4091.6583,15073.2917,168,31,0.958509,7,2
3335,10,10,0,3279.8061,12099.0304,136,21,0.778783,7,2
3336,12,12,0,3555.6927,12638.4636,162,26,2.034475,7,2
3337,10,10,0,3978.2404,15401.2022,142,22,0.800776,7,2
3338,13,13,0,3689.5878,14137.9388,135,33,2.835389,6,2
3339,10,10,0,3773.0798,14675.3991,132,20,0.647808,7,2
3340,15,15,0,3408.8925,12359.4627,144,26,1.758938,6,2
3341,11,11,0,3306.4332,12842.1662,115,26,0.854691,5,2
3342,16,16,0,3210.0059,11525.0296,138,25,1.644815,7,2
3343,15,15,0,4314.1308,14990.6541,207,34,1.709027,7,2
3344,12,12,0,3415.1244,12610.6220,139,23,1.188777,7,2
3345,10,10,0,3535.8417,12709.2086,158,25,0.511932,7,2
3346,14,14,0,4123.1862,15290.9308,166,32,1.600134,7,2
3347,11,11,0,3549.4054,13167.0272,144,22,1.074160,7,2
3348,15,15,0,3465.9073,13099.5365,129,22,0.786901,6,3
3349,14,14,0,4176.2289,16236.1443,143,26,1.625041,7,2
3350,11,11,0,3663.4847,13642.4234,147,25,0.487252,7,2
3351,11,11,0,3168.1839,11080.9195,150,22,0.672574,6,2
3352,13,13,0,3899.5987,14597.9935,153,30,0.726825,7,2
3353,13,13,0,3455.3573,12266.7864,157,25,1.760894,7,2
3354,12,12,0,4091.2815,14611.4075,185,31,0.630621,7,2
3355,15,15,0,4039.4211,14382.1054,182,30,2.143359,7,2
3356,16,16,0,4277.7616,16528.8078,151,37,1.668793,7,2
3357,12,12,0,3278.2564,12266.2820,128,24,1.611832,6,2
3358,14,14,0,4178.3229,15531.6144,169,32,0.627419,7,2
3359,10,10,0,3858.1826,14575.9131,149,26,0.944487,7,3
3360,10,10,0,2884.4988,9657.4941,151,22,0.741890,6,2
3361,14,14,0,4680.5626,17667.8131,180,32,2.019797,7,3
3362,11,11,0,3169.2999,11486.4997,137,24,0.982459,6,2
3363,13,13,0,3556.1833,12980.9165,150,29,1.552605,7,2
3364,12,12,0,3535.8876,13924.4379,116,20,1.191905,6,2
3365,12,12,0,3770.6154,13903.0771,155,28,0.830211,7,2
3366,10,10,0,4065.3881,15046.9404,168,27,0.728972,7,2
3367,12,12,0,3577.6142,13513.0710,136,21,0.691327,7,2
3368,10,10,0,3865.6196,13583.0978,184,32,0.858042,7,2
3369,15,15,0,3826.1741,13365.8703,181,31,2.962852,7,2
3370,12,12,0,3215.1568,11200.7838,153,27,1.159332,7,2
3371,13,13,0,4326.9864,16369.9321,165,29,0.631700,7,2
3372,12,12,0,3016.6217,10838.1085,132,21,0.766997,6,2
3373,12,12,0,3361.7443,12158.7217,145,23,0.981602,6,2
3374,11,11,0,4110.0148,16205.0741,137,30,1.049035,7,2
3375,12,12,0,3850.2544,14591.2722,146,25,0.830494,7,2
3376,11,11,0,3803.0379,14170.1893,153,29,0.959476,7,3
3377,16,16,0,3590.7029,13513.5146,135,26,1.663355,7,2
3378,10,10,0,3483.7830,12218.9149,165,30,0.750547,7,2
3379,11,11,0,3208.5426,11492.7132,143,23,1.682890,7,2
3380,12,12,0,2727.5690,9742.8450,120,20,2.324309,5,2
3381,16,16,0,3754.3357,13656.6784,158,28,2.987296,7,2
3382,16,16,0,4070.8902,15499.4511,149,29,0.710742,7,2
3383,12,12,0,3734.1623,14045.8117,145,27,0.704517,7,2
3384,15,15,0,3730.4517,13927.2584,146,30,1.128990,7,2
3385,11,11,0,3238.7046,11503.5230,148,24,0.903950,7,2
3386,11,11,0,4056.1427,15540.7136,150,27,0.485161,7,2
3387,13,13,0,3834.4596,13427.2978,181,26,0.498237,7,2
3388,12,12,0,3349.0395,12500.1975,132,24,2.011476,7,2
3389,11,11,0,3619.3365,13551.6826,143,24,0.608137,7,2
3390,12,12,0,4458.7839,16568.9194,179,32,1.545827,7,2
3391,11,11,0,3419.3231,11316.6153,184,28,0.972047,7,2
3392,16,16,0,4596.3446,17631.7228,165,30,1.122873,7,2
3393,10,10,0,3623.6564,12893.2818,168,24,2.662377,7,2
3394,15,15,0,3730.5484,13762.7422,152,29,2.528206,7,2
3395,14,14,0,3936.8066,14669.0328,156,28,0.942947,7,2
3396,14,14,0,3972.3537,14586.7686,164,27,0.738371,7,2
3397,10,10,0,3612.4739,13577.3695,142,24,0.644502,7,2
3398,12,12,0,3846.3534,14116.7671,161,27,1.883032,7,3
3399,14,14,0,3947.1946,15205.9731,140,25,1.396940,7,2
3400,15,15,0,3923.4193,15012.0964,142,31,1.950326,7,2
3401,10,10,0,3684.0375,13960.1873,141,22,0.503140,7,2
3402,13,13,0,4013.6293,15583.1465,140,28,0.584723,7,2
3403,10,10,0,3617.8059,13829.0293,134,22,0.472620,6,2
3404,10,10,0,2624.5699,9442.8495,115,20,0.880861,5,2
3405,14,14,0,4219.1383,16475.6914,143,29,0.708571,7,2
3406,14,14,0,3995.9581,15264.7905,146,30,1.413957,6,2
3407,16,16,0,3986.9963,15484.9816,136,28,2.716050,7,2
3408,14,14,0,3632.3367,12456.6835,179,30,0.955976,7,2
3409,10,10,0,3229.5438,12177.7192,124,20,0.571186,6,2
3410,13,13,0,3541.0471,12795.2356,153,25,0.972694,7,2
3411,14,14,0,3495.7457,11593.7283,184,29,1.651929,7,2
3412,13,13,0,4101.6216,15453.1082,158,25,0.486179,7,2
3413,14,14,0,4142.5619,15397.8097,165,29,2.263641,7,2
3414,16,16,0,4136.2575,15321.2875,166,34,3.905323,7,2
3415,15,15,0,4155.6377,15553.1887,163,31,1.095224,7,2
3416,16,16,0,2612.5429,8187.7143,150,21,0.425094,7,7
3417,12,12,0,3488.8565,12169.2824,167,24,1.959556,7,2
3418,13,13,0,3738.5261,13342.6303,168,26,0.577194,7,3
3419,16,16,0,4244.5410,16287.7051,152,30,0.671340,7,3
3420,15,15,0,4081.5645,14737.8227,177,29,0.671953,7,2
3421,16,16,0,4169.6823,15353.4115,171,33,0.633993,7,2
3422,15,15,0,4693.4949,17802.4746,177,29,1.582621,7,2
3423,16,16,0,3975.7853,14808.9264,157,29,2.459989,7,2
3424,12,12,0,3200.4656,11117.3278,153,22,0.513442,7,2
3425,12,12,0,3170.1599,12210.7994,112,20,1.390293,6,2
3426,12,12,0,3588.5912,13317.9560,146,24,1.866057,6,2
3427,12,12,0,3835.6730,14328.3648,153,34,0.696403,7,2
3428,11,11,0,3173.7441,11548.7206,135,24,1.481480,6,2
3429,11,11,0,4107.0752,15720.3761,151,22,0.555326,7,2
3430,11,11,0,3557.5259,12507.6295,167,26,2.152789,7,2
3431,13,13,0,3846.0700,14355.3500,152,27,1.959679,6,2
3432,10,10,0,3179.6231,10943.1157,158,19,0.518899,7,2
3433,12,12,0,3759.2540,14351.2702,139,27,0.703325,7,2
3434,11,11,0,3836.6275,13593.1373,182,26,0.868041,7,2
3435,11,11,0,3888.8488,14539.2440,155,28,0.543478,7,2
3436,10,10,0,4177.3531,16096.7654,152,21,0.519042,7,4
3437,16,16,0,3924.2946,14776.4732,149,28,1.186409,7,2
3438,15,15,0,4748.3227,18796.6137,153,29,0.965301,7,2
3439,11,11,0,3192.5225,11417.6127,143,28,1.016374,6,2
3440,15,15,0,3714.3728,13856.8638,145,28,1.927968,7,3
3441,15,15,0,3982.5515,14892.7573,156,31,1.438164,7,2
3442,15,15,0,3866.8566,14534.2828,148,26,1.969258,7,2
3443,15,15,0,4254.8770,14894.3851,201,32,2.918850,7,2
3444,15,15,0,3996.4971,14452.4855,172,33,2.029691,7,2
3445,15,15,0,4363.8764,16274.3821,173,35,3.047564,7,2
3446,14,14,0,3667.8742,14079.3708,131,27,0.644067,6,2
3447,15,15,0,4642.9299,18284.6493,153,30,2.103897,7,2
3448,14,14,0,3617.3636,13606.8180,138,28,1.608539,7,2
3449,16,16,0,3856.4196,13802.0980,170,32,1.170744,7,2
3450,14,14,0,3480.2851,12166.4253,164,31,1.170632,7,2
3451,14,14,0,4205.7955,15928.9777,160,37,2.771122,7,2
3452,13,13,0,3724.4732,13412.3661,163,32,1.694428,7,2
3453,15,15,0,4786.5455,18377.7274,173,35,0.791647,7,2
3454,15,15,0,3492.2978,12396.4889,157,30,1.827549,6,2
3455,11,11,0,3631.7243,13353.6215,151,22,0.472766,6,2
3456,16,16,0,3766.7493,14363.7467,136,27,1.716586,7,2
3457,15,15,0,4503.6201,17093.1006,169,32,0.921485,7,2
3458,15,15,0,4137.5099,15862.5497,149,29,2.068299,7,2
3459,13,13,0,3517.4744,12387.3719,163,24,1.602604,7,2
3460,15,15,0,3452.1249,11970.6245,164,23,0.633041,6,2
3461,14,14,0,4242.9129,16204.5647,156,31,1.908357,7,2
3462,13,13,0,3743.3970,13896.9851,150,30,1.608320,7,2
3463,16,16,0,4521.4549,17137.2746,169,33,1.716882,7,2
3464,10,10,0,3161.2328,11201.1641,146,20,0.442635,7,2
3465,13,13,0,4110.4905,15622.4524,154,28,1.149485,7,2
3466,13,13,0,3657.5656,13212.8280,158,25,0.857934,7,2
3467,16,16,0,4538.4475,18197.2374,138,34,2.190871,7,2
3468,13,13,0,4149.8331,15624.1654,160,26,0.934554,7,2
3469,13,13,0,3995.1404,14880.7020,159,25,0.569286,7,2
3470,10,10,0,3489.2468,12171.2340,168,27,0.816141,7,2
3471,11,11,0,4150.1158,15825.5789,156,31,0.624322,7,3
3472,13,13,0,4204.5215,16422.6076,143,26,1.992293,7,2
3473,14,14,0,3598.2003,13336.0017,144,25,1.899787,7,2
3474,11,11,0,4446.7658,17258.8289,157,29,0.732485,7,3
3475,16,16,0,4545.9610,17869.8052,150,32,2.206805,7,2
3476,10,10,0,2977.7178,10353.5891,143,21,0.924556,7,2
3477,13,13,0,3928.0724,14215.3620,171,34,1.106659,7,2
3478,12,12,0,3498.3407,12821.7034,146,23,0.827930,6,2
3479,13,13,0,3961.9535,14819.7674,156,31,0.735069,7,2
3480,13,13,0,3913.3688,14666.8438,153,26,1.090568,6,2
3481,14,14,0,3644.2131,13106.0653,160,25,1.522256,7,2
3482,14,14,0,4311.7992,16938.9959,143,29,1.577740,7,3
3483,10,10,0,3892.4934,14437.4672,160,30,0.805338,7,2
3484,11,11,0,3748.3716,13976.8578,150,27,1.628177,7,2
3485,12,12,0,4295.3867,17016.9336,140,30,1.238022,7,2
3486,15,15,0,3792.5442,13637.7210,166,29,1.962397,6,2
3487,14,14,0,3557.1954,12650.9768,160,30,1.506993,7,2
3488,10,10,0,3379.3514,12516.7568,138,23,0.628429,6,2
3489,12,12,0,2930.3819,10766.9095,120,24,0.826173,5,2
3490,10,10,0,3569.5816,12997.9082,154,25,0.640176,7,3
3491,11,11,0,3312.9109,12094.5544,141,21,1.021154,7,2
3492,11,11,0,3259.8039,11169.0194,162,24,1.315914,7,2
3493,12,12,0,3066.6789,11243.3944,127,24,0.997634,6,2
3494,14,14,0,3491.9721,12949.8605,139,24,2.336367,7,2
3495,14,14,0,3348.0872,12030.4358,146,33,1.798607,5,2
3496,16,16,0,4261.4738,16152.3689,160,37,2.428592,7,2
3497,10,10,0,3171.6918,11863.4591,125,21,0.609747,6,2
3498,15,15,0,4226.8225,16504.1125,143,29,0.618175,7,3
3499,14,14,0,4122.2287,15031.1437,175,32,1.827436,7,2
3500,12,12,0,3073.1714,11025.8568,135,19,0.404212,6,2
3501,16,16,0,4082.7682,14953.8408,170,33,2.799924,7,2
3502,16,16,0,4263.9453,16179.7267,160,33,0.541763,7,2
3503,16,16,0,4004.8482,15769.2411,130,31,0.747827,7,2
3504,16,16,0,4136.9690,15624.8449,156,28,0.704362,7,2
3505,14,14,0,3714.2270,14491.1352,126,27,1.440252,6,2
3506,12,12,0,3628.2218,13481.1091,146,25,0.660197,7,2
3507,10,10,0,3465.1808,12825.9041,142,23,0.712181,7,2
3508,15,15,0,4621.2770,17676.3849,169,32,0.822942,7,3
3509,16,16,0,4064.4105,15322.0527,154,30,0.752626,7,3
3510,12,12,0,3882.5589,14727.7946,147,30,0.631436,7,2
3511,13,13,0,3460.6545,12683.2723,144,29,0.904607,6,2
3512,16,16,0,4098.1657,15470.8285,155,29,1.663897,7,2
3513,12,12,0,3146.5608,10822.8040,154,25,2.482330,7,2
3514,16,16,0,3987.1241,14800.6204,158,30,1.901491,7,2
3515,12,12,0,3749.7529,14053.7647,147,25,1.512801,7,2
3516,13,13,0,4048.3938,14896.9691,168,27,0.932662,7,2
3517,16,16,0,3659.1376,13570.6882,145,26,1.919689,7,2
3518,13,13,0,3728.0694,14010.3472,145,24,1.331662,7,2
3519,15,15,0,3627.4152,13422.0760,146,28,1.472517,6,2
3520,13,13,0,3663.9886,13444.9429,152,25,2.414365,7,2
3521,12,12,0,3864.4546,14822.2731,140,21,0.549023,7,3
3522,11,11,0,3342.9192,12089.5960,145,20,0.412563,7,2
3523,10,10,0,3002.8454,10129.2272,155,23,0.685617,7,2
3524,10,10,0,3463.7201,12938.6007,138,20,0.894226,7,2
3525,16,16,0,4059.9878,15764.9391,139,30,1.653025,7,2
3526,15,15,0,4753.4187,18387.0935,168,35,3.998260,7,2
3527,10,10,0,3250.7791,11708.8957,143,23,2.249522,6,2
3528,13,13,0,3467.0461,12790.2306,141,27,2.504744,6,2
3529,16,16,0,3590.0266,13690.1329,130,25,1.245436,7,2
3530,15,15,0,4115.6596,15183.2978,168,31,0.578732,7,2
3531,14,14,0,3748.5309,14237.6543,139,25,1.534168,7,2
3532,11,11,0,3653.4231,13602.1155,147,24,0.679375,7,2
3533,10,10,0,3171.0980,11070.4901,152,22,1.076267,7,2
3534,13,13,0,3767.4427,13602.2134,164,30,2.770757,7,2
3535,11,11,0,3094.8230,10414.1151,159,23,0.647541,6,2
3536,15,15,0,3638.2299,13116.1493,157,29,1.777735,7,2
3537,15,15,0,3901.6875,15223.4375,131,29,2.811459,7,2
3538,13,13,0,3505.1024,13140.5119,136,23,2.295479,7,2
3539,11,11,0,3695.4442,13987.2211,141,21,0.470903,7,3
3540,10,10,0,3703.4524,14132.2621,138,21,0.526839,7,2
3541,10,10,0,2942.5524,10117.7622,145,20,0.508547,6,2
3542,10,10,0,3770.6863,14378.4314,141,22,0.665834,7,2
3543,12,12,0,3998.2754,14786.3768,164,26,1.836333,7,3
3544,10,10,0,3994.4282,14602.1409,171,28,0.541293,7,2
3545,14,14,0,3945.1732,14820.8658,153,30,2.574576,7,2
3546,14,14,0,4403.5804,16647.9020,168,27,2.211452,7,2
3547,10,10,0,3067.4477,10747.2384,145,22,0.486357,7,2
3548,14,14,0,3872.2516,13981.2578,168,29,1.500179,7,2
3549,11,11,0,3076.9922,10994.9612,138,24,1.272624,7,2
3550,10,10,0,3425.5414,12482.7070,147,23,2.424089,7,2
3551,16,16,0,3870.6595,14843.2975,138,32,2.266970,7,2
3552,15,15,0,4034.4723,14767.3615,168,27,1.332207,7,2
3553,12,12,0,4043.5198,15372.5990,152,29,0.665532,7,3
3554,16,16,0,5513.5923,22382.9614,161,36,2.105869,7,2
3555,13,13,0,3598.7651,12628.8253,168,25,0.773864,6,2
3556,15,15,0,3868.3206,15061.6029,132,32,1.757380,6,2
3557,15,15,0,4239.4122,16302.0610,152,31,1.653829,7,2
3558,13,13,0,3645.7146,13373.5729,152,26,0.751890,6,2
3559,11,11,0,4227.0580,15845.2899,168,32,0.658255,7,2
3560,15,15,0,3752.0736,13855.3680,152,28,1.595309,7,2
3561,13,13,0,3465.6024,12183.0118,161,26,1.166529,7,2
3562,12,12,0,3181.9893,11759.9464,129,22,0.985720,7,2
3563,12,12,0,3905.3880,14541.9398,157,27,0.708880,7,2
3564,12,12,0,3576.1949,13375.9745,141,27,1.318588,6,2
3565,11,11,0,3561.5180,12852.5900,156,25,0.481544,7,3
3566,16,16,0,3000.5571,10107.7855,150,26,1.378187,7,2
3567,14,14,0,4498.1942,17685.9711,149,30,2.906616,7,2
3568,14,14,0,3198.3012,11371.5062,143,23,1.629298,7,2
3569,12,12,0,3372.4864,12182.4320,146,22,0.557955,7,2
3570,12,12,0,3749.1592,13505.7961,165,28,1.485596,7,2
3571,16,16,0,4671.3419,17651.7093,178,42,2.115420,7,3
3572,12,12,0,4467.8118,17284.0592,159,26,0.541770,7,2
3573,13,13,0,3980.0105,15570.0524,134,26,1.620018,7,2
3574,15,15,0,4099.9266,15554.6330,153,28,2.337479,7,2
3575,12,12,0,3820.5119,14442.5596,146,26,0.844361,7,2
3576,10,10,0,3683.7510,13503.7551,157,33,0.826418,7,2
3577,16,16,0,4443.2112,17111.0558,158,38,2.809090,7,2
3578,16,16,0,3812.0407,15015.2037,122,29,1.306984,7,2
3579,15,15,0,3954.5428,14397.7141,167,27,1.741232,7,3
3580,15,15,0,4328.5822,16467.9108,161,32,2.097776,7,2
3581,16,16,0,3408.9375,12204.6873,148,25,2.260050,7,2
3582,14,14,0,3886.5501,14937.7503,139,29,2.021983,6,2
3583,10,10,0,4110.4698,16082.3488,141,26,0.674755,7,3
3584,13,13,0,4281.4335,16367.1675,158,34,0.825361,7,2
3585,11,11,0,3450.4391,12847.1956,138,21,0.479954,7,2
3586,10,10,0,3783.0552,13595.2760,169,26,0.669886,7,2
3587,11,11,0,3701.9212,13644.6061,154,27,0.897716,6,2
3588,11,11,0,4080.1153,16255.5763,130,27,0.843172,7,2
3589,10,10,0,3520.8507,13239.2536,139,29,1.336885,7,2
3590,11,11,0,3619.9072,13604.5358,141,23,0.542360,7,2
3591,10,10,0,3280.1983,11845.9916,144,20,0.405458,7,2
3592,15,15,0,4073.3971,14516.9855,183,32,1.464569,7,2
3593,16,16,0,3373.5726,11392.8628,169,24,0.861509,7,3
3594,11,11,0,3367.7792,12768.8959,127,21,0.936519,7,2
3595,12,12,0,3714.7263,13773.6314,150,29,0.769287,7,2
3596,10,10,0,3472.9527,12344.7633,160,25,0.490594,7,2
3597,12,12,0,4155.3247,16296.6236,140,27,0.521085,7,2
3598,13,13,0,3626.6314,13803.1571,134,27,3.239749,7,2
3599,10,10,0,3420.5625,11722.8127,172,25,0.518022,7,3
3600,14,14,0,3888.6073,14438.0363,156,30,0.713626,7,2
3601,13,13,0,3647.7471,13018.7355,164,29,0.865688,7,2
3602,12,12,0,4248.3829,16406.9145,152,29,1.266763,7,3
3603,14,14,0,3397.4209,12122.1045,151,28,1.399460,6,2
3604,12,12,0,4065.6650,14908.3250,171,30,0.891199,7,2
3605,10,10,0,3681.5614,14207.8070,132,22,0.538229,7,2
3606,14,14,0,3941.0768,14780.3841,153,29,1.104143,7,2
3607,11,11,0,3702.7230,13873.6149,146,24,0.641959,7,2
3608,16,16,0,5439.1792,21685.8960,172,39,1.464560,7,2
3609,14,14,0,3883.1916,14615.9579,149,26,0.626178,7,2
3610,10,10,0,3856.4133,14397.0666,155,23,0.386773,7,2
3611,10,10,0,3148.9115,11429.5576,136,21,0.460130,6,2
3612,14,14,0,3528.6887,12978.4436,145,28,1.618945,6,2
3613,12,12,0,4075.6118,15358.0590,158,27,1.517331,7,2
3614,10,10,0,4530.2871,17281.4357,175,22,0.495603,7,2
3615,11,11,0,3581.5199,13397.5995,142,20,0.540090,7,2
3616,10,10,0,4030.6758,15543.3788,147,29,0.648305,7,2
3617,12,12,0,3702.1549,13625.7747,153,25,0.585928,7,2
3618,11,11,0,3310.3900,11596.9501,157,23,0.677813,7,4
3619,13,13,0,3837.8733,14414.3665,149,24,1.859100,7,2
3620,15,15,0,3770.7848,13958.9242,151,27,1.793580,7,2
3621,12,12,0,3522.8427,13189.2133,138,21,0.681745,7,3
3622,13,13,0,3993.4682,14892.3410,159,28,0.733257,7,2
3623,14,14,0,4074.9505,15534.7525,150,27,0.800487,7,2
3624,14,14,0,3868.3869,14216.9343,160,29,2.596579,7,2
3625,12,12,0,4049.2666,14171.3329,194,42,0.968979,6,2
3626,13,13,0,3760.9597,13419.7983,169,25,0.559613,7,3
3627,13,13,0,3563.4247,12627.1237,163,29,0.823335,6,2
3628,15,15,0,3869.4458,14437.2291,152,25,1.212257,7,2
3629,10,10,0,3221.6864,11298.4321,152,27,3.519418,7,2
3630,13,13,0,3525.8777,12769.3886,152,29,2.310942,7,2
3631,10,10,0,3598.9814,13379.9069,146,23,0.506202,7,3
3632,13,13,0,3403.0118,12050.0590,156,24,0.585274,7,2
3633,14,14,0,4000.9510,14744.7550,164,30,2.458093,7,2
3634,12,12,0,3937.3969,14756.9843,155,25,0.898631,7,2
3635,10,10,0,3783.5127,14092.5636,153,20,0.507147,7,3
3636,12,12,0,3096.4694,11382.3470,127,21,1.385253,6,2
3637,16,16,0,4094.3505,15241.7527,162,28,1.529082,7,2
3638,14,14,0,3644.0145,13390.0726,150,26,1.467323,7,2
3639,14,14,0,3550.7228,13553.6140,129,27,2.989374,7,2
3640,13,13,0,4336.5675,16372.8375,166,31,0.846631,7,2
3641,13,13,0,3736.8526,13609.2629,159,27,0.622985,7,3
3642,14,14,0,3824.1167,13450.5833,178,29,0.530714,7,2
3643,12,12,0,3678.1029,13620.5146,150,26,0.595501,7,3
3644,14,14,0,3837.1847,14345.9237,150,24,2.244335,7,2
3645,15,15,0,4688.4230,17712.1152,179,34,0.754859,7,2
3646,13,13,0,3995.1243,14580.6213,169,26,0.953778,7,2
3647,14,14,0,4383.9712,16639.8558,165,34,2.296441,7,2
3648,11,11,0,2920.2812,10756.4060,120,26,1.547261,5,2
3649,13,13,0,3818.8899,14244.4495,152,28,0.717716,7,2
3650,11,11,0,3828.1298,14140.6490,158,24,0.712305,7,3
3651,16,16,0,3655.7904,14023.9518,129,25,2.934979,7,2
3652,12,12,0,3743.8512,13854.2561,152,28,1.470690,7,2
3653,14,14,0,4124.8456,15369.2282,164,29,1.667761,7,2
3654,12,12,0,3594.7176,13183.5880,150,25,2.011379,7,2
3655,12,12,0,3603.2333,13166.1667,152,27,1.437403,7,2
3656,14,14,0,3623.4760,13212.3798,153,31,1.769430,7,2
3657,16,16,0,3771.7191,13943.5956,151,29,0.858097,7,2
3658,14,14,0,3887.9452,14439.7259,156,28,0.580909,7,2
3659,10,10,0,3780.2046,14216.0229,149,20,0.480657,7,2
3660,16,16,0,3563.1910,12825.9552,154,30,2.573575,7,2
3661,16,16,0,3374.5537,12942.7684,119,28,2.241694,7,2
3662,12,12,0,3981.8910,15304.4552,144,22,0.946743,7,2
3663,14,14,0,3487.4692,12022.3461,169,24,2.109799,6,3
3664,15,15,0,3471.2065,12796.0325,140,23,2.000226,7,2
3665,10,10,0,3120.0422,11015.2111,145,19,0.818103,6,2
3666,12,12,0,2825.8104,9519.0522,144,25,1.538730,5,2
3667,10,10,0,3422.8102,12359.0511,150,22,0.509488,7,2
3668,14,14,0,3881.3663,14451.8314,154,30,1.425355,7,2
3669,12,12,0,4191.8379,16379.1897,143,29,0.617569,7,2
3670,14,14,0,3158.6975,11758.4877,124,28,1.141258,7,2
3671,10,10,0,3863.2203,14646.1013,148,24,0.492416,7,3
3672,11,11,0,3692.9167,13134.5836,170,24,0.461447,7,3
3673,13,13,0,3596.3813,13451.9064,141,27,0.830091,7,2
3674,16,16,0,4171.6415,15828.2075,155,28,1.441666,7,2
3675,11,11,0,3617.7504,13878.7519,132,22,0.637390,7,2
3676,14,14,0,3804.4835,14202.4174,149,28,1.230414,7,2
3677,13,13,0,3553.1901,12615.9506,161,30,2.022689,5,2
3678,15,15,0,3856.0865,14250.4326,156,27,2.245593,7,2
3679,13,13,0,4502.0694,17430.3472,159,31,1.282877,7,3
3680,11,11,0,3879.7321,14468.6606,157,27,0.661004,7,2
3681,12,12,0,3797.9790,14954.8952,125,22,0.561642,7,2
3682,13,13,0,3850.7388,14538.6939,147,31,1.188819,7,2
3683,10,10,0,3477.1548,13070.7739,136,20,0.914783,7,2
3684,11,11,0,4335.0502,16990.2509,148,26,1.039418,7,3
3685,12,12,0,4752.0851,19100.4257,147,32,1.104868,7,2
3686,10,10,0,3298.2119,12036.0595,141,23,0.548991,7,2
3687,12,12,0,3307.5506,12302.7530,131,23,1.544536,7,2
3688,11,11,0,3850.8529,14759.2643,142,23,0.807170,7,2
3689,13,13,0,4097.8549,15194.2744,166,32,2.152867,7,2
3690,11,11,0,3986.5088,15672.5441,133,22,0.485214,7,2
3691,15,15,0,3633.0414,12685.2068,171,27,0.537669,7,2
3692,16,16,0,3912.6958,14543.4789,155,29,0.882197,7,2
3693,13,13,0,3590.6495,13028.2477,154,29,2.945487,6,2
3694,14,14,0,4257.0517,16240.2584,157,30,1.418482,7,2
3695,14,14,0,3659.7827,13173.9133,160,26,1.293985,7,2
3696,15,15,0,3524.8709,11984.3546,176,29,0.645923,7,2
3697,11,11,0,3925.4048,14472.0239,163,26,0.641420,7,2
3698,11,11,0,3946.6632,14583.3161,162,28,0.488696,7,3
3699,16,16,0,4190.8457,14919.2287,189,35,1.351166,7,2
3700,12,12,0,3484.9851,12774.9253,146,29,1.629414,7,2
3701,13,13,0,3777.9454,13994.7271,153,24,0.409679,7,3
3702,13,13,0,3908.2722,14871.3609,146,28,0.763233,7,2
3703,14,14,0,3375.8769,11969.3846,153,25,1.827606,7,2
3704,13,13,0,4516.3448,17771.7240,151,33,1.000259,7,2
3705,10,10,0,2980.3755,10301.8776,145,18,0.524362,7,2
3706,16,16,0,3385.1134,11335.5669,174,31,0.703982,7,2
3707,10,10,0,3434.7874,12498.9369,148,26,1.059516,7,2
3708,11,11,0,3560.4011,13552.0056,133,20,0.542704,7,3
3709,16,16,0,3896.1213,14015.6066,169,30,2.438048,7,2
3710,16,16,0,3961.3911,14391.9553,168,29,0.560660,7,2
3711,14,14,0,4266.7707,16213.8536,160,28,0.502845,7,2
3712,11,11,0,4786.6522,18648.2612,168,34,0.799977,7,2
3713,14,14,0,3947.6873,14663.4363,158,32,1.580631,7,2
3714,16,16,0,4804.3401,18866.7007,159,32,0.640428,7,2
3715,14,14,0,3967.1393,15425.6967,136,25,0.578063,7,2
3716,14,14,0,3918.4548,14117.2741,172,36,2.213147,7,2
3717,16,16,0,4230.3333,15766.6665,167,33,3.020042,7,2
3718,15,15,0,4398.2050,16876.0252,159,29,0.874561,7,2
3719,12,12,0,4073.9322,16264.6609,127,26,1.284560,7,2
3720,10,10,0,2985.1430,10690.7148,133,19,0.705457,6,2
3721,15,15,0,3650.1703,13780.8515,137,25,1.822613,7,2
3722,13,13,0,3830.3624,14256.8120,153,25,0.715490,7,2
3723,14,14,0,3771.8060,13959.0301,152,30,1.418131,7,2
3724,16,16,0,3824.9305,13919.6526,161,29,1.772096,7,2
3725,11,11,0,3129.7408,11138.7042,142,22,0.671074,7,2
3726,16,16,0,3890.1948,14790.9740,142,28,1.625928,7,2
3727,14,14,0,3546.2824,12261.4120,170,26,0.539188,7,2
3728,14,14,0,4548.5506,18162.7528,142,30,1.635884,7,2
3729,14,14,0,3922.4352,15582.1762,124,27,1.097419,7,2
3730,13,13,0,3714.0952,12740.4759,184,25,1.523598,7,2
3731,11,11,0,3706.5076,14072.5380,140,28,2.016310,7,2
3732,10,10,0,4108.5305,15807.6524,151,25,0.429678,7,4
3733,12,12,0,3972.9088,14709.5438,162,27,2.320320,7,2
3734,16,16,0,4807.8353,14534.1765,327,26,1.638043,7,2
3735,13,13,0,4081.6610,15178.3052,164,29,0.773451,7,2
3736,16,16,0,4144.8814,15824.4069,151,32,3.132056,7,2
3737,15,15,0,3804.4176,13837.0881,161,28,0.597042,7,2
3738,13,13,0,3916.4534,14342.2670,165,31,1.515553,7,2
3739,11,11,0,3153.3238,11831.6189,123,28,2.891818,6,2
3740,14,14,0,3647.5207,13022.6036,164,31,0.706156,7,3
3741,15,15,0,3450.4195,11972.0977,164,25,1.121207,7,2
3742,16,16,0,3945.4624,14802.3122,151,29,1.971228,7,2
3743,14,14,0,3770.8245,14634.1225,130,27,2.333524,6,2
3744,14,14,0,4041.0133,14910.0665,166,29,0.649748,7,2
3745,16,16,0,4227.2351,16201.1753,152,30,1.562329,7,2
3746,11,11,0,3074.2521,11396.2605,124,20,0.566945,6,2
3747,10,10,0,3669.8218,13209.1091,164,25,0.718280,7,2
3748,13,13,0,3823.0377,14810.1883,134,28,1.529423,7,2
3749,13,13,0,4683.7031,18068.5157,168,29,0.686439,7,2
3750,16,16,0,4134.6529,15538.2643,158,30,2.931412,7,2
3751,15,15,0,4791.1883,18925.9415,156,27,1.122737,7,3
3752,11,11,0,3260.8174,12164.0871,130,22,0.631983,6,2
3753,12,12,0,3517.5152,12802.5762,150,27,1.261628,7,2
3754,11,11,0,3087.1159,10575.5793,153,24,1.687825,6,3
3755,14,14,0,4632.6088,18043.0441,160,30,0.837128,7,2
3756,13,13,0,3925.6403,14603.2015,157,27,1.144011,7,3
3757,12,12,0,4045.8847,14469.4235,184,29,0.610578,7,2
3758,16,16,0,4471.9741,17304.8703,156,34,2.489620,7,2
3759,16,16,0,4158.6543,15623.2717,160,31,2.411959,7,2
3760,13,13,0,3693.8080,13604.0400,152,29,0.511244,7,2
3761,11,11,0,3323.9462,11429.7309,164,28,0.885846,7,2
3762,16,16,0,4226.6263,14858.1316,196,34,3.120779,7,2
3763,10,10,0,3400.8192,12544.0961,141,23,1.032510,7,2
3764,12,12,0,4030.1045,15060.5224,160,27,0.673995,7,2
3765,11,11,0,4263.8794,17129.3972,131,25,0.893412,7,2
3766,15,15,0,3924.6192,14758.0958,151,28,1.699999,7,2
3767,15,15,0,4133.9685,15999.8423,144,32,3.297886,7,2
3768,15,15,0,3974.3826,14711.9129,160,31,1.831386,7,3
3769,12,12,0,3208.4789,11107.3943,155,25,0.539190,6,2
3770,13,13,0,4343.8784,16589.3922,160,33,0.826647,7,2
3771,13,13,0,3543.4266,12607.1330,160,26,1.179798,6,2
3772,10,10,0,3053.5461,11127.7304,130,22,0.582393,6,2
3773,16,16,0,4434.4024,16737.0120,169,35,0.858372,7,2
3774,13,13,0,3979.0290,14720.1448,162,27,1.145294,7,2
3775,12,12,0,4213.0509,16285.2546,150,28,0.735387,7,2
3776,10,10,0,3505.1790,13045.8952,141,19,0.430644,7,2
3777,11,11,0,3688.0458,14075.2289,137,25,0.855770,7,3
3778,15,15,0,4147.2058,15166.0291,173,31,1.315805,7,2
3779,15,15,0,3940.5559,13837.7793,184,33,1.426566,6,2
3780,15,15,0,4224.9182,15994.5910,159,30,1.595666,7,2
3781,16,16,0,4017.3016,14206.5081,183,30,2.263070,7,3
3782,15,15,0,4814.0147,15850.0734,282,31,2.422209,7,2
3783,11,11,0,3830.6062,13963.0309,165,34,0.732157,7,2
3784,16,16,0,4395.1153,15500.5763,203,36,1.936566,7,3
3785,11,11,0,3590.3130,13271.5650,148,23,0.751555,7,2
3786,16,16,0,4260.4186,15332.0932,186,35,2.884012,7,2
3787,15,15,0,4079.5011,15812.5056,141,33,0.816270,7,2
3788,13,13,0,4248.8533,16224.2665,157,30,1.848520,7,2
3789,11,11,0,3611.0266,13085.1332,157,24,0.702628,7,2
3790,12,12,0,3635.7378,13213.6890,156,27,1.674189,7,2
3791,14,14,0,3504.8451,11629.2255,185,25,3.007516,7,2
3792,15,15,0,4191.9225,15354.6125,176,34,2.281238,7,2
3793,14,14,0,3930.7883,13803.9416,184,32,1.608560,7,2
3794,13,13,0,3773.9631,13519.8153,168,31,1.268813,6,2
3795,11,11,0,4029.5141,15262.5704,154,25,0.801376,7,2
3796,11,11,0,5416.8377,19559.1886,262,31,0.599420,7,2
3797,15,15,0,3854.9867,13754.9336,172,31,1.099515,7,2
3798,11,11,0,3183.3626,11131.8130,151,22,1.690896,6,2
3799,12,12,0,3383.4262,12207.1308,147,24,1.384447,7,2
3800,15,15,0,4457.0572,16985.2862,165,33,1.291000,7,2
3801,16,16,0,4153.9236,16244.6182,138,27,1.957032,7,2
3802,15,15,0,3378.2666,11436.3332,170,30,2.726766,7,2
3803,15,15,0,4076.4108,15012.0540,167,29,0.910015,7,2
3804,15,15,0,4423.5912,16872.9558,163,31,0.690617,7,2
3805,15,15,0,4229.7671,15628.8354,173,31,2.801970,7,2
3806,15,15,0,4379.2783,16596.3913,165,31,3.556858,7,2
3807,10,10,0,3234.4664,11727.3319,140,20,0.560887,7,3
3808,12,12,0,3712.3679,14001.8395,143,29,1.115904,6,2
3809,11,11,0,4064.8945,15384.4723,156,26,0.547225,7,3
3810,13,13,0,3250.6872,11578.4362,146,24,0.792033,6,2
3811,15,15,0,3624.5825,13347.9126,147,29,0.641570,6,2
3812,11,11,0,4143.9416,16114.7082,145,27,0.821487,7,3
3813,15,15,0,3996.4892,15107.4461,150,32,3.919289,6,2
3814,14,14,0,4035.5282,14967.6409,161,24,1.019862,6,2
3815,13,13,0,3596.4804,12327.4021,178,24,0.438148,7,3
3816,12,12,0,3820.1541,14145.7706,156,32,0.956126,7,2
3817,10,10,0,3336.9008,12334.5038,137,19,0.648323,7,2
3818,12,12,0,3595.5951,12927.9753,159,24,1.618735,7,2
3819,16,16,0,3782.6891,14108.4453,147,27,1.581062,7,2
3820,14,14,0,3561.7025,12788.5124,156,28,1.882303,6,2
3821,11,11,0,3021.4010,10307.0048,151,21,0.492475,6,2
3822,16,16,0,4263.8294,16364.1471,154,33,2.830905,7,2
3823,16,16,0,3207.1565,11395.7825,142,26,1.132580,7,2
3824,12,12,0,3509.5963,12942.9817,144,25,1.440823,7,2
3825,15,15,0,3681.8557,13389.2783,155,28,1.222498,7,2
3826,16,16,0,3642.2032,13311.0162,151,29,2.043925,7,2
3827,16,16,0,4071.1009,15610.5046,146,33,2.175861,7,2
3828,11,11,0,3205.0005,11245.0026,151,23,0.483984,6,3
3829,14,14,0,3921.6452,14203.2258,169,29,1.672444,7,2
3830,13,13,0,3818.0998,13910.4989,163,34,2.524275,7,2
3831,16,16,0,3975.9149,14399.5745,170,32,1.404900,7,2
3832,10,10,0,3267.1899,11805.9497,143,19,0.950465,7,2
3833,15,15,0,3990.6685,15128.3426,149,24,1.260683,7,2
3834,14,14,0,3975.8687,14294.3434,175,31,0.636706,7,2
3835,12,12,0,3145.8415,11554.2076,130,24,0.745022,6,2
3836,15,15,0,3587.9486,13579.7428,134,28,0.792007,7,2
3837,15,15,0,4153.9291,15269.6455,172,32,0.711589,7,3
3838,12,12,0,3376.9854,12034.9271,152,27,3.203941,7,2
3839,10,10,0,3253.1113,12260.5564,126,18,0.512246,6,2
3840,14,14,0,3670.0021,13405.0105,154,29,1.674151,7,2
3841,13,13,0,3844.3128,13566.5640,178,28,1.308800,7,2
3842,14,14,0,4462.3930,16136.9649,195,41,4.741698,7,2
3843,10,10,0,3295.2985,12191.4923,135,21,0.584462,7,2
3844,13,13,0,3811.8945,14069.4726,156,24,0.469717,7,3
3845,15,15,0,4324.3859,16996.9296,143,32,1.448562,7,2
3846,11,11,0,3654.8937,13269.4686,158,29,0.698465,6,2
3847,15,15,0,4080.9665,15204.8324,161,30,1.932189,7,2
3848,12,12,0,3806.7124,14433.5618,144,25,0.664856,7,2
3849,15,15,0,4191.7715,15888.8575,157,24,0.559539,7,2
3850,15,15,0,3541.7621,12613.8105,159,33,2.580621,5,2
3851,13,13,0,3013.9924,10864.9619,130,23,3.701192,6,2
3852,12,12,0,3729.8331,14184.1654,140,24,1.036847,7,2
3853,16,16,0,3368.0247,12620.1234,128,24,2.053218,7,2
3854,14,14,0,4212.6326,16273.1632,149,25,1.799276,7,2
3855,11,11,0,3962.7691,15628.8456,131,27,0.699751,7,2
3856,13,13,0,3585.4508,13262.2540,145,28,1.252049,7,2
3857,11,11,0,3384.9645,12354.8225,144,23,2.185773,7,2
3858,16,16,0,4411.5676,16782.8380,163,28,1.382656,7,2
3859,12,12,0,3994.3988,15176.9941,151,27,0.607239,7,2
3860,10,10,0,3135.1696,10935.8481,150,22,0.454698,7,2
3861,13,13,0,3611.4518,13127.2588,154,26,1.006553,7,2
3862,15,15,0,3870.5771,14212.8857,160,33,1.000253,6,2
3863,13,13,0,3957.5128,14677.5642,160,26,2.317209,7,2
3864,16,16,0,4167.7557,15128.7787,177,33,0.914442,7,2
3865,16,16,0,3492.8904,13149.4522,131,25,2.423112,7,2
3866,12,12,0,3915.5877,14232.9384,169,30,1.578757,7,2
3867,11,11,0,3869.9107,14829.5536,142,23,0.436965,7,3
3868,14,14,0,5677.4054,20852.0272,254,34,2.766488,7,2
3869,14,14,0,3786.9355,13414.6773,173,32,0.932232,7,2
3870,12,12,0,3463.8585,12759.2925,143,28,2.277580,7,2
3871,13,13,0,3343.3141,11766.5704,155,24,1.747747,7,2
3872,14,14,0,3684.1689,13880.8446,140,29,2.694186,7,2
3873,10,10,0,3747.0946,14190.4730,144,23,0.680390,7,2
3874,10,10,0,4148.9137,16089.5687,148,25,0.465847,7,2
3875,14,14,0,3305.5553,11487.7764,157,24,1.589673,7,2
3876,15,15,0,4518.3084,17076.5421,172,35,1.059384,7,2
3877,14,14,0,3608.5602,13837.8010,129,23,1.464347,7,2
3878,15,15,0,4245.5540,15652.7699,174,29,2.800294,7,3
3879,10,10,0,3898.3478,14766.7392,150,23,0.788480,7,2
3880,15,15,0,4172.5899,15512.9497,166,35,1.954599,7,2
3881,14,14,0,5290.3454,18431.7268,276,30,1.468333,7,2
3882,11,11,0,4188.0233,16200.1166,150,34,1.075826,7,2
3883,14,14,0,3862.9109,14094.5544,163,33,0.688626,7,2
3884,15,15,0,4114.8981,15309.4907,163,34,1.920993,7,2
3885,14,14,0,3656.0390,13025.1949,164,28,0.688472,7,2
3886,14,14,0,5338.8502,18369.2510,267,48,4.792906,6,2
3887,11,11,0,3844.0130,14970.0649,133,24,0.516557,7,2
3888,14,14,0,4029.8080,15609.0398,140,31,1.785115,7,4
3889,16,16,0,3865.1841,14185.9207,159,29,1.419661,7,3
3890,12,12,0,3465.2402,12806.2012,141,27,1.099650,6,2
3891,11,11,0,3888.5190,14912.5948,142,24,0.512769,7,2
3892,13,13,0,3741.1747,13950.8737,148,29,1.753043,6,2
3893,12,12,0,3254.5737,11642.8684,145,24,1.025958,7,2
3894,12,12,0,3987.9755,15219.8774,148,28,0.857711,7,2
3895,14,14,0,4166.3218,15806.6091,157,33,1.322095,7,2
3896,13,13,0,3517.4982,12817.4912,149,23,0.594159,7,2
3897,15,15,0,3636.9992,12594.9960,174,25,1.272048,6,2
3898,16,16,0,3661.8885,13179.4423,158,29,2.025812,7,2
3899,16,16,0,3839.7960,13958.9800,162,28,1.131640,7,2
3900,14,14,0,3379.8422,11849.2110,157,24,1.933102,7,2
3901,12,12,0,3585.8821,13099.4103,151,28,0.927022,7,2
3902,11,11,0,3207.8218,11424.1091,145,22,0.683222,7,2
3903,11,11,0,3555.9649,13289.8245,141,23,0.808475,7,2
3904,16,16,0,3266.3914,11586.9568,145,25,1.713749,7,2
3905,14,14,0,4696.7991,17968.9957,173,36,1.459617,7,2
3906,11,11,0,3567.2466,12886.2330,157,25,2.614484,7,2
3907,16,16,0,3667.3234,14091.6168,130,26,1.188436,7,2
3908,11,11,0,3852.8536,14524.2681,149,25,0.549056,7,2
3909,15,15,0,4017.5579,14557.7896,173,34,1.283251,7,2
3910,16,16,0,3812.8755,14269.3774,147,31,0.817940,7,2
3911,16,16,0,4641.5271,18732.6355,136,29,2.527669,7,2
3912,13,13,0,3530.5620,12867.8102,149,23,0.713539,7,2
3913,11,11,0,4177.9762,15209.8810,182,35,0.702676,7,3
3914,10,10,0,3943.3318,15061.6590,147,30,0.925902,7,2
3915,15,15,0,4584.1219,18005.6097,154,38,1.534330,7,3
3916,14,14,0,3470.1968,12930.9841,136,25,0.914380,7,3
3917,15,15,0,3583.7501,13033.7503,151,22,0.634283,6,2
3918,13,13,0,3662.8824,13829.4122,139,23,1.522245,7,2
3919,12,12,0,3625.7014,14238.5070,121,26,2.455674,7,2
3920,16,16,0,3746.6708,13388.3538,165,40,1.615538,7,2
3921,14,14,0,4033.5598,14477.7991,179,30,1.224232,7,2
3922,14,14,0,3485.4936,12942.4679,138,28,0.902937,7,2
3923,11,11,0,3888.5838,14897.9191,143,23,0.512600,7,2
3924,15,15,0,4150.9188,15984.5939,148,31,0.720810,7,2
3925,16,16,0,4356.4669,16662.3346,158,34,4.031877,7,2
3926,10,10,0,3779.0475,14185.2377,150,34,1.560823,6,2
3927,15,15,0,3960.5526,15217.7630,141,29,2.762790,7,2
3928,16,16,0,4261.7777,16028.8885,163,30,1.435186,7,2
3929,11,11,0,3136.7944,11308.9720,137,21,0.849553,5,2
3930,15,15,0,3709.8707,13559.3536,155,31,0.689970,7,2
3931,13,13,0,4212.7974,15938.9869,161,28,1.782881,7,2
3932,15,15,0,4084.4550,15457.2748,154,28,0.786839,7,3
3933,12,12,0,3976.5337,15477.6683,137,24,0.505511,7,2
3934,10,10,0,3448.8756,12559.3778,148,24,0.486098,7,2
3935,15,15,0,3677.4363,14077.1814,132,23,1.136634,6,2
3936,11,11,0,3502.4093,12932.0464,144,24,0.747077,7,2
3937,15,15,0,4292.2099,16561.0493,152,34,2.168160,7,2
3938,16,16,0,3798.7543,14283.7716,144,36,2.178986,7,2
3939,13,13,0,3525.6780,12893.3900,148,24,0.576508,7,2
3940,13,13,0,4019.2049,14911.0244,163,29,1.785647,7,2
3941,12,12,0,3978.6999,14508.4993,170,28,0.712426,7,2
3942,10,10,0,3387.5069,12587.5347,138,25,0.626709,7,2
3943,11,11,0,3420.0628,13005.3142,128,21,1.110244,6,2
3944,14,14,0,3606.8894,13109.4470,153,29,1.034317,7,2
3945,13,13,0,3346.1593,12120.7967,143,24,1.076377,7,2
3946,10,10,0,3369.6149,11668.0744,164,20,0.434611,7,4
3947,15,15,0,4202.0224,15665.1119,167,38,3.886641,7,2
3948,10,10,0,3148.6852,11418.4261,136,19,0.450912,6,2
3949,16,16,0,4135.4072,14702.0361,187,37,3.341637,7,2
3950,10,10,0,3427.1837,12570.9187,144,25,0.816666,7,2
3951,14,14,0,4103.1083,15800.5415,146,26,1.655791,7,2
3952,13,13,0,3414.7091,11973.5455,160,24,0.460880,7,2
3953,16,16,0,4058.6342,15343.1711,154,32,1.122158,7,2
3954,13,13,0,3076.7799,10928.8997,138,21,1.253957,7,2
3955,16,16,0,4176.7781,15353.8903,171,34,3.177104,7,2
3956,16,16,0,3903.7727,14138.8637,167,32,2.150744,7,2
3957,11,11,0,3570.6242,12803.1208,159,24,0.415060,7,3
3958,13,13,0,3860.4275,14312.1376,157,29,0.873168,7,2
3959,11,11,0,3322.2385,11941.1923,147,23,1.347557,6,2
3960,16,16,0,3805.4325,14232.1625,147,30,1.780919,7,3
3961,15,15,0,3996.2374,14376.1870,175,31,1.359977,7,2
3962,14,14,0,3817.9580,13714.7899,168,30,1.848988,7,2
3963,12,12,0,3376.6069,12578.0343,135,27,0.826682,6,2
3964,10,10,0,3454.9288,12739.6442,143,23,0.615992,7,2
3965,11,11,0,3458.2414,12556.2071,150,24,1.346020,7,2
3966,13,13,0,4256.0327,16455.1635,151,27,0.831159,7,2
3967,12,12,0,3347.2839,11486.4197,166,25,1.737663,7,2
3968,11,11,0,3277.9443,11634.7213,150,22,1.037540,7,3
3969,15,15,0,4090.1284,15505.6421,153,35,1.062127,7,2
3970,16,16,0,3757.1155,14050.5774,145,28,1.660806,7,2
3971,16,16,0,3955.5874,14442.9372,165,29,0.756584,7,2
3972,13,13,0,3709.8144,13499.0719,158,28,0.699669,6,2
3973,13,13,0,4085.5933,15937.9665,139,26,0.638215,7,2
3974,13,13,0,3826.5948,14097.9742,159,29,0.701364,7,2
3975,14,14,0,3760.8100,14124.0501,145,29,1.936536,7,2
3976,14,14,0,3953.8516,14284.2579,172,28,2.375510,7,2
3977,12,12,0,3511.8308,12604.1540,156,24,0.608925,6,3
3978,10,10,0,3145.9264,11184.6322,144,23,0.888499,7,2
3979,11,11,0,3418.6979,12038.4893,161,28,0.545072,7,3
3980,13,13,0,3940.4497,14862.2483,152,28,0.864301,7,2
3981,10,10,0,3721.3773,13886.8863,150,23,0.564399,7,3
3982,14,14,0,4063.2994,15126.4972,162,31,0.801321,7,2
3983,16,16,0,4070.1565,16370.7827,120,28,3.061055,7,2
3984,16,16,0,4498.4616,17262.3082,161,33,0.806526,7,2
3985,12,12,0,3678.9810,13974.9050,138,25,0.663784,7,2
3986,15,15,0,3704.1245,13630.6227,151,30,2.416836,7,2
3987,11,11,0,3396.0742,12235.3710,150,26,0.669157,7,2
3988,11,11,0,3911.5199,15167.5993,138,24,0.663440,7,2
3989,11,11,0,3821.0114,14450.0568,147,29,0.852200,7,2
3990,12,12,0,3662.5162,13662.5812,145,22,0.567358,7,2
3991,13,13,0,3758.3900,13416.9498,169,30,2.036229,7,2
3992,14,14,0,3591.5579,12872.7895,158,24,1.181307,7,2
3993,14,14,0,4841.9989,19039.9946,161,31,0.683674,7,2
3994,12,12,0,4884.9834,19359.9170,160,31,0.583992,7,2
3995,16,16,0,3764.8654,13739.3269,157,28,1.801451,7,2
3996,15,15,0,4595.0662,17465.3311,172,32,1.878437,7,2
3997,13,13,0,3579.0371,13215.1854,145,26,0.675326,7,2
3998,10,10,0,3496.5768,12527.8838,157,21,0.395532,7,2
3999,13,13,0,4276.7933,15938.9667,171,35,1.143203,7,2
4000,11,11,0,3598.2530,13626.2648,137,23,1.180817,7,2
4001,11,11,0,3932.8515,15064.2577,145,26,0.597902,7,3
4002,12,12,0,4324.7000,16648.4999,157,25,0.521955,7,2
4003,10,10,0,3110.3469,10916.7347,146,20,0.408233,7,2
4004,14,14,0,4220.4921,15512.4605,178,28,1.259835,7,2
4005,12,12,0,3845.5717,15097.8587,129,27,1.282553,7,2
4006,13,13,0,3092.7740,11348.8699,127,20,0.857747,6,2
4007,15,15,0,3995.1674,14845.8371,159,27,1.146472,7,2
4008,12,12,0,3398.8570,12469.2851,141,27,1.519951,6,2
4009,15,15,0,3953.6701,14623.3503,160,32,0.932999,7,2
4010,13,13,0,4001.3860,15296.9298,147,28,0.821141,7,2
4011,13,13,0,3458.8909,12204.4546,159,22,0.656719,7,2
4012,14,14,0,4827.2931,19001.4654,160,30,0.513875,7,2
4013,16,16,0,3675.9730,14229.8651,127,30,1.193822,7,2
4014,11,11,0,3780.7323,13768.6616,163,23,2.121302,7,2
4015,11,11,0,3149.2494,11641.2470,128,20,0.612433,6,2
4016,12,12,0,4007.4595,15007.2973,158,26,0.402443,7,2
4017,12,12,0,3496.8151,12064.0754,171,25,0.540868,7,2
4018,15,15,0,3808.2885,13671.4424,167,30,1.984516,7,2
4019,14,14,0,3586.8075,12164.0374,182,29,1.270671,7,2
4020,14,14,0,3855.0944,14500.4719,149,28,0.968430,7,2
4021,15,15,0,3932.2315,14786.1577,151,30,1.773349,6,2
4022,12,12,0,3429.0406,12710.2032,138,24,1.553947,6,2
4023,12,12,0,3702.7337,13818.6683,147,25,0.478731,7,2
4024,15,15,0,4434.8641,17219.3203,153,25,0.617539,7,2
4025,13,13,0,3785.7190,14238.5952,146,27,1.152685,7,2
4026,16,16,0,3973.8071,15024.0355,149,28,2.425471,7,3
4027,13,13,0,3581.4258,13342.1289,142,25,0.575665,6,3
4028,11,11,0,3560.0755,13435.3774,137,25,0.950672,7,2
4029,16,16,0,4377.3906,17346.9530,140,30,1.828448,7,2
4030,16,16,0,4056.2795,14746.3975,172,29,1.127441,7,2
4031,10,10,0,3075.8835,11294.4173,128,19,0.546469,6,2
4032,16,16,0,4348.8277,16964.1386,147,30,4.142853,7,2
4033,14,14,0,3679.5678,13132.8391,164,23,1.043052,7,2
4034,16,16,0,3579.4049,13017.0247,150,25,1.269606,7,2
4035,14,14,0,3520.1972,12020.9858,175,29,2.513262,7,2
4036,10,10,0,3556.5764,13012.8818,151,22,0.672703,7,2
4037,10,10,0,2963.8795,10629.3977,132,20,0.879653,6,2
4038,11,11,0,3486.2395,12961.1975,141,25,1.773058,7,2
4039,10,10,0,4004.7488,15523.7442,143,25,0.531325,7,3
4040,11,11,0,4034.1206,15020.6030,164,25,0.847041,7,2
4041,13,13,0,4131.8746,15794.3730,152,29,0.899663,7,2
4042,14,14,0,4003.4307,15217.1537,149,28,1.119899,7,2
4043,10,10,0,3354.5418,11857.7091,156,22,0.746400,7,3
4044,16,16,0,4669.8170,17364.0851,186,35,2.833797,7,3
4045,13,13,0,3742.9740,13844.8699,152,27,0.629397,7,2
4046,10,10,0,3182.9913,11174.9566,150,27,0.732331,7,2
4047,16,16,0,3711.9772,13474.8861,157,28,1.032772,7,2
4048,15,15,0,4451.6339,17538.1697,146,34,1.424305,7,2
4049,13,13,0,4405.4423,16697.2114,168,39,1.786453,7,2
4050,13,13,0,3901.1425,14535.7126,156,29,0.807126,7,2
4051,15,15,0,4157.7359,15793.6796,155,29,0.623574,7,3
4052,14,14,0,3772.3982,13581.9911,165,32,2.506460,7,2
4053,12,12,0,3903.4627,14297.3133,164,25,0.665953,7,3
4054,15,15,0,4431.4623,16877.3114,165,34,0.948766,7,2
4055,14,14,0,3817.8276,13864.1378,163,26,0.638141,6,2
4056,15,15,0,3689.2637,13701.3187,146,28,1.585032,6,2
4057,14,14,0,3918.8569,15079.2844,140,28,1.639406,7,2
4058,15,15,0,3985.3849,13966.9246,187,35,0.931566,7,2
4059,12,12,0,3387.4371,12392.1855,142,25,0.992019,7,2
4060,14,14,0,4493.9055,17554.5273,153,32,1.748361,7,2
4061,15,15,0,4405.5712,16452.8562,174,30,1.115069,7,2
4062,15,15,0,4274.8546,14714.2731,210,36,1.931100,7,2
4063,14,14,0,3911.2511,14676.2553,152,29,0.978734,7,2
4064,12,12,0,3747.2825,14311.4125,138,24,1.127772,7,3
4065,16,16,0,3998.2505,15051.2524,153,30,1.299616,7,2
4066,15,15,0,3971.1053,15355.5266,138,34,2.837310,7,2
4067,11,11,0,3453.8837,12709.4187,143,20,0.647551,7,2
4068,14,14,0,4181.4967,16012.4836,152,27,0.737224,7,3
4069,10,10,0,2465.2432,8996.2161,103,15,0.735302,4,2
4070,16,16,0,4046.5486,14397.7432,182,33,2.026580,7,2
4071,11,11,0,3498.3572,12791.7862,148,26,0.639527,7,2
4072,15,15,0,3695.4695,13417.3475,157,29,1.817141,7,2
4073,12,12,0,3867.7318,15068.6591,133,27,0.637142,7,3
4074,12,12,0,3841.2176,14231.0880,156,24,0.557572,7,2
4075,14,14,0,3564.3617,12966.8084,151,27,4.103002,7,2
4076,12,12,0,4013.0107,14815.0536,166,31,1.431107,7,2
4077,13,13,0,3615.8647,12989.3233,159,26,1.690204,7,2
4078,14,14,0,3315.9363,11789.6816,148,25,1.724833,7,2
4079,15,15,0,3851.3806,14666.9029,142,28,1.788681,6,2
4080,15,15,0,4326.4166,16152.0830,171,31,1.158229,7,2
4081,12,12,0,3280.7945,12083.9724,135,24,1.829636,6,2
4082,11,11,0,2697.8535,9469.2673,125,17,1.783349,5,2
4083,15,15,0,3625.1994,13270.9971,150,29,1.643540,7,2
4084,10,10,0,3106.1332,11050.6659,142,19,0.374106,7,2
4085,13,13,0,4143.1697,16145.8487,142,28,1.488918,7,2
4086,14,14,0,3054.1668,11085.8339,128,21,1.069345,6,2
4087,16,16,0,3721.3764,13131.8820,169,27,0.812536,7,2
4088,15,15,0,4320.3058,16026.5291,174,33,0.972027,7,2
4089,10,10,0,3471.8484,12879.2419,142,27,3.414128,7,2
4090,13,13,0,3654.3828,13341.9142,154,24,0.871713,7,2
4091,14,14,0,3947.1396,14485.6981,164,29,0.966482,6,2
4092,15,15,0,4071.7837,15263.9184,159,38,0.740927,7,2
4093,16,16,0,4461.2925,17061.4625,162,33,0.795189,7,2
4094,11,11,0,4739.2642,16361.3211,256,20,0.600974,7,2
4095,15,15,0,5010.6412,19363.2059,178,34,1.390047,7,3
4096,16,16,0,3979.0549,15090.2745,148,27,1.703798,7,2
4097,10,10,0,3125.8914,11039.4572,145,23,0.986727,7,2
4098,14,14,0,3810.9657,14979.8284,125,26,3.162851,7,2
4099,16,16,0,4704.6234,17988.1169,173,39,0.944490,7,2
4100,11,11,0,3576.6621,13278.3105,145,29,0.732572,6,3
4101,16,15,1,4702.5658,18517.8290,155,160,3.016534,7,2
4102,15,15,0,4073.3906,15006.9530,166,27,0.770072,7,2
4103,11,11,0,3368.2766,12551.3830,134,23,0.976304,6,2
4104,14,14,0,3205.1953,11610.9765,136,25,1.667034,7,2
4105,11,11,0,3713.6252,13483.1259,161,26,0.509859,7,2
4106,14,14,0,4158.1234,15560.6168,163,33,0.815014,7,2
4107,14,14,0,4253.1656,16105.8279,161,31,0.905157,7,2
4108,14,14,0,3521.1035,13210.5177,136,27,1.843311,6,2
4109,14,14,0,4038.9401,15699.7006,139,30,0.992860,7,2
4110,10,10,0,2934.1253,10410.6266,134,18,0.534155,7,2
4111,14,14,0,4265.1475,16040.7377,165,27,0.509580,7,3
4112,16,16,0,4148.7743,15213.8714,172,32,3.479857,7,2
4113,11,11,0,3925.8840,14189.4202,175,40,0.631640,7,2
4114,13,13,0,3775.4319,14462.1595,137,23,1.498141,7,2
4115,15,15,0,4449.6743,17133.3713,159,30,2.291240,7,2
4116,13,13,0,2691.0380,9850.1901,111,23,1.432409,5,2
4117,12,12,0,3424.2628,12351.3141,150,28,2.122725,7,2
4118,10,10,0,3848.5135,14992.5673,134,21,0.945440,7,2
4119,12,12,0,3382.3185,12146.5924,149,22,1.753261,7,2
4120,15,15,0,3730.6691,13373.3457,164,27,1.697538,7,2
4121,14,14,0,4632.7914,16873.9572,199,36,0.711381,7,4
4122,11,11,0,3373.7368,11803.6838,160,21,0.790639,7,2
4123,11,11,0,3576.5314,13277.6571,145,24,0.612668,7,2
4124,12,12,0,3524.3049,12601.5247,158,30,0.850272,7,2
4125,15,15,0,3654.9407,13279.7035,154,25,0.496102,7,2
4126,16,16,0,4101.3239,14591.6195,184,33,1.948609,7,2
4127,13,13,0,3456.9698,12399.8491,153,25,0.981770,7,2
4128,11,11,0,3349.6004,12668.0021,127,25,0.651138,6,2
4129,16,16,0,3907.7692,14848.8461,143,28,1.812383,7,2
4130,11,11,0,4140.9456,15924.7281,151,26,0.688704,7,2
4131,14,14,0,4537.5995,17057.9973,176,31,2.177624,7,2
4132,12,12,0,2780.3790,9591.8949,134,21,0.497767,6,2
4133,14,14,0,4285.2894,15841.4468,176,30,1.730106,7,2
4134,11,11,0,3779.0072,14015.0361,154,25,0.502832,7,2
4135,11,11,0,3286.4863,11882.4317,143,23,1.265436,6,2
4136,10,10,0,3429.2332,12251.1658,156,26,0.672181,7,2
4137,15,15,0,4554.2806,17606.4032,161,29,1.498173,7,2
4138,11,11,0,3762.4891,13942.4457,154,23,0.450367,7,4
4139,11,11,0,3532.5117,13197.5584,140,25,0.536550,7,2
4140,12,12,0,3627.5636,13342.8179,150,24,1.582358,6,2
4141,12,12,0,4360.3048,14481.5239,251,21,0.711536,7,2
4142,16,16,0,4244.8345,15524.1723,177,27,2.723338,7,2
4143,10,10,0,2680.4124,9647.0620,117,17,1.264331,6,2
4144,10,10,0,3173.6958,10893.4789,158,27,0.817480,6,2
4145,16,16,0,3140.7015,10968.5077,145,23,0.577530,7,2
4146,11,11,0,3596.0693,13490.3463,141,21,0.625655,7,2
4147,10,10,0,3071.8944,10789.4718,145,19,0.496956,6,2
4148,13,13,0,5581.1689,19390.8447,293,31,2.604590,7,2
4149,13,13,0,4300.4043,17312.0213,130,29,0.539483,7,2
4150,16,16,0,4169.2757,16071.3786,147,33,1.026311,7,2
4151,14,14,0,3788.2680,14616.3402,133,27,1.486976,7,2
4152,13,13,0,3672.9736,12789.8679,175,29,1.628740,7,2
4153,14,14,0,3711.5076,12927.5382,176,29,1.047638,7,2
4154,16,16,0,3844.4638,13682.3188,172,31,2.164585,7,2
4155,11,11,0,3555.4346,13242.1728,143,28,0.791461,7,2
4156,12,12,0,3980.1539,15440.7696,139,23,0.406435,7,3
4157,10,10,0,3209.3508,11941.7542,129,21,0.767742,6,2
4158,13,13,0,4111.0679,15880.3394,146,25,1.782034,7,2
4159,14,14,0,4027.8111,15474.0555,144,21,0.645999,7,3
4160,13,13,0,3813.7550,12653.7752,203,29,2.094613,7,2
4161,15,15,0,3736.7424,12048.7122,209,32,2.036187,7,2
4162,16,16,0,3693.2015,13856.0075,141,29,2.071277,7,2
4163,10,10,0,3106.5476,11282.7381,134,24,0.502700,6,3
4164,12,12,0,3546.3310,12886.6551,152,27,0.635645,6,2
4165,15,15,0,4378.3797,17076.8987,149,26,1.578984,7,2
4166,12,12,0,3792.7751,14243.8755,147,28,1.275981,7,2
4167,16,16,0,4104.0253,15825.1266,144,29,1.864806,7,2
4168,11,11,0,3445.1225,13005.6125,132,20,1.476001,7,2
4169,16,16,0,3820.1843,14305.9213,147,33,4.525965,7,2
4170,12,12,0,3909.0367,14525.1836,159,30,0.682658,7,2
4171,15,15,0,4144.5646,16172.8231,140,34,1.564265,7,2
4172,15,15,0,4298.2421,15876.2103,175,30,0.856195,7,2
4173,15,15,0,4256.9762,15669.8810,175,33,3.061197,7,3
4174,12,12,0,3644.7611,13383.8054,152,26,0.463632,7,3
4175,15,15,0,3602.0797,12360.3985,176,32,1.157982,7,2
4176,16,16,0,3457.4768,13237.3840,122,24,1.597939,7,2
4177,10,10,0,3286.2680,11786.3399,147,27,0.577142,6,2
4178,15,15,0,4199.2736,16456.3682,140,30,2.239756,7,2
4179,14,14,0,3536.7091,13158.5454,140,23,1.572646,7,2
4180,15,15,0,3556.1694,12730.8471,156,28,1.166242,5,2
4181,12,12,0,3771.1862,14435.9312,138,27,0.770777,7,2
4182,14,14,0,3709.0632,14045.3161,139,29,2.060766,7,2
4183,13,13,0,3663.5954,13502.9768,150,26,0.950819,7,2
4184,14,14,0,3770.5881,13992.9403,151,27,0.943634,7,3
4185,10,10,0,3394.5916,12512.9578,141,18,0.427469,7,4
4186,13,13,0,3900.7464,14488.7318,157,25,1.234479,7,2
4187,11,11,0,3652.7702,13428.8509,153,23,0.507352,7,3
4188,11,11,0,3684.7960,14038.9800,137,23,1.622000,7,2
4189,12,12,0,4231.9546,16489.7729,146,25,0.997349,7,3
4190,15,15,0,3901.3865,13766.9325,179,35,2.778260,7,2
4191,15,15,0,4813.5332,18847.6661,162,31,1.721840,7,2
4192,14,14,0,3224.7071,11208.5354,153,23,0.709673,7,2
4193,14,14,0,3322.9962,12214.9809,135,24,1.599129,6,2
4194,10,10,0,3738.4932,14352.4662,137,21,1.144015,7,2
4195,12,12,0,3137.7728,10308.8638,170,21,0.534125,7,2
4196,15,15,0,4511.2447,17326.2237,163,27,1.471413,7,4
4197,16,16,0,3888.6583,14548.2916,151,31,1.936381,7,2
4198,14,14,0,4048.3681,15221.8407,157,37,1.892493,7,2
4199,13,13,0,4216.6594,16213.2972,152,31,0.937806,7,2
4200,10,10,0,3247.4386,11832.1931,139,25,2.074706,7,2
4201,10,10,0,3056.4614,10822.3070,141,20,0.845643,7,2
4202,13,13,0,3840.9650,13724.8249,173,29,2.264303,7,3
4203,13,13,0,4227.0064,15955.0320,163,25,1.846857,6,3
4204,15,15,0,4284.9141,16064.5707,169,34,2.729094,7,2
4205,13,13,0,2696.8763,9564.3816,120,18,1.995824,4,2
4206,11,11,0,3719.9258,13759.6289,153,24,0.780837,7,2
4207,15,15,0,4817.7741,19838.8707,130,30,2.170172,7,2
4208,12,12,0,3710.6374,13488.1868,159,26,0.509823,7,2
4209,16,16,0,4198.3295,15696.6475,164,30,2.593138,7,2
4210,16,16,0,3935.8617,14354.3086,165,30,1.670737,7,2
4211,10,10,0,4098.5924,16392.9620,129,23,1.402062,7,2
4212,13,13,0,4029.6294,15393.1470,148,28,0.883228,6,2
4213,14,14,0,3679.9807,12999.9035,169,30,2.889820,7,2
4214,14,14,0,3964.3557,14776.7787,157,35,3.462340,7,2
4215,16,16,0,3806.4344,13242.1719,180,31,1.573039,7,2
4216,13,13,0,3812.6080,14433.0400,144,28,0.795925,7,2
4217,10,10,0,3551.8051,13284.0253,141,22,2.164434,7,3
4218,15,15,0,4846.8053,19039.0266,161,27,0.848012,7,2
4219,10,10,0,3431.1959,12820.9797,137,22,0.463895,7,2
4220,11,11,0,2869.4713,9767.3565,144,20,0.454937,6,2
4221,13,13,0,3811.7526,14018.7629,158,32,2.769918,7,2
4222,15,15,0,3486.4592,13112.2959,132,31,3.350054,5,2
4223,13,13,0,3706.2549,13716.2747,150,29,0.835228,7,2
4224,12,12,0,2987.6282,10868.1410,126,24,2.387678,6,2
4225,14,14,0,3819.0804,14045.4019,158,28,0.652707,7,2
4226,12,12,0,3456.2157,12591.0785,147,24,0.710576,7,2
4227,13,13,0,4543.7044,17643.5221,158,28,0.807169,7,2
4228,10,10,0,3464.1655,12885.8275,140,22,0.527837,7,2
4229,16,16,0,4263.1230,16230.6150,157,31,3.913783,7,2
4230,10,10,0,3350.9598,12504.7989,134,22,1.177838,7,2
4231,14,14,0,3754.5645,13682.8227,159,29,0.708199,7,2
4232,12,12,0,4137.0737,15160.3683,174,27,0.562751,7,2
4233,11,11,0,4747.2407,19076.2034,147,31,0.666032,7,2
4234,16,16,0,3963.2850,14311.4248,171,26,1.307895,7,2
4235,12,12,0,3600.5035,13277.5174,148,27,1.910678,6,2
4236,14,14,0,3711.4925,14027.4625,140,27,2.261897,7,2
4237,16,16,0,3704.3866,13641.9331,151,30,1.476675,7,2
4238,16,16,0,4287.8287,16314.1437,158,36,0.822364,7,2
4239,12,12,0,3627.0717,12630.3584,174,27,0.866148,7,2
4240,12,12,0,4056.6522,15568.2608,148,28,0.912377,7,2
4241,10,10,0,3544.0315,12750.1573,158,26,0.665558,7,2
4242,11,11,0,4084.9192,15364.5962,160,23,0.469093,7,3
4243,13,13,0,4082.1406,14845.7032,175,32,0.767612,7,2
4244,14,14,0,3812.0290,13805.1452,164,29,1.387280,7,2
4245,11,11,0,2878.9379,10324.6896,127,19,1.888224,6,2
4246,11,11,0,3277.2181,11216.0907,164,20,0.536385,7,3
4247,13,13,0,4654.8857,18199.4284,159,27,1.403499,7,3
4248,10,10,0,3438.2385,12906.1927,135,24,0.735605,7,2
4249,12,12,0,3246.6751,11593.3754,145,27,2.156435,6,2
4250,16,16,0,3986.2520,14456.2599,170,27,1.559325,7,2
4251,10,10,0,3774.9188,14284.5938,145,21,0.766764,7,2
4252,11,11,0,4370.3178,16286.5889,177,29,0.672317,7,2
4253,13,13,0,3939.5026,14417.5129,166,27,0.490247,7,2
4254,16,16,0,3133.0694,10905.3468,146,29,0.647649,7,2
4255,15,15,0,3761.3865,13586.9324,162,29,0.592808,7,2
4256,10,10,0,2990.4014,10932.0070,126,19,0.514955,6,2
4257,14,14,0,3260.8819,11619.4093,145,23,1.360011,7,2
4258,11,11,0,4038.4626,15732.3131,140,23,0.530033,7,2
4259,11,11,0,3123.6014,10923.0068,148,27,1.812047,7,2
4260,10,10,0,2985.3364,10671.6822,134,20,0.555812,7,3
4261,14,14,0,3952.9361,14989.6807,148,27,1.961941,7,2
4262,12,12,0,3971.2818,15436.4090,138,24,0.703492,7,2
4263,11,11,0,3040.1219,10660.6097,143,25,1.413657,7,2
4264,12,12,0,4003.9337,14914.6685,161,28,1.502447,7,2
4265,14,14,0,3900.4924,13377.4622,193,29,1.060770,7,2
4266,12,12,0,3415.0272,13425.1361,112,22,1.674769,6,2
4267,10,10,0,3977.4422,15312.2109,145,24,1.409056,7,2
4268,14,14,0,4076.2364,14646.1819,180,32,3.729270,7,2
4269,15,15,0,3748.3890,14181.9448,140,25,1.184924,7,2
4270,10,10,0,4075.3926,15306.9629,161,23,0.536853,7,3
4271,12,12,0,3603.5548,13292.7741,148,23,0.662186,7,2
4272,14,14,0,4079.6945,14753.4725,177,32,1.686790,7,2
4273,14,14,0,3403.8077,12389.0385,143,24,2.053506,7,3
4274,15,15,0,3853.2647,14196.3233,157,28,1.894096,7,2
4275,14,14,0,3791.6823,14423.4114,140,26,1.796679,7,2
4276,10,10,0,3694.5775,13592.8876,155,29,1.035952,7,2
4277,10,10,0,3901.9732,14804.8658,149,23,0.450571,7,2
4278,13,13,0,3227.9106,11904.5530,131,24,0.818936,6,2
4279,14,14,0,3732.9456,12989.7282,178,30,2.629750,7,2
4280,11,11,0,3681.7127,13938.5636,142,32,0.685558,6,2
4281,14,14,0,4123.6220,15468.1101,160,29,0.965485,7,2
4282,13,13,0,3539.6963,12993.4813,147,26,0.725104,6,2
4283,16,16,0,3794.4003,14067.0014,151,29,2.102113,7,2
4284,14,14,0,3936.7734,15013.8670,145,27,2.765971,7,2
4285,10,10,0,3307.6307,11603.1533,157,21,0.474790,7,2
4286,12,12,0,3932.3018,14761.5092,154,30,0.987332,6,2
4287,11,11,0,4214.8400,15754.1999,169,30,1.066237,7,2
4288,14,14,0,3277.3937,11181.9683,162,23,0.857884,7,2
4289,13,13,0,3873.1858,14510.9288,152,26,0.634692,7,3
4290,15,15,0,3629.8271,13459.1353,145,27,1.240041,6,2
4291,14,14,0,4337.2188,17001.0938,145,26,1.409681,7,2
4292,12,12,0,2708.7229,9183.6144,136,23,2.185049,5,2
4293,10,10,0,3880.8357,14554.1787,154,26,1.105022,7,2
4294,10,10,0,3257.3834,11581.9171,149,25,0.758627,6,2
4295,15,15,0,4207.1204,15770.6022,163,36,2.002807,7,2
4296,14,14,0,3042.1805,10730.9027,138,24,2.802474,7,2
4297,10,10,0,3162.1737,11700.8683,129,19,1.392813,6,2
4298,16,16,0,3483.8376,12494.1881,151,24,0.490611,7,2
4299,12,12,0,4185.4936,15842.4681,162,36,0.754967,7,2
4300,12,12,0,3230.7772,11073.8858,160,25,0.550772,7,2
4301,16,16,0,4212.1046,16475.5228,140,29,1.866082,7,2
4302,15,15,0,5068.7362,20313.6808,156,36,1.662640,7,2
4303,15,15,0,4068.5128,15002.5641,166,27,2.039228,7,2
4304,12,12,0,3576.2231,13216.1154,146,22,1.063761,7,3
4305,10,10,0,4110.1045,16140.5223,139,20,0.735844,7,3
4306,15,15,0,3706.0402,13330.2009,162,28,2.268094,6,2
4307,14,14,0,3744.7504,13913.7522,149,24,1.871331,6,3
4308,10,10,0,3075.4348,11002.1740,138,23,0.567806,7,2
4309,15,15,0,4087.5420,14937.7101,171,29,0.957727,6,2
4310,13,13,0,4699.2663,18091.3317,170,34,0.663906,7,2
4311,13,13,0,4509.3504,17236.7522,167,33,0.729848,7,3
4312,12,12,0,3291.5875,12007.9376,139,23,1.031762,7,2
4313,14,14,0,3666.7710,13263.8551,158,32,2.937248,7,2
4314,11,11,0,3688.5807,14032.9034,138,25,0.803218,7,2
4315,12,12,0,3333.8745,12059.3724,144,24,1.252397,6,2
4316,16,16,0,3528.4202,13057.1010,140,27,2.656895,7,2
4317,10,10,0,3278.5468,12042.7339,137,19,0.819376,6,3
4318,16,16,0,4437.9070,17149.5351,156,35,2.307087,7,2
4319,10,10,0,3302.3757,11461.8783,160,24,1.801618,7,3
4320,13,13,0,4283.8741,16699.3705,147,28,0.621424,7,4
4321,12,12,0,4018.1999,15155.9993,155,26,0.566344,7,3
4322,13,13,0,3805.0871,14515.4353,140,24,1.313304,7,2
4323,16,16,0,3911.4658,14502.3290,156,29,0.787217,7,2
4324,14,14,0,3436.2320,11861.1599,166,25,0.881502,7,2
4325,14,14,0,3845.7623,13778.8113,171,27,1.086212,7,2
4326,12,12,0,3301.8890,11799.4449,148,26,1.406085,6,2
4327,12,12,0,3630.6478,12853.2392,167,28,0.585646,7,2
4328,13,13,0,3780.7118,14543.5591,135,29,1.421744,7,2
4329,12,12,0,3692.2682,13766.3408,147,27,1.223754,7,2
4330,11,11,0,4210.9766,16659.8830,138,24,1.121735,7,2
4331,14,14,0,3868.1533,14595.7664,147,27,0.565614,7,3
4332,12,12,0,3057.5862,10447.9311,152,26,0.669365,7,2
4333,12,12,0,5001.9795,19619.8976,170,30,0.651109,7,2
4334,15,15,0,2910.8661,9979.3304,141,26,1.139594,5,2
4335,13,13,0,4201.0984,15850.4918,161,30,0.667814,7,2
4336,10,10,0,4003.1781,15575.8903,141,28,0.650301,7,2
4337,16,16,0,3719.2102,13741.0511,149,27,0.658941,7,2
4338,16,16,0,3586.5939,13742.9696,127,26,1.869662,7,2
4339,10,10,0,3430.6779,12723.3896,140,21,0.709905,7,2
4340,15,15,0,4485.6136,16433.0678,188,29,1.599938,7,2
4341,11,11,0,3395.3267,12206.6333,150,21,1.084622,7,3
4342,13,13,0,3749.8273,13979.1364,148,24,0.981471,7,2
4343,12,12,0,3672.9379,12599.6894,182,32,1.910136,7,2
4344,13,13,0,4287.9110,16349.5551,160,33,0.707489,7,3
4345,12,12,0,4148.6444,15743.2218,156,28,0.520598,7,2
4346,13,13,0,3438.8874,11754.4372,171,29,1.663563,7,2
4347,15,15,0,3882.1379,14005.6897,168,27,0.619516,7,2
4348,12,12,0,3461.7375,12953.6874,136,24,0.665933,7,2
4349,15,15,0,4296.6794,15658.3970,182,36,2.759740,7,2
4350,12,12,0,3964.3396,15206.6980,144,27,2.967914,7,2
4351,11,11,0,3486.1280,12520.6402,155,26,1.804938,6,2
4352,13,13,0,2965.2964,10186.4818,144,22,1.388532,6,2
4353,12,12,0,3347.6791,11998.3957,149,25,0.609901,7,2
4354,15,15,0,3949.9029,15144.5143,142,31,0.662127,7,2
4355,16,16,0,3850.0506,14875.2528,133,31,1.005786,7,2
4356,11,11,0,4234.1620,16475.8102,148,25,0.888275,7,2
4357,15,15,0,4173.8529,15769.2645,158,32,1.725071,7,2
4358,16,16,0,4011.7369,15323.6843,146,27,1.597951,7,2
4359,12,12,0,3929.5081,14512.5404,164,38,2.054676,7,2
4360,12,12,0,4169.8190,15934.0949,155,29,0.748584,7,2
4361,10,10,0,3675.2230,13761.1149,146,24,0.763921,7,2
4362,16,16,0,4014.5211,15662.6054,135,26,1.840677,7,2
4363,16,16,0,4327.0485,17270.2426,133,30,1.848132,7,2
4364,11,11,0,4353.9940,17514.9698,134,30,1.501254,7,2
4365,16,16,0,4371.5197,16992.5987,150,36,1.095417,7,2
4366,12,12,0,3079.7807,10593.9037,151,28,1.878389,7,2
4367,14,14,0,4058.8462,15594.2310,145,29,1.885904,7,2
4368,16,16,0,3477.4022,12047.0112,165,27,0.566237,7,2
4369,14,14,0,4025.7877,15148.9387,155,24,1.050568,7,3
4370,15,15,0,3870.8559,14154.2796,162,31,2.354524,7,2
4371,11,11,0,3513.4936,12502.4682,160,23,1.913559,7,2
4372,11,11,0,3534.9229,13224.6143,140,23,1.123057,6,2
4373,16,16,0,4389.5528,16572.7639,166,27,1.439048,7,3
4374,16,16,0,3849.0100,13980.0498,163,30,1.133383,7,2
4375,14,14,0,3863.6681,13953.3404,168,29,1.520425,7,2
4376,10,10,0,3007.2763,10866.3813,131,23,1.092035,6,2
4377,16,16,0,4336.1124,16530.5622,159,30,1.068850,7,2
4378,12,12,0,3582.5427,13127.7134,150,22,0.444734,7,3
4379,14,14,0,3642.4105,13162.0527,157,26,2.381042,7,2
4380,11,11,0,3597.7759,12908.8794,161,28,1.119296,7,2
4381,15,15,0,3608.8156,12904.0780,160,29,1.186002,7,2
4382,14,14,0,3846.9610,14294.8050,154,28,0.847071,7,2
4383,13,13,0,4531.8164,17779.0822,153,33,3.597630,7,2
4384,13,13,0,3086.8453,10829.2267,143,21,1.351726,6,2
4385,10,10,0,3393.8969,12439.4846,143,21,0.612117,7,3
4386,13,13,0,4208.5913,15987.9567,159,35,1.534015,7,2
4387,14,14,0,3431.1965,13090.9824,124,30,3.072602,7,2
4388,10,10,0,3317.5881,12422.9403,131,21,0.934815,7,2
4389,12,12,0,4129.0419,15825.2094,151,26,0.585780,7,2
4390,11,11,0,3149.9325,11409.6627,136,21,0.552048,6,3
4391,15,15,0,3998.5312,14927.6558,158,33,1.306464,7,3
4392,10,10,0,3734.9678,13884.8391,151,25,0.584151,7,2
4393,15,15,0,5103.7305,19758.6526,180,41,1.530748,7,2
4394,13,13,0,3355.9293,12014.6464,149,26,0.663265,7,2
4395,10,10,0,3624.7667,13833.8333,136,25,0.769341,7,3
4396,14,14,0,3686.1227,13395.6135,157,30,1.787246,7,2
4397,14,14,0,3392.5391,11592.6957,168,27,0.602804,7,2
4398,16,16,0,3863.7903,14258.9513,156,31,1.629322,7,2
4399,13,13,0,3666.9147,12994.5737,168,28,0.757226,7,3
4400,14,14,0,4616.6283,17783.1413,166,34,1.054188,7,2
4401,13,13,0,3931.1404,14840.7021,150,26,1.796591,6,2
4402,10,10,0,3339.1081,10910.5404,185,24,2.370118,7,3
4403,13,13,0,4018.4308,15482.1538,144,33,0.758392,7,2
4404,11,11,0,3973.5510,14797.7551,161,28,0.838380,7,2
4405,10,10,0,3316.8171,12539.0855,127,24,0.617736,6,2
4406,13,13,0,3856.5713,13777.8567,173,31,3.523776,7,2
4407,15,15,0,4215.6909,16113.4545,154,38,2.272138,7,2
4408,15,15,0,3689.8650,12469.3248,187,27,1.630104,7,2
4409,14,14,0,3480.8606,12804.3030,141,25,0.800121,6,2
4410,13,13,0,3758.3786,13811.8928,156,29,0.922889,7,2
4411,11,11,0,3314.8101,11854.0506,149,23,0.723243,7,2
4412,15,15,0,3517.5610,12942.8052,143,26,2.033686,7,2
4413,14,14,0,3726.3277,13546.6386,159,33,3.600411,6,2
4414,14,14,0,3677.3714,13346.8568,157,30,2.498627,6,2
4415,16,16,0,3933.4644,14912.3222,145,25,1.142599,7,2
4416,13,13,0,3609.8241,13084.1205,155,25,0.504406,7,3
4417,11,11,0,3514.5055,13112.5274,140,23,2.513988,7,3
4418,10,10,0,3691.5954,13787.9768,148,24,0.524361,7,2
4419,12,12,0,3602.1852,12680.9261,168,29,0.654642,7,2
4420,10,10,0,3244.1782,11670.8910,144,19,0.595889,7,2
4421,15,15,0,3388.3572,12206.7861,146,28,1.974446,7,2
4422,11,11,0,3369.9893,12634.9464,132,24,0.919583,7,2
4423,11,11,0,3267.4637,12082.3184,133,21,0.584637,7,2
4424,16,16,0,4537.9933,17089.9664,174,31,1.088089,7,2
4425,11,11,0,3334.0615,12930.3077,117,22,0.934123,6,2
4426,15,15,0,4381.8334,16439.1672,170,35,0.777566,7,2
4427,14,14,0,4179.0094,14620.0468,198,34,1.747624,7,2
4428,10,10,0,3824.7792,14253.8958,155,25,0.516846,7,2
4429,15,15,0,3810.9417,13099.7085,186,28,1.549587,7,2
4430,10,10,0,3888.1125,14645.5627,152,23,0.756977,7,2
4431,14,14,0,4256.3179,16156.5896,160,41,0.794083,7,2
4432,12,12,0,4063.5331,15357.6655,156,25,0.410226,7,4
4433,13,13,0,3611.2635,13386.3174,145,29,1.598498,6,2
4434,15,15,0,4595.9926,17839.9631,159,36,2.339601,7,2
4435,13,13,0,3531.6253,13488.1265,128,23,1.342852,7,2
4436,15,15,0,4215.7125,15908.5624,161,31,2.142575,7,2
4437,12,12,0,3755.8925,14354.4626,138,33,0.589314,6,2
4438,14,14,0,3394.8639,12224.3193,147,25,0.800326,6,2
4439,12,12,0,3741.1891,13735.9455,157,27,0.678872,7,2
4440,10,10,0,2899.7179,9843.5897,147,22,2.198473,7,2
4441,14,14,0,4102.1870,15240.9349,165,27,0.891735,7,2
4442,15,15,0,3746.2628,13611.3138,159,32,0.634902,7,2
4443,11,11,0,3214.0370,12530.1849,109,22,1.171477,6,2
4444,10,10,0,3284.9729,11864.8643,144,22,0.856951,6,2
4445,11,11,0,4241.6443,16323.2217,155,33,0.636675,7,2
4446,12,12,0,3921.6644,15028.3222,144,28,0.759153,7,3
4447,13,13,0,3663.8045,13699.0227,144,28,0.900259,7,2
4448,16,16,0,4444.3988,16691.9940,172,36,1.858293,7,2
4449,13,13,0,3505.4477,12662.2384,152,29,1.333801,6,2
4450,12,12,0,3781.3456,14386.7281,141,25,2.134116,7,2
4451,14,14,0,4294.3905,16336.9524,161,31,1.915151,7,2
4452,15,15,0,4230.8562,16114.2812,156,30,2.634930,7,2
4453,13,13,0,3643.7865,13263.9327,155,23,1.225741,7,2
4454,14,14,0,3899.0751,14690.3755,149,29,0.645955,7,2
4455,10,10,0,3384.2061,12126.0305,151,20,0.426992,7,3
4456,12,12,0,3832.1026,14135.5130,159,29,1.104449,7,2
4457,15,15,0,3881.1651,12860.8253,206,32,1.219089,7,2
4458,16,16,0,4435.0129,17135.0643,155,31,1.968295,7,2
4459,12,12,0,3480.1592,12955.7961,139,23,1.990133,7,2
4460,11,11,0,3571.0725,13660.3626,131,21,1.558027,6,2
4461,16,16,0,3920.4264,14387.1318,161,28,0.826501,7,2
4462,13,13,0,3767.7029,13988.5143,150,28,0.889680,7,2
4463,10,10,0,3262.5903,11752.9517,144,22,0.729454,6,2
4464,16,16,0,4573.6834,17438.4170,168,34,1.125547,7,2
4465,15,15,0,4086.6132,15653.0662,147,26,1.987043,7,2
4466,11,11,0,3353.8043,11984.0217,151,28,0.907660,7,3
4467,14,14,0,3920.6337,14153.1686,171,29,0.970320,7,2
4468,10,10,0,3853.1751,14490.8756,151,22,0.523273,7,2
4469,15,15,0,3856.3360,14116.6801,160,27,0.911711,6,2
4470,12,12,0,3437.8050,12689.0252,140,27,2.321633,7,2
4471,10,10,0,3272.6148,11093.0739,168,25,0.506875,7,2
4472,11,11,0,3769.2181,13881.0905,157,22,0.530995,6,2
4473,16,16,0,3977.1703,13855.8514,188,32,3.358077,7,2
4474,10,10,0,3146.4146,11472.0729,134,23,0.888422,5,3
4475,15,15,0,3777.8299,14089.1493,148,28,0.535553,7,2
4476,13,13,0,3373.8701,12104.3506,150,30,1.680575,7,2
4477,10,10,0,3403.5426,12357.7130,148,25,1.280506,7,2
4478,11,11,0,3361.4877,12322.4383,141,22,1.238744,6,2
4479,16,16,0,3878.0494,14390.2469,154,31,1.097177,7,3
4480,15,15,0,3681.8260,12979.1299,169,27,1.536605,6,2
4481,10,10,0,3325.2112,12056.0559,144,23,0.746118,7,2
4482,13,13,0,3633.8168,13924.0838,131,26,2.762255,7,2
4483,12,12,0,3374.6151,11923.0756,155,22,0.734483,6,2
4484,16,16,0,3902.3105,14656.5525,149,28,1.381960,7,2
4485,16,16,0,3976.8432,15134.2158,146,32,1.677813,7,2
4486,15,15,0,4979.7958,19748.9792,160,30,2.056915,7,3
4487,14,14,0,4199.6994,16383.4970,143,28,2.891692,7,2
4488,13,13,0,3938.6887,15168.4437,141,26,0.608964,7,2
4489,14,14,0,3285.2407,11741.2033,145,24,0.832506,7,2
4490,14,14,0,5066.6863,17433.4313,272,26,1.327245,7,2
4491,10,10,0,3621.5487,13382.7436,150,24,0.504158,7,2
4492,13,13,0,4155.0458,15690.2290,159,29,1.358546,7,2
4493,16,16,0,3578.3912,13511.9558,134,27,0.634787,7,2
4494,16,16,0,4603.4818,17912.4088,158,34,2.327491,7,2
4495,12,12,0,3232.5839,11272.9195,154,25,1.521035,6,2
4496,11,11,0,2994.0969,10895.4843,128,22,1.110549,6,2
4497,10,10,0,3235.8005,11439.0024,150,24,0.632587,6,2
4498,16,16,0,3475.1075,12785.5376,140,28,1.858424,7,2
4499,10,10,0,2893.9988,9969.9941,142,20,0.608654,7,2
4500,12,12,0,3437.8345,12339.1725,152,25,1.060438,7,2
4501,14,14,0,3350.4548,11602.2739,161,26,1.334398,7,2
4502,16,16,0,3811.4981,13737.4906,165,31,0.952983,7,2
4503,10,10,0,3474.2306,13081.1529,135,19,1.269401,7,3
4504,10,10,0,4070.4249,15602.1243,151,22,0.405812,7,5
4505,12,12,0,3695.7800,13843.9001,145,27,1.748408,7,2
4506,15,15,0,4121.6667,15518.3334,158,30,0.838119,6,2
4507,10,10,0,3856.3489,14706.7444,145,28,0.823512,7,2
4508,12,12,0,3144.1123,11350.5617,136,25,2.387872,7,2
4509,13,13,0,3744.4135,13952.0677,149,28,1.030581,7,2
4510,10,10,0,3299.9322,11409.6609,162,24,0.567012,7,2
4511,15,15,0,4022.2741,14841.3703,164,29,3.246095,7,2
4512,15,15,0,4044.7140,14933.5698,165,30,2.733220,7,2
4513,10,10,0,3606.1640,13495.8199,143,24,0.751447,7,2
4514,13,13,0,3261.5984,11272.9921,158,23,0.560036,7,2
4515,13,13,0,3642.7753,13303.8763,153,28,2.887440,7,2
4516,16,16,0,4393.7058,15208.5292,212,36,3.735610,7,2
4517,14,14,0,3966.7743,14093.8713,180,35,0.641675,7,2
4518,13,13,0,3833.7084,14993.5419,129,29,1.270009,7,2
4519,15,15,0,3410.5351,12277.6753,147,30,0.903291,7,2
4520,15,15,0,4106.9902,15499.9508,156,32,1.283759,7,2
4521,15,15,0,4220.4460,16707.2300,135,31,1.411695,6,2
4522,14,14,0,3877.6725,14093.3623,165,26,0.507059,7,2
4523,12,12,0,3616.5707,13447.8534,145,21,1.373464,7,2
4524,12,12,0,3795.2984,14291.4921,147,28,2.237055,6,2
4525,14,14,0,3888.6947,14608.4734,150,26,1.248396,7,2
4526,14,14,0,3702.6260,14078.1301,137,26,1.248039,7,2
4527,16,16,0,4877.8889,18814.4446,174,36,1.105676,7,2
4528,15,15,0,4442.2288,17266.1439,153,31,1.186222,7,2
4529,13,13,0,3417.3797,12396.8986,146,23,1.960919,7,2
4530,16,16,0,3700.0521,13620.2603,150,26,1.373868,7,2
4531,13,13,0,3783.2730,14056.3652,152,24,1.331141,7,2
4532,14,14,0,4413.8016,17119.0082,154,31,0.989972,7,2
4533,15,15,0,4078.3210,15161.6051,163,33,2.535136,6,2
4534,15,15,0,4325.4842,16472.4210,160,27,0.757649,7,3
4535,10,10,0,3201.2612,11451.3062,144,20,0.423425,6,2
4536,12,12,0,3407.2598,11816.2992,165,24,1.090372,6,2
4537,14,14,0,3708.3160,13441.5801,159,30,1.910669,7,2
4538,11,11,0,3470.9566,13074.7831,134,21,1.356176,7,2
4539,16,16,0,3792.0115,14060.0573,151,26,1.271783,7,2
4540,12,12,0,4132.0738,16155.3688,141,30,1.112859,7,2
4541,14,14,0,3886.6687,14973.3435,138,25,2.680196,7,2
4542,13,13,0,3974.8434,14604.2169,165,25,1.911174,7,2
4543,15,15,0,3978.2587,14441.2934,170,28,1.274768,7,2
4544,16,16,0,4287.6634,15793.3171,176,31,1.102127,7,3
4545,16,16,0,5098.2295,18406.1477,223,36,2.761276,7,2
4546,13,13,0,3274.3363,11461.6816,153,21,1.425279,7,2
4547,11,11,0,3480.7534,12278.7671,162,27,1.167563,7,2
4548,13,13,0,3860.6604,13323.3022,189,29,1.128612,7,2
4549,10,10,0,3839.3623,14456.8116,151,29,0.724300,7,2
4550,12,12,0,3912.9106,15034.5531,142,25,0.694516,7,2
4551,11,11,0,2967.8592,10284.2959,143,20,0.626633,7,3
4552,11,11,0,3446.9501,12434.7507,151,23,0.540819,7,2
4553,14,14,0,4566.6846,17058.4228,181,33,1.300973,7,2
4554,12,12,0,4106.3499,15431.7493,161,31,0.935862,7,2
4555,11,11,0,3346.4303,11997.1514,149,23,1.311595,7,2
4556,12,12,0,3445.4527,12497.2634,148,21,0.700025,7,4
4557,14,14,0,3624.3449,12771.7243,167,25,0.508778,7,2
4558,16,16,0,4006.0210,14405.1050,175,34,1.971976,7,2
4559,13,13,0,3341.0623,12010.3115,146,23,0.484309,7,2
4560,11,11,0,3713.1835,13685.9176,155,28,0.462006,7,3
4561,14,14,0,4076.5293,14292.6465,192,31,2.088228,7,3
4562,16,16,0,4089.6042,14983.0209,170,33,1.124037,7,2
4563,16,15,1,4382.2316,16591.1580,167,160,1.590117,7,2
4564,10,10,0,3096.0169,11095.0843,139,20,0.494082,6,2
4565,10,10,0,3655.4744,13557.3721,150,30,1.106825,7,2
4566,12,12,0,3488.1193,12960.5964,140,23,1.086247,7,2
4567,16,16,0,3954.6857,14748.4286,155,28,1.033137,7,2
4568,16,16,0,4635.9516,18189.7582,154,32,1.860422,7,2
4569,15,15,0,4335.4670,16172.3352,171,29,1.223266,7,2
4570,10,10,0,3674.2988,13461.4939,156,24,0.486118,7,2
4571,16,16,0,3543.7736,12773.8681,152,28,1.127029,7,2
4572,11,11,0,3750.3430,13961.7149,151,23,1.306619,7,2
4573,15,15,0,3633.4643,14282.3213,117,25,1.346842,6,2
4574,14,14,0,4009.8704,14729.3520,166,32,1.998659,7,2
4575,16,16,0,3865.5154,14027.5771,163,29,0.779753,7,3
4576,13,13,0,3641.6135,13658.0674,142,25,0.631871,7,2
4577,11,11,0,3742.3911,13286.9554,172,25,0.513204,7,2
4578,12,12,0,3916.3718,14511.8589,160,30,1.949517,7,2
4579,15,15,0,3319.6957,11553.4783,156,26,2.093401,7,2
4580,12,12,0,3729.9438,14099.7190,142,27,0.582229,7,2
4581,16,16,0,3925.5887,14267.9436,165,30,0.762449,7,2
4582,14,14,0,3423.4686,12557.3428,141,27,1.966799,7,2
4583,15,15,0,4179.9108,14869.5541,189,40,1.634542,7,2
4584,15,15,0,4290.5025,16407.5127,157,38,1.341997,7,2
4585,10,10,0,3427.6504,12748.2518,139,24,0.594120,7,2
4586,16,16,0,3639.0182,13090.0910,158,34,2.035142,7,2
4587,13,13,0,3469.0478,11845.2388,174,26,0.558546,7,2
4588,13,13,0,3485.9917,12109.9586,166,22,0.521714,7,3
4589,15,15,0,4518.4996,17097.4979,171,28,0.592065,7,2
4590,12,12,0,3093.0358,11140.1791,135,21,2.149926,7,2
4591,16,16,0,4393.9589,16314.7946,176,33,0.690697,7,3
4592,16,16,0,3745.5232,13012.6162,178,36,2.878455,7,2
4593,15,15,0,3534.2588,12271.2941,168,28,2.477745,7,2
4594,13,13,0,3424.9190,12519.5950,143,21,0.869192,7,2
4595,13,13,0,3657.9000,13264.4999,157,29,1.556228,7,2
4596,14,14,0,3816.4453,14372.2267,146,28,0.852840,7,2
4597,11,11,0,3258.3555,12316.7776,124,23,2.374031,7,2
4598,12,12,0,3696.2112,14111.0562,136,27,2.419889,6,2
4599,12,12,0,3153.5867,11807.9337,123,21,0.645094,6,2
4600,10,10,0,3718.6321,14283.1607,136,21,0.647802,7,2
4601,13,13,0,4315.9556,17039.7782,141,27,0.602938,7,2
4602,15,15,0,3908.5477,14572.7385,154,32,3.956650,7,2
4603,11,11,0,3369.6140,11823.0699,159,24,0.794670,7,2
4604,13,13,0,3132.3705,10526.8524,161,25,0.728875,7,2
4605,11,11,0,4770.5864,16202.9322,266,25,1.343184,7,2
4606,11,11,0,3587.6469,12888.2344,160,25,0.926176,6,3
4607,13,13,0,3871.1468,14900.7339,138,26,1.275502,7,2
4608,12,12,0,3610.5424,13602.7120,139,23,1.024003,7,2
4609,13,13,0,3478.3971,12911.9854,139,25,0.691343,6,2
4610,14,14,0,4032.9424,14674.7120,172,28,0.818201,7,2
4611,15,15,0,4393.8459,16599.2296,167,35,3.211137,6,2
4612,16,16,0,3999.3259,14571.6296,168,34,1.211432,7,2
4613,13,13,0,3926.4325,14492.1625,162,35,0.794531,7,2
4614,16,16,0,3446.7677,12508.8386,144,25,3.381265,7,2
4615,15,15,0,3838.3490,14551.7448,143,27,1.934869,7,2
4616,16,16,0,3651.1030,12825.5152,168,28,1.678272,7,2
4617,13,13,0,3725.1146,14030.5729,143,25,1.283986,7,2
4618,16,16,0,4043.2179,15316.0897,151,31,2.484604,7,2
4619,13,13,0,4063.0475,14985.2375,168,28,0.640925,7,2
4620,13,13,0,3607.3409,13106.7046,153,27,1.113495,7,2
4621,15,15,0,3564.6848,12358.4242,170,30,1.848452,7,2
4622,11,11,0,3268.3022,12001.5110,136,22,1.869560,7,2
4623,12,12,0,3839.3823,14266.9115,155,28,0.640019,7,2
4624,14,14,0,3903.9247,14409.6237,160,33,1.887754,7,2
4625,15,15,0,4122.1456,15395.7281,162,29,2.311883,7,2
4626,10,10,0,3072.9037,11234.5186,130,17,0.471211,6,2
4627,10,10,0,3327.1067,12080.5335,144,25,0.631394,7,2
4628,12,12,0,3545.8151,13084.0753,145,25,1.026218,7,2
4629,16,16,0,5450.8058,21184.0291,190,40,0.930260,7,2
4630,11,11,0,3595.3230,12736.6150,166,25,2.376914,7,2
4631,15,15,0,4298.1698,16115.8488,167,34,0.915413,7,2
4632,15,15,0,4041.0008,14095.0042,192,30,3.803422,7,2
4633,10,10,0,3659.3687,13221.8436,162,30,0.649485,7,2
4634,13,13,0,3889.2664,14721.3318,148,33,2.268963,7,2
4635,10,10,0,3443.5278,13302.6390,123,22,0.893440,7,2
4636,11,11,0,3771.9084,15009.5422,121,31,5.179356,6,2
4637,16,16,0,3828.5236,14187.6181,153,27,1.704523,7,2
4638,13,13,0,3773.2015,13701.0074,161,26,1.217949,7,2
4639,11,11,0,3293.9440,11824.7198,147,21,0.603471,7,2
4640,15,15,0,4619.7784,16988.8919,195,36,1.375193,7,2
4641,16,16,0,4426.0163,16920.0814,161,36,0.995593,7,2
4642,10,10,0,3463.8272,12929.1359,139,24,0.651772,6,3
4643,16,16,0,3926.9430,13974.7149,176,29,2.569990,7,2
4644,16,16,0,3710.4888,13967.4439,140,28,1.123316,7,2
4645,16,16,0,3842.6499,13978.2494,162,30,2.445391,7,2
4646,15,15,0,4298.4646,16457.3229,156,28,1.869093,7,2
4647,10,10,0,3204.1737,11875.8685,130,19,1.473609,7,2
4648,15,15,0,4435.5276,17607.6379,141,24,0.810867,7,2
4649,16,16,0,4383.4601,16977.3004,152,31,1.310355,7,2
4650,15,15,0,3899.3186,14181.5928,165,29,2.332619,7,2
4651,10,10,0,2836.0273,10105.1365,128,24,0.734460,6,2
4652,16,16,0,4103.1399,15995.6993,138,28,1.033729,7,2
4653,12,12,0,3716.5520,13747.7600,150,26,2.767890,7,2
4654,10,10,0,3866.4235,14062.1177,168,25,0.628233,7,2
4655,15,15,0,4165.9811,15949.9056,151,34,1.592368,7,2
4656,11,11,0,3674.2951,13181.4756,164,27,0.983693,7,2
4657,10,10,0,3357.2679,12356.3394,140,20,0.670082,7,2
4658,14,14,0,3793.0861,13580.4306,168,25,1.227082,7,2
4659,10,10,0,3629.7389,13438.6946,149,23,0.563965,7,2
4660,15,15,0,3889.3163,13976.5815,171,34,1.583138,7,2
4661,16,16,0,4000.4421,15002.2104,155,28,1.964150,7,2
4662,15,15,0,3450.8776,12959.3882,131,26,1.612252,7,2
4663,14,14,0,3626.5155,13722.5773,136,26,1.408267,7,2
4664,16,16,0,3739.5338,13677.6689,155,30,2.127828,7,2
4665,16,16,0,3706.6817,12673.4085,183,30,1.086413,7,2
4666,10,10,0,3505.3724,12651.8620,154,27,0.633883,6,2
4667,14,14,0,3904.5380,14922.6901,142,28,1.990317,7,3
4668,15,15,0,4503.4652,17462.3261,157,37,1.939404,7,2
4669,13,13,0,4166.3078,16316.5390,141,29,0.972673,7,2
4670,15,15,0,3905.9825,14759.9127,147,27,1.655095,7,2
4671,14,14,0,5020.2503,17286.2515,268,30,0.939508,7,2
4672,12,12,0,3313.1761,12285.8805,133,21,1.687346,7,2
4673,15,15,0,4508.0634,17770.3171,148,32,2.185651,7,2
4674,12,12,0,4173.8428,15659.2138,165,33,1.431684,7,2
4675,16,16,0,3771.5653,13667.8266,161,30,1.966350,7,3
4676,11,11,0,3557.2538,13236.2692,144,27,0.989255,6,2
4677,11,11,0,3549.1792,13260.8958,141,23,0.875936,6,2
4678,16,16,0,4094.2231,15426.1154,155,28,5.238077,7,2
4679,12,12,0,3320.0343,12355.1717,132,21,0.832358,6,2
4680,15,15,0,4187.0295,16025.1473,152,37,2.315529,7,2
4681,11,11,0,2938.6733,10373.3665,135,20,1.046873,5,2
4682,15,15,0,4024.7135,15148.5676,154,30,2.417465,7,2
4683,15,15,0,3517.9194,12724.5972,151,29,1.648818,7,2
4684,16,16,0,3799.5085,14287.5427,144,29,2.419776,7,2
4685,15,15,0,4441.4369,17282.1843,152,34,2.272843,7,2
4686,11,11,0,3010.6718,10898.3591,130,24,0.503622,6,2
4687,15,15,0,3767.0331,13710.1655,159,30,1.696692,7,2
4688,11,11,0,4020.3906,15596.9532,141,23,0.566653,7,2
4689,14,14,0,3577.3789,13491.8946,135,26,1.580247,6,3
4690,11,11,0,3531.3234,13531.6172,129,27,0.651869,6,2
4691,12,12,0,3646.8553,13269.2766,156,26,0.571152,7,2
4692,16,16,0,3886.2573,13721.2867,178,32,2.022883,7,2
4693,13,13,0,3918.5105,14762.5526,151,27,0.531394,7,2
4694,11,11,0,3470.4682,11807.3411,176,25,1.898661,7,3
4695,16,16,0,3817.3965,14326.9824,146,34,3.360474,7,2
4696,13,13,0,4142.0901,15495.4507,163,28,1.231496,7,2
4697,12,12,0,3791.5738,14557.8691,137,23,0.916074,6,2
4698,13,13,0,3975.2260,14131.1299,181,34,0.676082,7,2
4699,14,14,0,3615.0755,12635.3777,170,27,1.570576,7,2
4700,15,15,0,4194.0830,15020.4151,187,41,0.811031,7,2
4701,13,13,0,3357.3511,11871.7556,154,28,1.865368,7,2
4702,11,11,0,4060.9414,15749.7068,144,24,0.475863,7,2
4703,15,15,0,3692.3456,13641.7282,150,27,2.030361,7,2
4704,13,13,0,3841.5412,14427.7062,149,30,1.011388,7,2
4705,15,15,0,4177.0081,15470.0404,168,27,1.917973,7,2
4706,13,13,0,3483.8662,11974.3312,171,23,0.859422,7,2
4707,13,13,0,3603.4854,12892.4272,161,31,2.149024,6,2
4708,16,16,0,4001.7223,14963.6113,156,31,2.214847,7,2
4709,10,10,0,3184.5401,11397.7005,143,24,0.624308,5,2
4710,10,10,0,3433.6057,12618.0284,144,22,0.684006,7,2
4711,14,14,0,4010.4521,15302.2606,148,29,1.483258,7,2
4712,15,15,0,3860.3414,14226.7072,158,28,1.927204,7,2
4713,14,14,0,3980.1284,14840.6422,158,26,0.749471,7,2
4714,13,13,0,3661.6035,13128.0174,162,33,0.843690,7,2
4715,14,14,0,3896.1280,14475.6398,156,29,0.802077,7,2
4716,16,16,0,3898.9867,15214.9333,131,34,1.258606,7,2
4717,11,11,0,3087.3742,10846.8708,144,26,1.303126,7,2
4718,15,15,0,3775.5288,13357.6442,173,25,0.767885,7,2
4719,13,13,0,3708.8485,13169.2427,169,28,2.207029,7,2
4720,12,12,0,4050.1316,15745.6581,141,27,1.050202,7,2
4721,10,10,0,3888.7962,14688.9810,151,25,1.531052,7,2
4722,11,11,0,3768.5285,13817.6423,159,22,0.432289,7,2
4723,14,14,0,3834.3334,14031.6668,161,28,0.590870,7,2
4724,16,16,0,4845.2484,19366.2422,150,35,2.223073,7,2
4725,12,12,0,3934.9628,13949.8140,181,25,1.786895,7,3
4726,15,15,0,4720.7245,18393.6227,162,28,0.767027,7,2
4727,13,13,0,4635.7332,18233.6660,155,27,0.619037,7,2
4728,14,14,0,3767.2344,14116.1722,146,29,3.066658,7,2
4729,11,11,0,3283.5913,12152.9564,134,19,0.629495,6,2
4730,15,15,0,4048.1918,15415.9588,149,30,1.493523,7,2
4731,14,14,0,4231.1555,16115.7775,157,30,1.220698,7,3
4732,14,14,0,3883.4071,14742.0355,145,27,0.853021,7,2
4733,11,11,0,3613.4997,12562.4986,174,24,1.012314,7,2
4734,13,13,0,3187.3299,11876.6495,126,29,0.987533,5,2
4735,12,12,0,3867.1774,14430.8872,154,25,0.680818,7,2
4736,15,15,0,4137.1770,15475.8848,162,30,1.858321,7,2
4737,14,14,0,4123.0715,15115.3577,173,30,0.610823,7,3
4738,14,14,0,3904.4797,13682.3985,184,30,1.276228,7,2
4739,11,11,0,3548.4892,12817.4460,156,32,0.727733,7,2
4740,10,10,0,4337.6670,16798.3351,156,31,0.723896,7,3
4741,11,11,0,3144.3670,11716.8352,125,22,0.556624,6,2
4742,10,10,0,3132.5013,11017.5063,147,21,0.496764,7,2
4743,10,10,0,3609.7462,13248.7312,152,24,0.614025,7,2
4744,15,15,0,4499.1218,16305.6089,194,28,1.775486,7,3
4745,16,16,0,3742.0922,13845.4610,150,30,3.570353,7,2
4746,15,15,0,4272.1886,16495.9432,150,25,2.328912,7,2
4747,15,15,0,3889.7819,14328.9095,159,27,2.813906,7,2
4748,11,11,0,3255.2788,11721.3938,143,22,1.116999,6,2
4749,12,12,0,3782.0417,14550.2084,136,24,0.870577,7,2
4750,11,11,0,4119.4303,15867.1515,149,28,1.516427,7,3
4751,10,10,0,3590.4263,13152.1315,152,23,0.608670,7,2
4752,10,10,0,3730.6814,13428.4071,166,23,1.379106,7,3
4753,14,14,0,4268.4359,16387.1797,154,34,1.891412,7,2
4754,16,16,0,4488.3593,17721.7965,145,27,3.615435,7,2
4755,16,16,0,3982.8008,15264.0039,142,29,2.427862,7,2
4756,10,10,0,3425.3756,13056.8782,128,19,0.843352,7,2
4757,11,11,0,3059.0493,10665.2463,145,23,0.556193,6,2
4758,13,13,0,4029.1817,15295.9084,152,29,0.529768,7,2
4759,14,14,0,3791.3312,14126.6558,150,28,0.486163,7,2
4760,15,15,0,3671.6547,13528.2736,149,32,2.497687,7,2
4761,13,13,0,3636.2596,12461.2978,181,30,1.311908,7,2
4762,10,10,0,2885.6300,10373.1499,127,17,0.500551,6,2
4763,16,16,0,3389.2274,12536.1369,134,22,1.718155,7,2
4764,13,13,0,3887.6328,14728.1639,147,26,0.733466,7,2
4765,15,15,0,4343.3054,15491.5270,195,31,1.881401,7,2
4766,13,13,0,3759.4490,14107.2449,146,27,0.752977,7,2
4767,11,11,0,3606.4733,13307.3667,148,24,2.553976,6,2
4768,13,13,0,4104.1858,15350.9289,162,27,2.481116,7,2
4769,12,12,0,3470.7959,12868.9797,140,24,0.872922,6,2
4770,12,12,0,2892.9259,10224.6297,132,25,0.571091,6,2
4771,12,12,0,3929.5734,15007.8668,145,24,0.443081,7,3
4772,13,13,0,3743.3122,14116.5612,143,26,1.345098,7,2
4773,12,12,0,3382.4973,12242.4866,146,25,0.517097,7,3
4774,13,13,0,3877.9008,13969.5041,172,29,0.869894,7,2
4775,13,13,0,3964.9787,14129.8933,180,28,0.946524,7,3
4776,11,11,0,3780.9003,14354.5015,143,22,0.630929,7,2
4777,11,11,0,3317.6782,12113.3908,140,22,0.468143,7,2
4778,13,13,0,3960.0154,14765.0770,157,29,0.789948,7,2
4779,14,14,0,4104.8372,15879.1860,144,27,2.013527,7,2
4780,13,13,0,3875.1647,14785.8236,143,28,1.745220,6,2
4781,14,14,0,3967.7944,14733.9722,161,34,1.857034,7,2
4782,16,16,0,3738.7494,13178.7470,171,29,4.783484,7,2
4783,12,12,0,3688.6084,13598.0422,152,23,0.898183,7,3
4784,16,16,0,3902.7820,14408.9098,157,27,0.718171,7,2
4785,16,16,0,4244.9897,16489.9486,145,31,1.478920,7,2
4786,16,16,0,3699.7299,13308.6494,160,30,1.348389,7,2
4787,10,10,0,3472.7448,12663.7240,149,23,0.676636,7,2
4788,16,16,0,4364.8580,16369.2902,170,39,2.254471,7,2
4789,16,16,0,5269.2079,20066.0396,197,43,3.398401,7,2
4790,13,13,0,4138.0263,15645.1316,158,27,0.505462,7,2
4791,16,16,0,4186.9652,15734.8261,161,32,1.653967,7,2
4792,12,12,0,4120.8926,16099.4629,141,27,0.807256,7,2
4793,14,14,0,3911.7222,14963.6110,142,27,1.459984,7,2
4794,12,12,0,3565.4785,13552.3927,133,25,0.764504,6,2
4795,14,14,0,3826.8639,14624.3195,140,28,2.343265,7,2
4796,11,11,0,3915.0493,15050.2463,143,31,1.117822,7,2
4797,10,10,0,3791.4900,14147.4499,153,26,0.527710,7,2
4798,13,13,0,3558.1997,12700.9987,159,29,2.380726,7,2
4799,14,14,0,4611.6672,17953.3359,159,26,0.531221,7,2
4800,15,15,0,4111.4424,15537.2122,156,31,2.355843,7,2
4801,13,13,0,3398.7210,12308.6049,146,28,0.717577,6,3
4802,14,14,0,3296.8115,11249.0577,163,24,0.740323,7,2
4803,16,16,0,4080.9132,15759.5658,143,32,2.162804,7,2
4804,11,11,0,2974.2871,10821.4354,126,22,2.184051,5,2
4805,10,10,0,3357.3834,12781.9170,126,23,1.235346,6,2
4806,15,15,0,4315.3158,16296.5788,164,31,3.695740,7,2
4807,10,10,0,4009.3226,15196.6131,154,28,1.066200,7,2
4808,13,13,0,4223.3449,16326.7244,149,26,0.753537,7,2
4809,15,15,0,3714.8838,13314.4188,163,30,3.792983,7,2
4810,11,11,0,2760.9443,9874.7217,122,20,1.059442,5,2
4811,13,13,0,3493.6628,12198.3138,166,29,1.282335,7,2
4812,12,12,0,4309.2667,16196.3333,169,27,0.715076,7,2
4813,13,13,0,3355.0243,12620.1215,128,24,1.551486,6,2
4814,11,11,0,3537.0995,12995.4976,148,22,0.991411,7,3
4815,13,13,0,3511.7768,12788.8838,149,24,0.988627,7,2
4816,14,14,0,4217.7285,16768.6427,133,28,2.544043,7,2
4817,11,11,0,3061.8371,11249.1854,127,20,3.357100,7,2
4818,13,13,0,3807.2125,14601.0625,138,30,3.479342,7,2
4819,16,16,0,4010.2697,15071.3485,154,29,1.312766,7,2
4820,13,13,0,4060.6143,15378.0715,153,30,1.170702,7,2
4821,13,13,0,3463.7609,12563.8044,149,26,3.713670,7,2
4822,14,14,0,3314.5365,11667.6825,152,23,0.905703,6,3
4823,16,16,0,4077.4721,15707.3607,144,30,3.958305,7,2
4824,16,16,0,3631.2431,12071.2157,190,27,1.436354,7,2
4825,13,13,0,3247.8396,12074.1981,129,24,3.273080,6,2
4826,12,12,0,4194.9099,15439.5496,175,29,1.775625,7,2
4827,10,10,0,3235.9951,11204.9757,158,22,0.587201,7,3
4828,13,13,0,3880.3888,14511.9438,153,29,0.987927,7,2
4829,12,12,0,4055.6127,15438.0636,152,26,0.470154,6,2
4830,16,16,0,4543.3001,17231.5005,171,31,1.403892,7,2
4831,16,16,0,4960.2906,19026.4530,180,38,1.266906,7,2
4832,13,13,0,3549.0194,13110.0968,144,22,1.441078,7,2
4833,14,14,0,3726.8795,13499.3977,160,27,0.774219,7,2
4834,15,15,0,3454.9433,12759.7166,139,29,0.724745,6,2
4835,16,16,0,4041.8225,14269.1124,186,43,1.973317,7,2
4836,15,15,0,3364.3857,11546.9287,164,27,1.561465,7,2
4837,14,14,0,3893.9609,14484.8046,155,24,1.788431,6,3
4838,16,16,0,4032.5670,14992.8348,160,29,1.317591,7,2
4839,10,10,0,3401.8881,12104.4404,156,23,0.467448,7,2
4840,12,12,0,4566.0787,16970.3935,187,29,0.939640,7,2
4841,16,16,0,3790.3651,14436.8257,137,29,1.617587,7,2
4842,12,12,0,4544.5055,17687.5273,159,33,1.435500,7,2
4843,13,13,0,3973.2338,14991.1692,152,28,1.010658,7,2
4844,14,14,0,3882.8511,14279.2554,159,30,1.760057,7,2
4845,12,12,0,3117.2687,11281.3437,134,22,0.605108,6,2
4846,11,11,0,3560.9243,13069.6216,150,27,0.635468,7,2
4847,12,12,0,4089.0795,15480.3974,157,29,0.786939,7,2
4848,10,10,0,3084.1542,10895.7708,143,20,0.590097,7,2
4849,12,12,0,3616.4651,13517.3256,143,26,1.878780,7,2
4850,13,13,0,3637.1078,12930.5392,165,29,1.284157,7,2
4851,12,12,0,3624.7922,12898.9610,165,28,0.874705,7,2
4852,16,16,0,4289.5463,16607.7314,149,29,1.391400,7,2
4853,11,11,0,3848.5153,14632.5766,145,20,0.486974,7,3
4854,12,12,0,3776.4804,14307.4018,143,24,0.543448,7,2
4855,16,16,0,3840.2534,14121.2669,157,28,1.855338,7,2
4856,16,16,0,3859.3121,13646.5605,175,28,3.182584,7,2
4857,10,10,0,3020.2718,10901.3592,132,25,0.679510,6,2
4858,13,13,0,3573.5695,13542.8474,135,21,0.581254,6,2
4859,15,15,0,4218.9464,16589.7320,138,29,0.734516,7,3
4860,13,13,0,3140.0254,11315.1268,136,23,0.693094,5,2
4861,12,12,0,3428.3035,12531.5176,144,22,1.396222,7,2
4862,15,15,0,3766.5937,12852.9685,187,32,1.809815,7,2
4863,15,15,0,3533.6392,12688.1962,153,25,1.798317,7,2
4864,11,11,0,4525.4672,14607.3358,279,23,0.809868,7,2
4865,10,10,0,3204.9900,11659.9500,138,21,1.424056,6,2
4866,10,10,0,3517.5187,12992.5935,146,25,0.619372,7,3
4867,15,15,0,4189.7120,15398.5601,172,29,0.820387,7,2
4868,11,11,0,4363.4242,16697.1211,163,26,0.899098,7,4
4869,10,10,0,3511.1157,13145.5787,139,20,0.494447,6,3
4870,11,11,0,3271.5048,11292.5241,160,25,0.538233,7,3
4871,14,14,0,4027.9991,14589.9955,174,31,3.071531,7,2
4872,10,10,0,3705.2341,13741.1703,152,25,0.511621,7,3
4873,13,13,0,3774.4346,14692.1731,129,28,0.756417,7,2
4874,14,14,0,4055.9097,15384.5486,152,27,0.723793,7,2
4875,14,14,0,3674.3645,13701.8223,145,31,1.296244,7,2
4876,12,12,0,2873.0647,10510.3235,119,19,0.682552,5,2
4877,15,15,0,3539.1558,12895.7792,148,29,3.603967,7,2
4878,15,15,0,3418.1559,11925.7796,160,27,2.539179,6,2
4879,13,13,0,3091.1928,11395.9638,125,22,1.564946,5,2
4880,13,13,0,4851.7541,18853.7707,170,33,2.593591,7,2
4881,12,12,0,3970.8115,14979.0575,154,30,2.780000,7,2
4882,14,14,0,3564.0356,13380.1782,137,25,1.446364,6,2
4883,12,12,0,3738.2369,13996.1843,147,24,0.725252,7,2
4884,10,10,0,3529.3148,13026.5738,146,20,0.711440,7,2
4885,13,13,0,4396.7799,17043.8997,155,27,0.993089,7,3
4886,11,11,0,3269.6538,11793.2690,143,21,1.637814,6,2
4887,14,14,0,4028.6323,14503.1615,177,28,3.718245,7,3
4888,11,11,0,3793.1144,14130.5722,153,31,1.625648,7,2
4889,15,15,0,3829.8696,13469.3479,178,25,1.855158,7,3
4890,16,16,0,4093.8308,15594.1541,150,32,1.174274,7,2
4891,15,15,0,3693.8525,13904.2625,140,28,4.554171,7,2
4892,15,15,0,3438.2345,12336.1727,150,27,2.124375,7,2
4893,12,12,0,4452.5514,17087.7569,164,36,1.036623,7,3
4894,16,16,0,3663.9915,13424.9576,151,29,3.517775,7,2
4895,16,16,0,4769.6629,17883.3143,186,34,3.482918,7,2
4896,10,10,0,3567.4062,13282.0312,144,20,0.918145,7,2
4897,13,13,0,3666.3482,13231.7412,160,23,1.317560,7,2
4898,12,12,0,3896.5385,13772.6923,181,28,1.384407,7,3
4899,15,15,0,3975.3363,15136.6813,146,29,1.818110,7,2
4900,16,16,0,4612.8737,18284.3683,146,33,3.392535,7,2
4901,12,12,0,3629.2922,13626.4611,141,25,0.557428,7,2
4902,13,13,0,3356.2969,11121.4843,178,24,1.709184,7,2
4903,15,15,0,4304.9130,15669.5648,183,35,0.891616,7,2
4904,12,12,0,3212.7562,11063.7812,157,23,1.205513,7,2
4905,16,16,0,4151.0356,15820.1778,152,29,1.781428,7,2
4906,16,16,0,5045.4939,19977.4695,162,34,1.829923,7,2
4907,14,14,0,4091.6916,15043.4580,169,26,1.954899,7,2
4908,12,12,0,3603.9833,13424.9167,144,23,1.802120,7,3
4909,15,15,0,4412.7032,17578.5161,138,29,0.997730,7,2
4910,14,14,0,3722.4607,13287.3037,166,28,0.720105,7,2
4911,11,11,0,3521.6242,13048.1210,143,22,0.570385,7,2
4912,16,16,0,3818.8324,14004.1620,157,32,1.587749,7,2
4913,10,10,0,3586.6675,13618.3375,136,23,0.734818,7,2
4914,10,10,0,3769.2657,14241.3284,146,24,0.519143,7,2
4915,13,13,0,3550.4604,12777.3022,156,26,0.824158,6,2
4916,12,12,0,3521.2091,13246.0453,136,23,0.569635,7,2
4917,12,12,0,3525.2676,13306.3382,135,22,0.556016,6,4
4918,14,14,0,5448.5975,18292.9874,305,32,1.086535,7,3
4919,16,16,0,4124.9708,15024.8541,175,35,0.857845,7,2
4920,16,16,0,4319.1545,16655.7724,152,30,2.640230,7,2
4921,14,14,0,4136.9055,16794.5276,119,26,2.425528,7,2
4922,12,12,0,3933.0004,14555.0021,161,24,0.423783,7,3
4923,16,16,0,4143.2084,15561.0418,159,28,1.327768,7,2
4924,15,15,0,3663.7881,12918.9405,168,31,1.405028,7,2
4925,12,12,0,3950.4908,14542.4538,164,25,0.681864,7,2
4926,11,11,0,3858.6635,15143.3174,130,24,0.614690,7,2
4927,10,10,0,3268.6759,11968.3797,138,24,0.559591,6,2
4928,12,12,0,3485.9870,12699.9351,148,29,1.247173,7,2
4929,16,16,0,4417.1770,17325.8849,146,29,2.546135,7,2
4930,15,15,0,3674.9924,12699.9622,178,30,0.777546,7,2
4931,15,15,0,4413.0335,17395.1677,144,26,0.507419,7,3
4932,13,13,0,3691.4160,12857.0798,176,27,0.938833,7,3
4933,16,16,0,3254.2779,10971.3896,164,25,3.250228,7,2
4934,10,10,0,4136.8503,16274.2516,139,26,0.941579,7,2
4935,14,14,0,3495.2591,12341.2954,162,25,0.802046,5,2
4936,11,11,0,3729.7396,13563.6979,161,21,0.447646,7,4
4937,13,13,0,3457.6647,12898.3233,136,24,0.805069,6,2
4938,12,12,0,3890.8458,14339.2290,161,30,1.550581,7,2
4939,15,15,0,4584.8746,17124.3731,181,35,3.480100,7,2
4940,16,16,0,4189.3405,15331.7025,175,30,4.379646,7,2
4941,11,11,0,3800.7507,14193.7533,151,21,1.006883,7,2
4942,16,16,0,3949.1881,14925.9407,148,31,1.680098,7,2
4943,11,11,0,3926.0995,14445.4976,164,29,3.633143,7,2
4944,10,10,0,3609.5785,13307.8923,150,23,0.836743,7,2
4945,15,15,0,3435.9253,12024.6263,160,27,1.082302,7,2
4946,15,15,0,3888.2997,14551.4985,151,31,2.016208,7,2
4947,15,15,0,3827.0913,13230.4567,185,35,4.483957,7,2
4948,12,12,0,4286.2013,16466.0065,157,27,1.179468,7,2
4949,13,13,0,3715.5946,13397.9728,162,26,3.485709,7,2
4950,14,14,0,3853.0318,14360.1591,152,29,0.935735,7,2
4951,13,13,0,3207.2433,10741.2163,166,27,2.684646,7,2
4952,13,13,0,4332.2598,16211.2990,172,40,7.086907,7,2
4953,12,12,0,3569.6985,13388.4926,139,23,2.430521,7,2
4954,13,13,0,3352.2060,12561.0299,130,25,1.043461,6,2
4955,15,15,0,4495.2596,17121.2982,167,32,4.152839,7,2
4956,15,15,0,3432.6995,12328.4975,149,25,1.792464,7,3
4957,13,13,0,3892.6520,14558.2599,152,24,0.976724,7,2
4958,16,16,0,4091.2749,15731.3744,145,25,1.547405,7,2
4959,15,15,0,3740.9977,13109.9885,174,26,1.210824,7,2
4960,10,10,0,2414.6018,8743.0089,103,18,2.024556,5,2
4961,14,14,0,4273.0018,16265.0092,159,30,0.837910,7,2
4962,13,13,0,3573.2330,13291.1648,142,22,2.557055,6,2
4963,11,11,0,3634.6140,13213.0702,156,20,1.383097,7,2
4964,14,14,0,4101.6497,16203.2485,133,25,3.579722,7,2
4965,16,16,0,3888.0011,14415.0053,155,30,0.724529,7,2
4966,13,13,0,3701.1535,13135.7673,169,28,0.978425,6,2
4967,14,14,0,3479.7462,13338.7309,125,25,2.240203,6,2
4968,12,12,0,3606.2894,13421.4471,144,25,2.397212,6,2
4969,11,11,0,4316.7218,16113.6088,176,35,0.994798,7,2
4970,13,13,0,3733.8315,14339.1574,134,31,2.089911,7,2
4971,12,12,0,4558.8389,16529.1943,206,33,0.658764,7,2
4972,12,12,0,3460.5613,12762.8067,142,24,2.599874,6,2
4973,13,13,0,4220.3407,16351.7034,148,31,1.229289,7,2
4974,10,10,0,3315.2869,12516.4345,127,20,0.535712,6,2
4975,13,13,0,3237.7697,11583.8486,143,23,1.202978,6,2
4976,11,11,0,3638.0299,14080.1494,128,24,0.765458,6,2
4977,12,12,0,3905.4975,15052.4875,140,26,0.485922,7,2
4978,16,16,0,3593.6686,13168.3428,147,25,1.624515,7,2
4979,12,12,0,3932.7485,14983.7424,148,36,1.296848,6,2
4980,16,16,0,4052.6336,15063.1678,162,43,1.664955,7,2
4981,13,13,0,4757.3854,18236.9269,175,42,2.297061,7,2
4982,15,15,0,4002.2615,15351.3073,142,27,2.544837,7,2
4983,13,13,0,3846.1175,14280.5874,155,25,1.920490,7,2
4984,15,15,0,3959.6069,14553.0343,163,33,3.965205,7,2
4985,13,13,0,3716.8219,13204.1094,170,28,1.011849,7,2
4986,15,15,0,3996.7295,14678.6475,165,29,1.347730,7,2
4987,15,15,0,4037.5934,14857.9668,166,36,2.934305,7,2
4988,12,12,0,3487.1887,12800.9437,145,23,4.784752,7,2
4989,14,14,0,3453.3499,12531.7497,147,26,0.724489,7,3
4990,16,16,0,4184.4770,15597.3849,165,35,2.751865,7,2
4991,16,16,0,4003.4265,14997.1325,155,27,3.617242,7,2
4992,14,14,0,3511.7908,12998.9542,141,26,0.703611,7,2
4993,10,10,0,3763.9477,13544.7384,168,28,0.880507,7,4
4994,10,10,0,3771.6401,14098.2007,151,24,1.385470,7,3
4995,16,16,0,4869.5698,18847.8488,171,32,1.178235,7,2
4996,12,12,0,3742.9802,13534.9008,163,29,1.011017,7,2
4997,13,13,0,3892.1355,14715.6776,148,27,0.979910,7,2
4998,16,16,0,4067.9158,15189.5788,159,29,2.683691,7,2
4999,13,13,0,4371.0776,17040.3879,151,34,1.941210,7,2
5000,11,11,0,3689.0570,13595.2851,153,26,1.083598,7,2
5001,16,16,0,3468.9621,12939.8103,134,27,3.858326,7,2
5002,12,12,0,3713.5405,13312.7024,166,28,0.964407,7,2
5003,13,13,0,3906.3234,14151.6168,169,27,0.959506,6,2
5004,14,14,0,3847.6604,14188.3021,158,29,1.484907,7,2
5005,11,11,0,4164.3275,16086.6373,149,27,1.021379,7,2
5006,16,16,0,4353.9387,16924.6935,150,39,6.728574,7,2
5007,12,12,0,3901.4599,14817.2995,147,25,2.786914,7,2
5008,12,12,0,3464.4644,12672.3220,145,25,0.985862,6,2
5009,16,16,0,3583.4281,13332.1407,140,26,2.756685,7,2
5010,11,11,0,3595.2181,13451.0903,142,25,1.215805,7,2
5011,12,12,0,3403.5995,12617.9977,138,28,0.656619,7,2
5012,12,12,0,4167.5589,16072.7945,149,25,0.687263,7,2
5013,13,13,0,3782.5371,14257.6856,145,27,1.136742,7,2
5014,13,13,0,4052.2599,14781.2997,173,30,4.253832,7,2
5015,14,14,0,3285.6781,11653.3904,148,22,0.729679,7,2
5016,12,12,0,3672.2688,13481.3442,153,26,3.851148,7,2
5017,15,15,0,4336.2785,16306.3923,168,30,1.436043,7,3
5018,10,10,0,3426.7527,12888.7633,134,19,0.516794,7,2
5019,15,15,0,3888.2081,13526.0407,185,31,0.995610,7,3
5020,14,14,0,4226.6099,16693.0496,137,30,3.479285,7,2
5021,10,10,0,3301.9219,11169.6097,170,25,0.565689,7,3
5022,12,12,0,3171.5889,11097.9445,149,23,0.577177,7,2
5023,10,10,0,3297.9561,12214.7805,135,22,1.112447,6,2
5024,10,10,0,3120.8747,10744.3735,154,22,1.021107,6,2
5025,15,15,0,3788.5811,14637.9057,132,23,1.820550,6,2
5026,14,14,0,3676.5856,13582.9282,149,26,1.498198,7,2
5027,11,11,0,3453.8448,12799.2240,141,22,0.621856,6,2
5028,14,14,0,3420.2418,12376.2090,146,24,1.626412,7,2
5029,15,15,0,4266.8158,15774.0788,173,27,0.773575,7,3
5030,14,14,0,3345.0007,11805.0034,153,27,2.030932,6,2
5031,14,14,0,3662.4480,13282.2400,157,24,1.328645,7,2
5032,10,10,0,3438.7953,12338.9764,154,29,0.752681,7,2
5033,14,14,0,4657.0037,18440.0187,151,32,0.923238,7,2
5034,11,11,0,3141.2234,11301.1172,138,22,0.599877,6,2
5035,15,15,0,4030.8879,14204.4395,186,30,1.055662,7,2
5036,11,11,0,3285.6876,12148.4379,134,19,0.950762,6,2
5037,13,13,0,3599.7530,13058.7649,154,25,1.085120,7,2
5038,15,15,0,3988.6258,14268.1291,177,29,3.152979,7,2
5039,11,11,0,3540.7552,13058.7761,147,23,0.492431,7,2
5040,15,15,0,3784.4054,13852.0271,157,28,1.894414,7,2
5041,13,13,0,3372.0638,12395.3188,139,28,0.620802,6,2
5042,11,11,0,3228.9277,11774.6385,137,21,0.562752,6,2
5043,16,16,0,3812.5258,14457.6291,141,27,1.440310,7,2
5044,11,11,0,4232.7924,16433.9621,149,25,0.676424,7,2
5045,14,14,0,4239.3657,16551.8286,144,28,1.609260,7,2
5046,10,10,0,3557.0541,12665.2705,163,23,0.536265,7,2
5047,10,10,0,3981.2601,15351.3005,144,21,0.423909,7,2
5048,13,13,0,4028.1456,14845.7280,167,33,0.840781,7,2
5049,12,12,0,3622.5057,13702.5287,138,25,1.295575,7,2
5050,11,11,0,3308.6944,11328.4721,166,23,0.561694,7,2
5051,15,15,0,4662.8185,18584.0925,146,34,0.756100,7,2
5052,14,14,0,3708.5025,13832.5123,146,27,0.674217,7,2
5053,11,11,0,3376.9155,12019.5775,153,23,0.565585,7,2
5054,13,13,0,3431.5162,12262.5809,153,30,0.943469,6,2
5055,12,12,0,3721.4755,13162.3774,172,25,2.107608,7,2
5056,12,12,0,3971.7232,14888.6161,156,26,0.758861,7,2
5057,16,16,0,4047.4046,15072.0228,159,29,1.117892,7,2
5058,13,13,0,3505.7108,12778.5540,149,35,1.064388,6,2
5059,16,16,0,3984.0742,13925.3708,187,31,1.886095,7,2
5060,12,12,0,4009.7270,15333.6349,148,27,1.012694,7,2
5061,12,12,0,3513.8243,13534.1214,125,21,1.520177,6,2
5062,10,10,0,3778.4474,14157.2372,151,28,1.407641,7,2
5063,11,11,0,3760.3831,14276.9154,142,25,1.894987,7,2
5064,12,12,0,3504.9394,12154.6971,169,28,0.870212,7,2
5065,16,16,0,3808.0825,13620.4125,168,28,0.991812,7,2
5066,15,15,0,4393.8417,16694.2086,165,31,2.531593,7,2
5067,16,16,0,3933.6885,14773.4423,151,28,2.618436,7,2
5068,16,16,0,4035.8210,15249.1049,152,30,3.136140,7,2
5069,11,11,0,3527.2939,13241.4697,138,23,0.982213,7,2
5070,12,12,0,3971.3093,15196.5467,146,28,0.828626,7,2
5071,10,10,0,3606.0780,13265.3899,151,21,2.240148,7,2
5072,10,10,0,3625.0497,13655.2484,142,24,0.797507,6,3
5073,16,16,0,4702.3828,18806.9142,145,30,3.487014,7,2
5074,11,11,0,3904.0495,14050.2475,175,22,1.337743,7,2
5075,13,13,0,4091.8547,15764.2736,146,27,0.889328,7,2
5076,15,15,0,4258.4618,16437.3088,150,30,0.865078,7,2
5077,13,13,0,3507.6082,12813.0409,147,27,3.859424,7,2
5078,14,14,0,3649.7827,13478.9133,148,29,4.234094,7,2
5079,11,11,0,3050.9124,11154.5619,128,22,0.804132,6,2
5080,12,12,0,5588.4616,19182.3082,303,31,1.048294,7,2
5081,13,13,0,3965.4275,15107.1373,147,25,0.775460,7,2
5082,15,15,0,4061.6588,15013.2938,165,28,1.540468,7,2
5083,14,14,0,3885.9584,14344.7922,159,27,2.165496,7,2
5084,10,10,0,2943.4926,10177.4628,143,17,0.672283,6,2
5085,12,12,0,3602.1937,13290.9683,148,24,1.879522,7,2
5086,13,13,0,3756.0056,14170.0278,144,32,1.107799,7,2
5087,12,12,0,3733.4604,14042.3018,145,25,1.802406,7,2
5088,13,13,0,3605.8294,13144.1471,152,24,0.971888,7,2
5089,12,12,0,2918.7306,10993.6530,111,20,1.271291,6,2
5090,15,15,0,5350.4714,18622.3570,278,35,1.723261,7,2
5091,10,10,0,3304.0363,12550.1814,125,24,0.772815,6,2
5092,15,15,0,3664.0812,13060.4062,163,29,2.211030,7,2
5093,15,15,0,4285.6042,16998.0211,136,29,0.838111,7,2
5094,10,10,0,3035.0893,10840.4466,136,21,0.884535,6,2
5095,13,13,0,4341.4609,16917.3043,151,30,0.751932,7,3
5096,14,14,0,3394.6759,12138.3794,150,28,1.738745,7,2
5097,14,14,0,4529.0826,17410.4132,163,32,0.701228,7,2
5098,13,13,0,3600.9534,13444.7671,142,28,0.966882,6,2
5099,11,11,0,2988.0621,10860.3103,127,22,0.562516,6,2
5100,11,11,0,3570.5242,12867.6208,157,24,1.750236,7,2
5101,12,12,0,3635.6520,13503.2600,146,27,1.630001,6,2
5102,12,12,0,3864.5789,14447.8946,154,33,2.632924,7,3
5103,15,15,0,3605.3477,12621.7383,168,30,1.582804,7,2
5104,15,15,0,4191.9037,15919.5186,156,29,0.879275,7,2
5105,12,12,0,3719.5594,14522.7969,126,24,1.251530,7,2
5106,16,16,0,3757.5894,14052.9471,145,25,2.155824,7,2
5107,10,10,0,2919.2174,10686.0870,123,23,0.671644,6,2
5108,12,12,0,3326.9030,12069.5150,143,28,0.759537,6,2
5109,15,15,0,4034.8039,15094.0196,158,32,1.089390,7,2
5110,13,13,0,4052.5506,15587.7529,147,29,2.262460,7,2
5111,10,10,0,2970.7511,10363.7553,142,18,0.646480,7,2
5112,11,11,0,3765.5969,14482.9844,136,22,0.781647,7,2
5113,13,13,0,4395.5438,17387.7188,143,27,1.410629,7,2
5114,15,15,0,4477.1355,16930.6775,170,29,1.403550,7,2
5115,13,13,0,3612.3717,13526.8587,141,24,0.808954,7,2
5116,12,12,0,3084.9375,11104.6873,134,20,0.732169,6,2
5117,10,10,0,3888.6762,14658.3808,152,22,0.947064,7,3
5118,16,16,0,4551.8099,18239.0497,138,31,2.521000,7,2
5119,13,13,0,3743.6980,13573.4900,161,27,2.385946,7,3
5120,14,14,0,3396.5269,12072.6346,153,28,1.051346,7,3
5121,14,14,0,4011.6462,14973.2312,159,34,1.487835,7,2
5122,15,15,0,3537.9629,12199.8145,171,28,1.296604,7,2
5123,15,15,0,3472.6773,12413.3865,153,30,3.167038,6,2
5124,14,14,0,3814.9437,14904.7183,128,28,1.353941,7,2
5125,14,14,0,3609.3166,13066.5832,155,28,1.857879,7,2
5126,16,16,0,4404.6947,16898.4735,158,32,5.265858,7,2
5127,11,11,0,3573.1922,13570.9612,135,27,0.764436,6,2
5128,12,12,0,3782.6699,13738.3493,163,24,1.248220,7,2
5129,13,13,0,3338.5929,11282.9646,171,25,1.940491,7,2
5130,13,13,0,3901.5609,15052.8045,139,26,1.194562,7,2
5131,15,15,0,3798.0558,14140.2791,150,24,1.234556,7,2
5132,12,12,0,3305.5344,11847.6720,146,25,1.082263,6,2
5133,15,15,0,3883.2544,14226.2718,161,28,1.821621,7,2
5134,14,14,0,3710.9594,13369.7971,161,25,0.995847,7,2
5135,16,16,0,3547.6472,12253.2359,170,28,1.402691,7,2
5136,10,10,0,3307.1387,11625.6934,156,18,0.617662,7,2
5137,10,10,0,4399.2393,17331.1966,147,23,0.652701,7,2
5138,16,16,0,3875.7570,14288.7848,157,28,2.865108,7,2
5139,10,10,0,3064.0456,10375.2278,157,21,0.669857,6,3
5140,10,10,0,2780.2726,9491.3630,139,17,0.467305,6,2
5141,10,10,0,3646.4596,13312.2980,156,24,2.068240,7,3
5142,13,13,0,3534.2982,12871.4910,150,28,0.943520,7,2
5143,13,13,0,3017.9522,10209.7612,152,23,0.716866,6,2
5144,11,11,0,3426.7921,12258.9603,154,23,0.565965,7,3
5145,15,15,0,3520.4689,13047.3447,140,23,2.719205,7,2
5146,12,12,0,3883.7714,14418.8569,157,25,0.949129,7,3
5147,15,15,0,4263.6656,15853.3278,170,31,1.230824,7,2
5148,11,11,0,3577.3205,12551.6023,170,26,0.664964,7,3
5149,10,10,0,3606.3338,13201.6689,153,25,1.064531,7,2
5150,10,10,0,3765.4622,14217.3111,146,22,0.513720,7,2
5151,10,10,0,3660.6545,13793.2723,144,32,1.332438,6,2
5152,14,14,0,3665.9844,12784.9221,174,31,1.769144,7,2
5153,14,14,0,3656.4249,12847.1244,170,28,0.916964,7,2
5154,11,11,0,3633.8043,13484.0217,147,21,0.684553,7,2
5155,10,10,0,2997.6860,11048.4302,124,20,0.751827,6,2
5156,12,12,0,3691.2685,13541.3427,154,24,1.746188,7,2
5157,15,15,0,3604.6772,13028.3858,155,31,2.741148,7,2
5158,12,12,0,3982.3955,15191.9774,148,27,2.361236,7,2
5159,15,15,0,4221.0005,16100.0023,155,31,1.631871,7,2
5160,12,12,0,3836.1585,14540.7927,145,25,2.094258,7,2
5161,14,14,0,4345.3183,16391.5914,167,33,1.496535,7,2
5162,15,15,0,4274.6782,15973.3912,168,36,2.122433,7,2
5163,10,10,0,2916.3223,10721.6113,121,22,0.954946,6,2
5164,10,10,0,3395.0037,12645.0187,137,23,1.119441,7,2
5165,10,10,0,3381.1370,11860.6852,160,22,1.160791,7,2
5166,11,11,0,4248.1699,16450.8493,151,28,0.877731,7,2
5167,13,13,0,4172.7159,16003.5794,152,28,0.853851,7,2
5168,10,10,0,3049.5321,10537.6605,149,18,0.456619,7,2
5169,10,10,0,3209.6773,11883.3864,131,21,1.067094,6,2
5170,14,14,0,3305.1465,11265.7327,164,25,0.663231,6,2
5171,16,16,0,3688.9683,13964.8416,137,26,1.087252,7,2
5172,14,14,0,3923.9682,14309.8411,167,29,0.674764,7,2
5173,10,10,0,3531.8470,12924.2351,150,20,0.432945,7,3
5174,14,14,0,3095.2839,10971.4196,139,25,1.000456,6,2
5175,11,11,0,3583.2102,13536.0508,138,26,0.891749,7,2
5176,11,11,0,3730.8142,13754.0710,155,28,0.842018,7,2
5177,16,16,0,3682.5969,13232.9847,160,30,1.908251,7,2
5178,15,15,0,3820.2734,13906.3671,161,29,1.678734,7,2
5179,11,11,0,2739.1809,9105.9043,144,22,0.720430,6,2
5180,15,15,0,4189.2766,16191.3832,146,29,2.411331,7,2
5181,14,14,0,4822.8240,18874.1202,164,34,1.345483,7,2
5182,14,14,0,3635.5974,13132.9870,157,26,2.006992,7,2
5183,10,10,0,3121.4504,11347.2520,134,21,1.007675,7,2
5184,13,13,0,3463.9296,12509.6481,150,26,2.212035,7,2
5185,11,11,0,3471.3253,12861.6265,141,23,1.021383,7,2
5186,10,10,0,3742.0557,13360.2784,171,30,1.923871,7,2
5187,14,14,0,3679.8251,14044.1255,134,24,1.612996,6,2
5188,10,10,0,4380.4988,16707.4938,166,27,0.723057,7,3
5189,16,16,0,3538.0263,13155.1316,138,23,1.840449,7,2
5190,12,12,0,3671.0068,13320.0338,158,27,1.117547,7,2
5191,15,15,0,4086.3233,15801.6163,142,29,2.887223,7,2
5192,14,14,0,4495.4632,16917.3160,174,29,1.181273,7,3
5193,13,13,0,4364.3961,17136.9804,147,27,1.277561,6,2
5194,16,16,0,4486.6106,16928.0530,172,31,1.143621,7,2
5195,11,11,0,3323.5997,11997.9984,145,26,1.217860,7,2
5196,15,15,0,3822.9683,13869.8413,163,28,2.159650,7,2
5197,11,11,0,3895.6316,14603.1579,154,30,2.344854,7,2
5198,13,13,0,3839.2795,14201.3976,156,29,4.678000,7,2
5199,16,16,0,4363.9734,17234.8668,141,30,1.119897,7,2
5200,16,16,0,4147.3421,15131.7106,174,30,1.791614,7,2
5201,13,13,0,3845.5434,14022.7171,163,26,0.760856,7,2
5202,16,16,0,3575.4618,11642.3092,196,36,1.242470,7,2
5203,16,16,0,3747.4302,14282.1512,136,31,2.025112,7,2
5204,13,13,0,3289.1137,11960.5684,139,26,2.854772,5,2
5205,16,16,0,3916.8954,15189.4768,134,29,2.005774,7,2
5206,11,11,0,2986.9732,10194.8661,149,19,2.775604,6,2
5207,16,16,0,4114.0116,15395.0582,160,31,2.921551,7,2
5208,16,16,0,3919.6844,13943.4219,176,30,1.512829,7,2
5209,12,12,0,3546.9675,13244.8377,140,21,1.274358,7,3
5210,13,13,0,2662.9328,9274.6640,124,25,2.460606,5,2
5211,14,14,0,3541.2670,12846.3349,150,26,0.993246,7,3
5212,14,14,0,4171.3397,15751.6984,160,28,2.155840,7,2
5213,12,12,0,3222.1349,11440.6747,146,24,1.062314,6,2
5214,12,12,0,3520.2800,12946.3999,146,28,1.448158,6,2
5215,12,12,0,4108.9566,14764.7832,183,32,0.688411,7,2
5216,13,13,0,4082.2042,15721.0209,146,27,0.832110,7,2
5217,10,10,0,3480.9593,13214.7964,132,23,0.664408,6,2
5218,14,14,0,3581.3584,13336.7920,141,25,1.635782,7,2
5219,10,10,0,3463.9760,11919.8799,172,28,0.842839,7,2
5220,10,10,0,3889.6881,14333.4407,163,24,0.684551,7,2
5221,15,15,0,3765.7273,13038.6366,181,36,2.764600,7,2
5222,12,12,0,3760.5440,14452.7199,136,26,0.784933,7,2
5223,15,15,0,3897.2327,14021.1636,170,32,3.000285,7,2
5224,10,10,0,2878.7666,9978.8331,139,23,1.437825,5,2
5225,11,11,0,3605.5937,12437.9686,178,26,1.843480,7,2
5226,10,10,0,3908.7980,14818.9899,150,25,0.731651,7,2
5227,10,10,0,3352.3369,12171.6843,145,26,0.969812,6,2
5228,13,13,0,3504.5145,12757.5723,149,27,3.175550,7,2
5229,13,13,0,4084.0557,15055.2784,169,34,5.506237,7,2
5230,12,12,0,3646.9584,13194.7922,159,28,0.715658,7,2
5231,14,14,0,4130.9175,15884.5873,149,35,2.255767,7,2
5232,14,14,0,4519.3102,17891.5508,146,25,0.595890,7,2
5233,12,12,0,2798.5868,9437.9340,142,19,0.721129,6,3
5234,14,14,0,3207.1096,11360.5480,145,24,1.233446,7,2
5235,16,16,0,5073.5326,19352.6630,188,37,0.880344,7,2
5236,12,12,0,3799.2749,13766.3743,165,32,1.295015,7,2
5237,12,12,0,3660.2181,14101.0907,131,25,0.704960,7,2
5238,11,11,0,3966.5767,15402.8835,141,27,0.886445,7,2
5239,12,12,0,3646.9991,13499.9957,148,24,1.389823,7,2
5240,10,10,0,3865.9145,14694.5725,147,27,0.852550,7,2
5241,10,10,0,3628.2553,13621.2763,143,20,0.735295,7,2
5242,15,15,0,4287.7363,16423.6817,155,34,2.054458,7,2
5243,16,16,0,4094.6664,15848.3321,142,28,3.197572,7,2
5244,12,12,0,3640.7428,13773.7138,138,24,0.844126,7,2
5245,11,11,0,4032.8309,15039.1545,162,30,0.904084,7,2
5246,16,16,0,4483.3047,17176.5236,162,35,1.373689,7,3
5247,16,16,0,4502.7621,17628.8107,151,35,1.391166,7,2
5248,14,14,0,3484.0024,12170.0118,164,29,0.833060,7,2
5249,14,14,0,3899.9907,14459.9536,157,27,2.523645,7,3
5250,11,11,0,3652.5490,14037.7451,133,28,0.856745,7,2
5251,14,14,0,4386.1216,15920.6078,189,40,1.522740,7,2
5252,16,16,0,3617.1460,12650.7298,168,26,0.568467,7,2
5253,12,12,0,3198.9960,10939.9802,159,22,0.503378,7,3
5254,13,13,0,3684.8650,14084.3248,135,25,1.047449,7,2
5255,16,16,0,4178.8638,15474.3189,168,29,1.829822,7,2
5256,16,16,0,3796.1507,13955.7537,155,31,2.678346,7,2
5257,10,10,0,3710.3684,13671.8419,155,27,1.126100,7,2
5258,12,12,0,3460.6878,12413.4388,154,29,1.484833,7,2
5259,13,13,0,3887.6325,13993.1624,171,25,0.993121,7,3
5260,14,14,0,3870.8524,14069.2621,165,29,2.897332,7,2
5261,11,11,0,3902.2763,14686.3815,153,27,0.993364,7,2
5262,13,13,0,3133.0157,11250.0787,137,27,2.780507,6,2
5263,14,14,0,3308.4957,11737.4783,149,28,0.914954,6,2
5264,13,13,0,3930.0672,14390.3362,166,25,1.215631,7,2
5265,13,13,0,3512.3991,12721.9955,151,24,0.830628,7,2
5266,10,10,0,3498.3019,12446.5096,160,23,1.126301,7,2
5267,14,14,0,3850.6334,14273.1668,156,33,1.180169,7,2
5268,11,10,1,3474.2514,12626.2568,151,160,0.676953,7,2
5269,10,10,0,3681.2421,13416.2104,158,22,0.616801,7,2
5270,13,13,0,4739.2781,18201.3904,173,30,0.663348,7,2
5271,13,13,0,4055.7562,15218.7812,158,29,1.642932,7,2
5272,10,10,0,3439.8930,12639.4651,144,24,0.702409,7,2
5273,14,14,0,4369.4281,16827.1407,157,34,1.716510,7,2
5274,13,13,0,3542.0103,12990.0513,147,30,1.360821,6,2
5275,16,16,0,3937.1793,15390.8963,131,28,1.461394,7,2
5276,14,14,0,5269.4285,17607.1424,302,28,2.226038,7,2
5277,12,12,0,3556.3285,13111.6424,147,24,1.980964,7,2
5278,16,16,0,3385.8942,12164.4710,146,26,2.913520,7,2
5279,14,14,0,4016.6507,16298.2534,115,29,2.591187,7,2
5280,14,14,0,3665.5171,12362.5854,187,28,0.902381,7,2
5281,10,10,0,2554.7137,9558.5686,100,20,1.385630,4,2
5282,11,11,0,3532.6538,12883.2692,151,23,0.876164,7,2
5283,14,14,0,4028.1927,14895.9637,163,25,0.657415,7,2
5284,14,14,0,3879.0449,14615.2243,149,27,1.295558,7,2
5285,11,11,0,3589.2361,12921.1806,159,25,0.639792,7,3
5286,10,10,0,3590.0241,13245.1207,150,25,0.600409,7,2
5287,12,12,0,3601.7790,12823.8952,163,24,0.941317,7,2
5288,15,15,0,3914.7409,14193.7044,168,31,1.027550,7,2
5289,12,12,0,3624.6408,13328.2042,150,24,0.815645,7,3
5290,14,14,0,3986.7113,14423.5564,173,34,1.115177,7,2
5291,10,10,0,3571.0141,12770.0707,161,24,1.714124,7,2
5292,12,12,0,3634.7437,13298.7184,153,22,1.278158,6,2
5293,11,11,0,4718.0380,15760.1898,269,24,0.912851,7,2
5294,10,10,0,3471.6825,12473.4124,155,25,0.801415,7,2
5295,14,14,0,4060.1365,15370.6824,153,27,0.797485,7,2
5296,16,16,0,4115.2611,15821.3057,146,29,2.847747,7,2
5297,16,16,0,4542.1834,17270.9170,169,36,1.212348,7,2
5298,15,15,0,4201.5445,15707.7224,165,31,1.933342,7,2
5299,10,10,0,3425.4450,12597.2249,143,24,0.636230,7,2
5300,11,11,0,3453.0598,12210.2988,160,23,0.753662,7,2
5301,13,13,0,4191.6243,15668.1215,166,31,4.099805,7,2
5302,11,11,0,3891.2668,14746.3342,148,21,0.474713,7,3
5303,11,11,0,3431.7938,12173.9692,158,23,0.619590,6,3
5304,13,13,0,3936.5359,14102.6793,176,30,1.933991,6,2
5305,12,12,0,3708.9612,13494.8060,159,31,0.834304,7,2
5306,13,13,0,3702.6414,13563.2069,155,22,0.841586,7,3
5307,15,15,0,3584.1315,12460.6575,170,31,1.234074,7,2
5308,12,12,0,3646.4996,13482.4982,149,26,0.610368,7,2
5309,14,14,0,3950.2099,15006.0497,148,32,0.915941,6,2
5310,16,16,0,3649.1315,13485.6573,146,26,1.801017,7,2
5311,15,15,0,4167.2638,15776.3189,157,32,1.875508,7,3
5312,11,11,0,3691.6138,13613.0689,153,28,1.267223,7,2
5313,13,13,0,3802.9971,14229.9857,149,29,0.619573,7,2
5314,10,10,0,3344.4378,12577.1892,130,20,0.598277,7,2
5315,14,14,0,3971.9021,13669.5107,195,31,1.040126,7,2
5316,11,11,0,3395.2305,11661.1524,169,30,0.615693,7,2
5317,10,10,0,3483.4215,13062.1075,137,24,1.553326,7,2
5318,13,13,0,3764.7187,13728.5937,159,27,1.776530,7,2
5319,10,10,0,3549.8873,12994.4365,151,24,0.547915,7,2
5320,11,11,0,2925.9963,9604.9814,159,19,0.493359,6,2
5321,13,13,0,4272.4813,16342.4066,157,34,1.239989,7,2
5322,16,16,0,4219.5627,16307.8134,147,32,2.531562,7,2
5323,12,12,0,3718.4163,13917.0816,147,27,0.675519,7,2
5324,10,10,0,2660.6842,9618.4212,115,25,0.751006,4,2
5325,13,13,0,4025.0649,14830.3247,167,28,0.948568,7,3
5326,15,15,0,4030.0522,15235.2609,152,28,4.018211,7,2
5327,10,10,0,3530.3942,12826.9708,153,29,1.129203,7,2
5328,14,14,0,4012.4930,15487.4648,142,35,1.051925,6,2
5329,14,14,0,3360.9901,11709.9504,159,25,0.823121,7,2
5330,16,16,0,3727.0257,13820.1283,148,29,0.807707,7,2
5331,14,14,0,3834.6211,14488.1055,145,26,0.770940,7,2
5332,11,11,0,3638.3426,12471.7130,182,28,1.067075,7,2
5333,15,15,0,3849.0370,13985.1848,163,26,1.061864,7,3
5334,16,16,0,3755.8056,13814.0279,153,28,3.956252,7,2
5335,15,15,0,3927.8934,14749.4672,152,31,1.619061,7,3
5336,12,12,0,3523.2433,12901.2164,148,24,0.803710,7,2
5337,16,16,0,3828.0160,14465.0802,143,26,1.157228,7,3
5338,15,15,0,3931.1644,14515.8221,160,34,1.652267,7,2
5339,12,12,0,3101.8996,10959.4979,142,24,1.043075,7,2
5340,15,15,0,3843.5735,14572.8676,143,28,3.032670,7,2
5341,10,10,0,3608.0114,12250.0569,185,25,1.449547,7,2
5342,13,13,0,4211.4812,15422.4060,178,31,2.037387,7,2
5343,11,11,0,3795.4358,14557.1789,139,26,1.050140,7,2
5344,14,14,0,4856.9230,19099.6148,162,34,1.250093,7,2
5345,13,13,0,3040.7516,10608.7581,143,26,2.650639,5,2
5346,11,11,0,3603.5760,13237.8799,151,25,1.028729,7,2
5347,13,13,0,3608.5850,13287.9252,149,27,1.761971,7,2
5348,16,16,0,4136.2155,15436.0775,162,29,2.785154,7,2
5349,13,13,0,3754.9939,13324.9695,172,26,1.890853,7,2
5350,11,11,0,3576.3794,13051.8968,153,25,2.926362,7,2
5351,12,12,0,3466.5659,12842.8297,140,20,0.533090,7,3
5352,16,16,0,3946.3554,14571.7771,159,27,2.854970,7,2
5353,10,10,0,3026.4618,10962.3092,131,17,0.649511,6,3
5354,13,13,0,3725.5413,13742.7067,153,25,2.400360,7,3
5355,12,12,0,3787.5499,13997.7496,155,26,1.082068,7,2
5356,16,16,0,3971.9451,15004.7253,149,26,2.960768,7,2
5357,15,15,0,4277.9494,16229.7469,160,33,1.057519,7,2
5358,14,14,0,3391.4820,12027.4102,153,23,0.827402,7,3
5359,15,15,0,3982.1640,15195.8201,145,28,2.025158,7,2
5360,11,11,0,4193.4992,15882.4958,161,30,1.073812,7,2
5361,16,16,0,3765.9229,13379.6144,169,30,1.365882,7,2
5362,11,11,0,3780.3718,13766.8592,163,32,0.749385,7,2
5363,11,11,0,3597.6371,13263.1853,149,35,2.271639,6,2
5364,10,10,0,3388.1800,12320.8999,146,21,0.678656,7,2
5365,12,12,0,3919.6628,15088.3142,141,24,1.440867,7,2
5366,13,13,0,4432.2204,17261.1020,153,28,0.967767,7,2
5367,15,15,0,3950.5832,14867.9161,151,27,1.006154,7,2
5368,12,12,0,2979.9097,9884.5483,158,23,1.471438,7,2
5369,11,11,0,3941.9607,15034.8034,148,29,0.991358,7,2
5370,13,13,0,3986.1965,15145.9825,149,28,3.144829,6,2
5371,16,16,0,3946.3468,14456.7342,163,27,0.751134,7,2
5372,15,15,0,3817.6793,15028.3967,124,32,1.860522,7,2
5373,12,12,0,2983.2007,10356.0034,143,21,0.633238,5,2
5374,10,10,0,3970.1178,15385.5889,141,26,0.603420,7,2
5375,11,11,0,4001.2606,15216.3032,152,24,0.572011,7,3
5376,13,13,0,3597.4702,13057.3511,154,23,1.114768,7,2
5377,16,16,0,4215.3146,15271.5729,181,36,0.812691,7,2
5378,13,13,0,3784.7463,13588.7316,168,27,0.539050,7,2
5379,15,15,0,4771.4600,18012.3001,183,39,3.096882,7,2
5380,15,15,0,3725.0939,12750.4693,184,28,1.929732,7,2
5381,11,11,0,4016.4145,15032.0726,159,25,0.725921,7,2
5382,12,12,0,3659.0325,13075.1624,164,28,0.698521,7,2
5383,11,11,0,3314.9153,12669.5763,122,18,0.753557,6,2
5384,11,11,0,3908.0118,14580.0588,157,31,0.838168,7,2
5385,15,15,0,3693.9020,13544.5101,152,32,3.109759,7,2
5386,15,15,0,3388.0893,11630.4466,165,29,1.542029,7,2
5387,11,11,0,3350.7026,11998.5132,150,24,0.593999,7,2
5388,11,11,0,3620.1098,13450.5488,147,23,0.755805,7,2
5389,15,15,0,3687.8307,13314.1536,159,27,2.511391,7,2
5390,15,15,0,3621.9940,12794.9700,165,30,1.392253,7,2
5391,14,14,0,3617.0495,13255.2473,150,31,1.831922,6,2
5392,12,12,0,3395.1443,12310.7214,146,28,0.934951,6,2
5393,16,16,0,4001.7866,13648.9330,199,33,2.715271,7,2
5394,10,10,0,2126.3970,7226.9852,105,14,0.490417,4,2
5395,14,14,0,4198.2657,15836.3285,162,35,2.305332,7,2
5396,12,12,0,3443.4195,12672.0974,142,21,0.707421,7,2
5397,15,15,0,4135.4105,15482.0524,162,32,1.024692,7,2
5398,15,15,0,3942.4270,14547.1351,160,28,3.579707,7,2
5399,14,14,0,3732.5789,13617.8946,157,31,2.012472,7,2
5400,16,16,0,4448.1666,16825.8331,167,26,0.493827,7,3
5401,14,14,0,3595.8856,13264.4282,146,25,1.940522,6,3
5402,15,15,0,4126.2917,15231.4587,169,37,0.884936,7,2
5403,12,12,0,3908.4433,15172.2165,136,26,1.693422,7,2
5404,15,15,0,3391.7519,12333.7597,142,24,1.341279,7,2
5405,16,16,0,4021.1993,15370.9966,145,31,1.900651,7,2
5406,11,11,0,3307.9406,11424.7031,162,26,2.819452,6,2
5407,14,14,0,4188.6149,15083.0747,184,32,1.952661,7,2
5408,12,12,0,3106.8923,10839.4615,147,23,1.918720,7,2
5409,10,10,0,3915.8531,14614.2654,158,26,0.981386,7,2
5410,15,15,0,4160.6046,16523.0231,131,24,0.882427,6,2
5411,15,15,0,3866.1401,13825.7006,172,29,1.842987,6,2
5412,11,11,0,3478.3732,12776.8660,145,21,0.859775,6,2
5413,10,10,0,3187.0856,11530.4282,139,19,0.527685,7,2
5414,14,14,0,4411.2566,16951.2828,159,29,2.050927,7,2
5415,12,12,0,3480.6413,12928.2067,139,24,1.561657,7,2
5416,10,10,0,4486.0009,17575.0047,154,26,1.424813,7,3
5417,12,12,0,4261.1527,16775.7636,142,33,1.818457,7,2
5418,13,13,0,3575.1984,13590.9922,133,22,0.791444,6,2
5419,15,15,0,4689.4496,17262.2480,195,45,2.814940,7,2
5420,16,16,0,4472.4344,17162.1721,161,31,2.200510,7,2
5421,13,13,0,3699.6516,13518.2579,156,25,1.006568,7,2
5422,14,14,0,3682.5730,13487.8649,153,27,1.441015,7,2
5423,12,12,0,3893.8496,15314.2479,129,26,0.933941,7,2
5424,13,13,0,4526.4482,17327.2408,167,32,1.136150,7,2
5425,11,11,0,3091.3326,11321.6629,129,22,0.749498,5,2
5426,15,15,0,3101.9992,10924.9959,141,27,2.052040,6,2
5427,12,12,0,4703.1589,17705.7944,191,24,0.501408,7,2
5428,14,14,0,4241.5268,15907.6340,165,31,0.736803,7,2
5429,13,13,0,3235.2510,12176.2551,123,23,2.008122,6,2
5430,11,11,0,2900.8573,10254.2863,132,20,1.979319,6,2
5431,13,13,0,3803.2868,13636.4342,169,26,1.745803,7,2
5432,12,12,0,4819.7484,19123.7420,157,29,0.765118,7,2
5433,16,16,0,4478.9792,16889.8961,171,34,2.407180,7,2
5434,11,11,0,3469.2965,12671.4824,147,22,0.636864,7,2
5435,14,14,0,4054.4499,15887.2495,135,26,1.395038,7,2
5436,16,16,0,3534.7614,12658.8069,155,32,2.158028,7,2
5437,10,10,0,4315.8683,17104.3413,142,22,0.716888,7,3
5438,16,16,0,4452.5426,16722.7128,172,35,1.985477,7,2
5439,13,13,0,4762.0949,18215.4746,176,33,0.807599,7,2
5440,13,13,0,3788.7308,13478.6540,172,29,1.917978,7,3
5441,15,15,0,4175.7807,15493.9034,168,33,2.114926,7,2
5442,10,10,0,3918.6968,14808.4838,152,29,0.814719,7,3
5443,14,14,0,3575.5241,13777.6203,126,27,1.266099,6,2
5444,14,14,0,3319.8749,11884.3746,146,26,0.613321,6,2
5445,12,12,0,3146.3307,11391.6535,135,24,0.702417,6,2
5446,10,10,0,3203.4922,11907.4610,129,23,0.770003,6,2
5447,14,14,0,4073.1289,14700.6444,177,30,3.624615,7,2
5448,16,16,0,3785.1956,14515.9780,135,33,2.868557,7,2
5449,15,15,0,4250.2417,16326.2084,153,31,0.598590,7,2
5450,11,11,0,3144.3378,11016.6888,148,27,2.053575,6,2
5451,11,11,0,3487.6229,12908.1147,142,24,1.223834,7,2
5452,13,13,0,4012.8256,14909.1279,162,28,1.209240,7,2
5453,10,10,0,3123.4972,11047.4861,145,27,0.823067,6,2
5454,16,16,0,4665.5378,18082.6892,162,28,0.573237,7,3
5455,16,16,0,4492.3100,17276.5501,160,30,1.434258,7,2
5456,11,11,0,3817.1414,14175.7070,155,29,1.755123,7,2
5457,12,12,0,3720.1010,13755.5052,152,22,0.587605,7,2
5458,16,16,0,4163.2454,15246.2271,173,34,0.754707,7,2
5459,16,16,0,4079.8344,14664.1718,179,31,1.899064,7,2
5460,12,12,0,3637.1917,13645.9586,142,27,2.707347,7,2
5461,10,10,0,4641.5474,17577.7372,185,28,0.669086,7,2
5462,12,12,0,3978.1226,14480.6132,171,29,3.328016,7,2
5463,16,16,0,3751.3400,13236.6999,171,26,1.255047,7,2
5464,16,16,0,4730.5409,18667.7045,154,46,4.733444,7,2
5465,10,10,0,3264.4164,11987.0820,137,22,0.701628,6,2
5466,16,16,0,4348.3019,16836.5093,151,35,2.501920,7,2
5467,13,13,0,4080.7157,15123.5785,166,28,0.943061,7,2
5468,14,14,0,3537.6897,13258.4483,137,30,0.875914,7,2
5469,16,16,0,4796.3748,19196.8741,147,31,0.676931,7,2
5470,10,10,0,3443.0373,12870.1863,137,23,0.673872,7,2
5471,11,11,0,3507.6831,12923.4156,145,29,0.864660,7,2
5472,16,16,0,4435.0139,17275.0693,151,32,2.228767,7,2
5473,16,16,0,4880.8868,19124.4339,164,42,2.812043,7,2
5474,10,10,0,3829.5001,14347.5004,152,22,0.944148,7,2
5475,15,15,0,4135.8935,15399.4673,164,28,0.570107,7,2
5476,11,11,0,4201.9657,15889.8285,163,32,1.129548,7,2
5477,14,14,0,3736.8045,13489.0224,162,30,2.500237,7,2
5478,15,15,0,3910.8865,14119.4326,169,26,0.985836,7,2
5479,11,11,0,3595.3702,13966.8511,125,20,1.027451,7,3
5480,10,10,0,3482.8192,12749.0958,148,25,0.748546,7,2
5481,11,11,0,2761.1378,9810.6892,125,20,1.963635,6,2
5482,13,13,0,3604.4580,13542.2900,139,23,1.641837,7,2
5483,16,16,0,4086.4516,15162.2580,163,30,1.286288,7,2
5484,11,11,0,3550.9589,11999.7945,183,27,3.631947,7,2
5485,12,12,0,3830.5834,14992.9168,129,26,1.834627,7,2
5486,13,13,0,3992.7259,15363.6296,143,30,0.712182,7,2
5487,14,14,0,3424.3281,12016.6403,159,26,0.628651,7,3
5488,15,15,0,3947.5351,15262.6755,137,29,2.453545,7,2
5489,12,12,0,3114.8150,10994.0748,143,23,1.885028,5,2
5490,15,15,0,3680.8864,13569.4321,149,32,2.706365,7,2
5491,10,10,0,3655.8733,13969.3663,136,22,0.595656,7,2
5492,12,12,0,3945.1091,15405.5454,135,31,1.878329,7,2
5493,11,11,0,3416.8213,12284.1063,151,25,0.926719,7,2
5494,16,16,0,4056.9289,15009.6447,163,31,3.823117,7,2
5495,13,13,0,4307.6215,16523.1075,157,27,1.328131,7,2
5496,13,13,0,3337.3574,12431.7870,132,24,1.990003,7,2
5497,16,16,0,4344.1834,15765.9168,186,36,0.739753,7,2
5498,10,10,0,2794.2411,9421.2054,144,21,0.670524,6,2
5499,15,15,0,3822.3422,15181.7110,119,30,1.305561,6,2
5500,15,15,0,3523.3649,12981.8247,143,27,2.007009,7,2
5501,14,14,0,4041.5600,15292.8000,153,33,2.404156,7,2
5502,13,13,0,3697.8300,13829.1501,145,23,0.477703,7,4
5503,12,12,0,3175.3801,11536.9004,136,21,0.995413,6,2
5504,14,14,0,3840.5080,14067.5398,160,24,0.753903,7,2
5505,16,16,0,4650.3308,18291.6541,152,33,2.590063,7,2
5506,11,11,0,4369.7302,16333.6512,175,31,1.133188,7,2
5507,16,16,0,3824.5825,14382.9127,147,25,1.151206,7,2
5508,12,12,0,3750.6886,13508.4429,165,24,1.228983,7,2
5509,13,13,0,4156.2945,16076.4725,147,31,2.026252,7,2
5510,15,15,0,4293.6783,16373.3916,158,27,1.406679,7,2
5511,14,14,0,3623.9000,12209.4998,186,28,3.377147,7,2
5512,13,13,0,3902.3757,14161.8785,168,30,2.126389,6,2
5513,14,14,0,3910.7078,14218.5390,167,32,0.910874,6,3
5514,15,15,0,4150.2618,15936.3092,149,28,1.606728,7,2
5515,13,13,0,4007.1881,14770.9407,165,26,1.345076,7,2
5516,10,10,0,3283.6777,11773.3885,147,23,0.616115,7,3
5517,15,15,0,3654.9215,13479.6075,148,29,1.934082,7,2
5518,12,12,0,3747.2407,14041.2036,147,26,0.966791,7,2
5519,15,15,0,3681.2505,13546.2524,150,29,1.882150,7,2
5520,14,14,0,3825.7435,13743.7175,168,25,2.970571,7,2
5521,11,11,0,3621.2215,13576.1077,142,22,0.509251,7,2
5522,11,11,0,3123.2757,10856.3784,150,25,0.536540,7,2
5523,14,14,0,3996.8247,14914.1234,158,33,1.032294,6,2
5524,10,10,0,3501.1539,12580.7697,156,19,0.577100,7,2
5525,10,10,0,3470.3005,13071.5024,135,19,0.499565,7,2
5526,14,14,0,3609.7231,13368.6153,146,30,0.744471,7,2
5527,15,15,0,4348.9361,16669.6803,157,32,0.693287,7,2
5528,16,16,0,4221.1313,16230.6567,150,33,1.993820,7,2
5529,15,15,0,4327.8183,16469.0915,161,34,1.087042,7,2
5530,15,15,0,3899.5286,14977.6429,138,25,1.303380,7,2
5531,11,11,0,4064.4910,14837.4549,174,28,3.010837,7,2
5532,13,13,0,3839.3200,14046.5999,161,29,0.512535,7,2
5533,14,14,0,3484.7107,12588.5535,150,23,0.831583,6,2
5534,16,16,0,3951.1804,15120.9022,142,28,3.452668,7,2
5535,10,10,0,3738.1617,14275.8085,139,22,0.529554,7,2
5536,11,11,0,3659.1650,13620.8249,148,26,0.813392,7,2
5537,12,12,0,3823.0908,14520.4538,143,26,0.787845,7,2
5538,13,13,0,3774.2857,13251.4286,177,31,0.844243,7,2
5539,14,14,0,4021.5432,15762.7158,134,27,0.885199,7,2
5540,13,13,0,3299.5998,12302.9988,130,23,1.076377,5,2
5541,12,12,0,3519.0317,12685.1585,154,24,1.383300,7,2
5542,13,13,0,4123.7888,16038.9438,143,28,1.640423,7,2
5543,11,11,0,4159.7135,15733.5675,160,26,0.893464,7,2
5544,16,16,0,3968.1900,14615.9498,162,32,1.481680,7,2
5545,11,11,0,3725.2878,14286.4388,137,29,1.066834,7,2
5546,14,14,0,3983.7714,15268.8572,144,24,1.807114,7,2
5547,14,14,0,3721.2620,13521.3102,158,26,2.162868,7,2
5548,11,11,0,3694.6878,13933.4391,143,22,0.870031,7,2
5549,14,14,0,3709.6629,13448.3143,159,30,2.740308,6,3
5550,12,12,0,3543.2984,13116.4920,144,22,0.838840,7,2
5551,11,11,0,3387.1159,12230.5793,148,26,0.642253,7,2
5552,12,12,0,4532.0338,17740.1689,155,33,0.943630,7,2
5553,16,16,0,4544.5130,16022.5652,210,36,0.949608,7,2
5554,16,16,0,4806.7948,18938.9740,157,26,2.649645,7,2
5555,12,12,0,3556.4598,13122.2989,146,25,1.257834,7,2
5556,16,16,0,3445.8529,12654.2644,139,26,2.054410,7,2
5557,15,15,0,3740.8002,13429.0008,164,27,2.131560,6,2
5558,16,16,0,4054.7602,15718.8009,139,32,1.793516,7,2
5559,15,15,0,3901.1529,14495.7644,155,29,3.215440,7,2
5560,13,13,0,3748.4228,13872.1139,152,26,1.351363,6,2
5561,12,12,0,3865.4079,14622.0393,147,25,1.632023,7,2
5562,15,15,0,4014.8153,14594.0765,171,31,1.311782,7,2
5563,13,13,0,3367.4952,12207.4759,144,25,1.601931,7,2
5564,11,11,0,3079.7699,11228.8495,131,24,1.895772,6,2
5565,13,13,0,3544.7037,12393.5184,167,25,1.822015,7,2
5566,15,15,0,3239.3371,12226.6857,120,26,1.486504,6,2
5567,15,15,0,4505.1549,17185.7747,166,36,0.777942,7,3
5568,15,15,0,3449.2152,12161.0762,158,28,1.563888,7,2
5569,16,16,0,4469.2718,15651.3589,211,38,2.854697,7,2
5570,10,10,0,3839.0253,14775.1265,139,21,0.866837,7,2
5571,10,10,0,3152.7743,11358.8715,139,22,1.180073,7,2
5572,10,10,0,2913.2336,10466.1682,129,22,1.728043,6,2
5573,11,11,0,3381.0187,12390.0933,142,22,0.885131,7,2
5574,11,11,0,3424.7779,12968.8894,130,23,0.731621,7,2
5575,16,16,0,3613.3403,13686.7014,135,27,2.721784,7,2
5576,12,12,0,4038.1659,15035.8295,162,26,1.147209,7,2
5577,10,10,0,3285.3397,11596.6987,153,24,0.705503,6,2
5578,16,16,0,3966.0801,14665.4003,159,28,3.575432,7,2
5579,11,11,0,4291.0320,16330.1599,162,26,0.828212,7,2
5580,12,12,0,3902.4292,14852.1458,146,26,0.743175,7,2
5581,12,12,0,3427.4493,12362.2465,150,24,1.818180,6,2
5582,15,15,0,4278.4412,16532.2061,150,32,1.582061,7,3
5583,11,11,0,3262.2229,12106.1144,132,23,0.621499,6,2
5584,16,16,0,3895.6686,14378.3432,157,37,2.159680,7,2
5585,15,15,0,4612.0827,18075.4135,154,29,0.731334,7,3
5586,13,13,0,4011.6861,15208.4305,152,33,0.694785,7,2
5587,14,14,0,3331.4859,11347.4297,166,29,2.316203,7,2
5588,11,11,0,3609.5063,13287.5317,150,24,0.610384,7,3
5589,10,10,0,3246.4805,12022.4027,133,22,0.776101,7,2
5590,11,11,0,3852.3841,14776.9205,141,24,0.701162,7,2
5591,14,14,0,4320.4999,15962.4995,177,32,0.973463,7,2
5592,13,13,0,3194.2002,10591.0012,169,26,2.260998,6,2
5593,13,13,0,3614.8287,13294.1435,149,34,1.172127,7,2
5594,11,11,0,3309.8427,12594.2135,123,22,0.869407,6,2
5595,12,12,0,4003.0068,15620.0339,137,30,2.742569,7,2
5596,15,15,0,3872.3167,14011.5833,166,29,2.093942,7,2
5597,13,13,0,3224.5856,11432.9280,146,26,1.044114,7,2
5598,13,13,0,3892.2351,14416.1755,158,31,2.940985,7,2
5599,14,14,0,4103.5043,15147.5215,168,27,1.981497,7,2
5600,15,15,0,4387.7523,17138.7613,148,28,0.882782,7,2
5601,16,16,0,3757.0939,13925.4695,150,31,4.229481,7,2
5602,13,13,0,3624.0469,13270.2347,152,26,2.413324,7,2
5603,11,11,0,4085.0678,15625.3389,151,25,0.747068,7,3
5604,15,15,0,4203.8005,16214.0027,149,35,1.317989,7,2
5605,16,16,0,3993.9447,14989.7233,153,28,3.148285,7,2
5606,15,15,0,3967.8760,14854.3801,154,26,1.469788,7,2
5607,11,11,0,3961.6928,14818.4641,158,26,0.658711,7,2
5608,16,16,0,4275.1023,16630.5116,145,29,1.936320,7,2
5609,15,15,0,3921.7692,14278.8460,165,29,1.356260,7,2
5610,12,12,0,3611.2185,12886.0924,164,38,0.900399,7,2
5611,14,14,0,3467.6514,12233.2568,159,25,1.970481,7,2
5612,14,14,0,3777.1523,13800.7616,158,34,3.988007,6,2
5613,16,16,0,3461.7746,13358.8729,119,25,1.087575,7,2
5614,14,14,0,3883.9931,14064.9655,167,28,1.801043,7,2
5615,16,16,0,4281.5473,15852.7367,173,30,2.273617,7,2
5616,10,10,0,3072.5542,11227.7712,130,20,0.534913,6,2
5617,13,13,0,4154.5829,16007.9144,149,30,0.756335,7,2
5618,13,13,0,3842.4882,14812.4412,137,29,1.743710,6,2
5619,14,14,0,3343.8743,11849.3717,151,26,1.512608,6,2
5620,12,12,0,3349.2171,12101.0856,145,26,0.576664,7,2
5621,13,13,0,3605.3905,13351.9526,146,25,1.266168,6,2
5622,12,12,0,3128.7349,10768.6743,153,20,0.480894,7,2
5623,14,14,0,3311.7792,12323.8961,130,25,1.123100,6,2
5624,11,11,0,3382.4606,12697.3031,132,19,0.542848,7,2
5625,15,15,0,3898.6643,14413.3214,157,27,0.664176,7,2
5626,12,12,0,3671.9767,13989.8833,136,28,0.999070,7,2
5627,10,10,0,3418.0170,12700.0852,139,24,0.550577,7,2
5628,15,15,0,4509.7233,17828.6163,146,32,0.871989,7,2
5629,12,12,0,3934.5178,14442.5891,165,28,0.586082,7,3
5630,16,16,0,3808.7855,14213.9277,148,32,2.602208,7,2
5631,15,15,0,3642.5486,13417.7432,148,29,1.074557,7,2
5632,16,16,0,3642.3337,13516.6684,144,24,1.019628,7,2
5633,14,14,0,3970.9765,14654.8823,162,28,1.544855,7,3
5634,14,14,0,3373.4953,11932.4766,153,25,2.055687,7,2
5635,13,13,0,3568.4896,13112.4480,147,21,0.923679,7,2
5636,10,10,0,2275.9612,7999.8061,105,14,1.072709,4,2
5637,13,13,0,3663.5290,13772.6448,141,29,1.056083,6,2
5638,11,11,0,3486.8635,13009.3177,139,25,1.424608,7,2
5639,11,11,0,3258.0261,11970.1305,135,20,0.655566,7,2
5640,11,11,0,3663.0380,13010.1902,168,26,0.598858,7,2
5641,14,14,0,3417.0123,12585.0617,139,24,1.196154,6,2
5642,14,14,0,3616.6850,13258.4252,150,26,1.026144,6,2
5643,11,11,0,3895.6130,14828.0649,147,26,0.742453,6,2
5644,16,16,0,3342.5477,11922.7387,147,29,1.285012,7,2
5645,14,14,0,3131.0403,11160.2014,139,23,1.929499,6,2
5646,13,13,0,3447.8395,12224.1976,157,28,1.825924,7,2
5647,13,13,0,4179.3300,15591.6499,166,27,0.674004,7,2
5648,13,13,0,3824.4127,14112.0637,157,29,0.621874,7,3
5649,13,13,0,3481.8384,11749.1920,179,28,1.432359,6,2
5650,12,12,0,3754.8807,13594.4037,162,27,0.617929,7,2
5651,14,14,0,3420.3297,12326.6484,148,25,1.615725,6,2
5652,11,11,0,3256.3084,11836.5419,139,22,0.494773,6,2
5653,16,16,0,3913.0746,14200.3732,167,35,1.615031,7,2
5654,12,12,0,3115.7671,11268.8355,135,23,2.284236,6,2
5655,15,15,0,5416.0105,19445.0527,262,32,1.542228,7,2
5656,15,15,0,4254.9480,15689.7401,174,35,3.091004,7,2
5657,13,13,0,3823.7312,13728.6561,169,27,1.156079,7,3
5658,13,13,0,4331.3194,16421.5970,165,33,2.028026,7,2
5659,14,14,0,4667.1768,17760.8839,174,29,0.913835,7,2
5660,15,15,0,4046.4789,14747.3944,171,31,0.644459,7,2
5661,14,14,0,3575.8351,12764.1757,160,31,1.401333,6,2
5662,11,11,0,3554.8094,12874.0472,154,23,0.880495,6,2
5663,13,13,0,3936.7951,14523.9757,162,26,0.910037,7,2
5664,15,15,0,4489.6682,16868.3410,175,36,1.789682,7,2
5665,13,13,0,4105.8880,14849.4400,179,31,3.145735,7,2
5666,10,10,0,3479.7022,13033.5111,137,23,1.149264,6,2
5667,13,13,0,4081.8158,15164.0792,165,28,0.855696,7,2
5668,15,15,0,4616.0262,17225.1311,183,34,0.776878,7,3
5669,15,15,0,4236.2629,16166.3143,156,30,2.597147,7,2
5670,16,16,0,3915.7493,14923.7467,142,27,1.775757,7,2
5671,10,10,0,4286.2792,16271.3959,164,25,0.685416,7,2
5672,13,13,0,3896.5037,13502.5185,189,29,1.416195,7,2
5673,12,12,0,3931.4190,13792.0952,186,29,0.663575,7,2
5674,16,16,0,4325.4126,16552.0632,158,32,2.203059,7,2
5675,15,15,0,4098.1366,15620.6829,151,35,3.073081,7,2
5676,13,13,0,3787.7078,13498.5392,171,29,2.309655,7,2
5677,16,16,0,3915.1463,14300.7316,163,31,1.749029,7,2
5678,16,16,0,3610.8582,13294.2909,146,25,0.953823,7,2
5679,15,15,0,3943.5621,14102.8104,175,29,2.353713,7,2
5680,13,13,0,3550.9200,13209.6001,142,29,1.381661,6,2
5681,16,16,0,3408.6416,11908.2082,158,27,2.705675,7,2
5682,15,15,0,3463.3924,12281.9618,156,29,2.636630,7,2
5683,10,10,0,3010.3188,10021.5942,160,25,1.077787,7,2
5684,16,16,0,4644.1300,17730.6501,172,39,2.127873,7,2
5685,11,11,0,4356.5342,16652.6709,163,29,0.689544,7,2
5686,11,11,0,2567.4308,9457.1541,104,16,1.095901,5,2
5687,11,11,0,3824.3991,14466.9956,147,25,0.696397,6,2
5688,13,13,0,3479.6548,12688.2739,146,27,1.352445,7,2
5689,16,16,0,4145.1231,15650.6155,157,32,1.546801,7,2
5690,16,16,0,4103.3554,16381.7771,126,24,2.121178,7,2
5691,11,11,0,3510.3694,12946.8470,145,24,0.597434,6,2
5692,11,11,0,3430.7892,12708.9461,140,27,1.214187,7,2
5693,12,12,0,3838.2400,14146.1999,159,27,0.725132,7,2
5694,14,14,0,4460.3735,16946.8674,168,29,3.556267,7,3
5695,16,16,0,4620.2404,18151.2019,152,32,1.292248,7,2
5696,14,14,0,3847.4919,14577.4597,144,28,1.680565,7,2
5697,13,13,0,3695.7627,13623.8137,151,23,0.730130,7,2
5698,10,10,0,3302.4183,12252.0913,134,23,0.669191,6,2
5699,15,15,0,3229.9648,11284.8238,150,24,0.920142,7,2
5700,11,11,0,3872.2785,14781.3926,144,23,1.921429,7,2
5701,10,10,0,2790.3657,10341.8284,112,19,1.390075,5,2
5702,14,14,0,3575.4646,12707.3228,161,25,1.950154,7,2
5703,14,14,0,3775.5095,13967.5477,153,29,2.444726,7,2
5704,12,12,0,3545.3761,12781.8804,155,24,0.636714,7,2
5705,12,12,0,3589.3465,13066.7324,153,23,1.238283,7,2
5706,14,14,0,3462.8476,12509.2381,149,26,3.313889,7,2
5707,14,14,0,4242.6609,15813.3047,169,29,1.407676,7,2
5708,14,14,0,4795.7929,19068.9644,153,29,0.625515,7,2
5709,14,14,0,3703.4188,14372.0942,127,24,2.613765,6,2
5710,16,16,0,4355.4099,17187.0496,140,37,1.131571,7,2
5711,15,15,0,3788.4158,14682.0788,130,25,2.102353,7,2
5712,14,14,0,4739.3888,16096.9438,260,26,0.967506,7,2
5713,15,15,0,4041.3187,15476.5933,145,29,2.436952,7,2
5714,12,12,0,3008.4690,10677.3448,136,20,1.375850,5,2
5715,14,14,0,3139.9193,10559.5966,160,26,1.045723,6,2
5716,14,14,0,3384.8725,11369.3625,174,30,3.145499,7,2
5717,15,15,0,3911.7310,14728.6551,149,28,2.238054,7,2
5718,13,13,0,3887.9879,14549.9396,153,24,0.688825,7,2
5719,15,15,0,4575.9149,17584.5746,165,28,0.716463,7,2
5720,14,14,0,3914.8125,14744.0623,150,31,2.051269,7,2
5721,11,11,0,3811.3997,13566.9985,174,27,0.882457,7,3
5722,11,11,0,3835.6984,14478.4918,148,22,0.643382,7,2
5723,15,15,0,4236.2008,16081.0042,159,29,0.766456,7,2
5724,14,14,0,4476.4479,16987.2393,169,29,0.659474,7,2
5725,16,16,0,3708.4936,13872.4679,143,28,2.376765,7,2
5726,13,13,0,4331.9067,16604.5336,158,27,1.260400,7,2
5727,10,10,0,3310.6897,11943.4487,146,19,0.493098,6,2
5728,10,10,0,2844.8157,9909.0784,136,19,0.675895,6,2
5729,11,11,0,3299.6534,11828.2669,147,24,0.638400,7,3
5730,11,11,0,3403.2582,12251.2910,150,22,0.879737,7,2
5731,16,16,0,4379.4760,16412.3802,171,34,2.590874,7,2
5732,16,16,0,4949.8303,18749.1517,187,30,2.294663,7,2
5733,10,10,0,3704.7899,13863.9495,148,22,0.458049,7,3
5734,13,13,0,4630.6606,15078.3032,281,27,1.841429,7,2
5735,12,12,0,3203.2405,11136.2025,154,26,0.978930,7,2
5736,11,11,0,3671.3541,14011.7707,137,27,1.517925,7,2
5737,16,16,0,4455.6200,17018.0999,163,33,3.759866,7,2
5738,11,11,0,3391.3526,12186.7629,150,22,1.362385,7,2
5739,13,13,0,3807.6918,13998.4590,158,29,0.776901,7,2
5740,11,11,0,3919.1599,14645.7994,156,22,0.662613,7,2
5741,15,15,0,3520.2489,12846.2447,147,23,1.770267,6,2
5742,13,13,0,3190.8343,10954.1714,156,27,1.710580,6,2
5743,16,16,0,4286.0157,16565.0783,150,28,0.692368,7,2
5744,16,16,0,3476.0053,12800.0263,140,27,2.069070,7,2
5745,11,11,0,3144.7182,11053.5910,147,25,1.070162,7,2
5746,11,11,0,3697.4966,12832.4830,180,29,1.691200,7,2
5747,12,12,0,3770.4700,14217.3502,145,26,1.930102,7,2
5748,14,14,0,3850.5540,13787.7701,171,29,0.816259,7,2
5749,10,10,0,2937.6056,10593.0282,129,20,0.563411,6,2
5750,12,12,0,3653.2633,13036.3165,165,27,1.795616,7,2
5751,13,13,0,3826.3052,13991.5262,161,25,0.611327,7,2
5752,12,12,0,3993.4107,15192.0535,150,25,2.162061,7,2
5753,12,12,0,3689.9380,12769.6900,180,31,1.103258,7,2
5754,14,14,0,3504.7359,13083.6794,137,26,1.318117,6,2
5755,10,10,0,3756.2080,13966.0401,156,20,1.230356,7,2
5756,15,15,0,4205.6306,16603.1532,136,27,2.127413,7,2
5757,15,15,0,4272.4276,16922.1382,137,31,1.995537,7,2
5758,13,13,0,3757.6079,13593.0395,163,28,1.515523,7,2
5759,10,10,0,4134.4847,13252.4235,258,22,0.813273,7,2
5760,11,11,0,3751.8345,14344.1724,139,23,1.068143,6,2
5761,16,16,0,3967.6301,14913.1503,152,27,1.136987,7,2
5762,15,15,0,3990.2174,15271.0870,144,25,1.771221,7,2
5763,14,14,0,3959.2902,14166.4510,178,33,1.161901,7,2
5764,12,12,0,3158.4658,11727.3288,126,24,1.869131,6,2
5765,15,15,0,3359.5135,11402.5677,168,27,2.040105,7,2
5766,14,14,0,3621.5616,12917.8079,162,27,2.338739,6,2
5767,14,14,0,4010.4595,15247.2974,149,29,0.682186,7,2
5768,15,15,0,4141.3335,15836.6676,151,33,1.433417,7,2
5769,12,12,0,3758.7525,13678.7627,162,22,0.549023,7,2
5770,13,13,0,3919.5134,14957.5669,144,22,0.481088,7,2
5771,10,10,0,3447.7545,12888.7724,138,25,0.620779,6,2
5772,10,10,0,3572.0987,13550.4936,136,25,0.531557,7,2
5773,10,10,0,4081.8298,15064.1491,171,29,0.738775,7,2
5774,11,11,0,2929.2576,10701.2882,123,19,1.441269,6,2
5775,14,14,0,3700.7920,14003.9602,139,29,1.883184,6,2
5776,13,13,0,3709.2407,14101.2035,138,28,2.496406,7,2
5777,11,11,0,4017.5056,15717.5282,137,21,0.507881,7,2
5778,13,13,0,3852.7188,14748.5940,140,24,1.882947,7,2
5779,11,11,0,3186.3100,11746.5502,132,22,2.397266,7,2
5780,13,13,0,4927.0289,19355.1447,166,36,3.157458,7,3
5781,11,11,0,3726.9137,14129.5687,141,25,0.805470,7,2
5782,15,15,0,3785.5362,14297.6810,144,33,3.710893,7,2
5783,13,13,0,3309.6518,12313.2591,131,23,2.217229,7,2
5784,16,16,0,3796.3044,14051.5222,152,31,1.371053,7,2
5785,16,16,0,4034.5400,14637.7000,172,33,1.882257,7,2
5786,12,12,0,4078.8150,15964.0750,138,24,2.062021,7,2
5787,10,10,0,3432.8323,12709.1616,141,24,0.722240,7,2
5788,15,15,0,3561.8396,12234.1982,174,29,0.574738,7,2
5789,13,13,0,4172.0724,15495.3622,168,29,1.862287,7,2
5790,14,14,0,3887.5426,14462.7128,155,31,1.020481,6,2
5791,11,11,0,3764.6072,14198.0360,145,26,1.832602,7,2
5792,13,13,0,3699.6604,13688.3019,150,26,1.033688,7,2
5793,14,14,0,3844.5083,13737.5416,172,34,1.491626,7,3
5794,15,15,0,4449.0092,16515.0460,179,31,0.615188,7,2
5795,12,12,0,4216.7801,15998.9007,160,30,2.452590,7,2
5796,11,11,0,3427.2925,12051.4623,161,23,0.758469,7,3
5797,12,12,0,3405.7498,12363.7489,146,22,1.063272,7,2
5798,15,15,0,4513.8197,17334.0984,163,35,4.986951,7,3
5799,16,16,0,4425.6265,16988.1327,159,32,1.150281,7,2
5800,11,11,0,3585.8041,13354.0205,144,21,0.493295,7,3
5801,10,10,0,3687.9786,14074.8928,138,23,0.564597,7,3
5802,12,12,0,3548.8589,13399.2943,135,23,0.842502,6,2
5803,12,12,0,3814.9023,13719.5116,168,25,1.850626,7,3
5804,12,12,0,4186.2768,15221.3842,181,30,1.015587,7,2
5805,13,13,0,3384.8591,12234.2956,146,27,0.664564,7,2
5806,12,12,0,3454.0955,12860.4777,138,26,2.383681,6,3
5807,10,10,0,3151.5266,11082.6329,148,21,0.971841,6,2
5808,13,13,0,3352.4445,11777.2223,155,26,1.036342,6,2
5809,10,10,0,2355.8945,8129.4727,114,15,1.581410,5,2
5810,15,15,0,3901.0434,14950.2172,141,25,2.438213,7,2
5811,11,11,0,3637.6264,12968.1322,165,24,0.627574,7,2
5812,16,16,0,4222.6642,16233.3210,150,29,1.604546,7,2
5813,16,16,0,4262.6430,15883.2151,169,30,0.738191,7,2
5814,11,11,0,3581.6817,13253.4085,147,22,0.461819,7,3
5815,16,16,0,3763.3545,13146.7723,177,34,1.648526,7,2
5816,13,13,0,3801.0471,14715.2353,133,26,0.774254,7,2
5817,14,14,0,3886.0714,14730.3568,145,23,1.274537,7,3
5818,10,10,0,4113.2612,15361.3059,166,32,1.209520,7,2
5819,16,16,0,4754.5315,18227.6574,172,35,3.338770,7,2
5820,13,13,0,4590.8720,17999.3601,155,30,1.972432,7,2
5821,12,12,0,3117.0885,10745.4427,152,22,1.518215,6,2
5822,16,16,0,3798.8583,14129.2914,150,28,1.454819,7,2
5823,15,15,0,4089.5629,15282.8144,161,30,2.915769,7,2
5824,12,12,0,3580.7617,13158.8084,148,27,0.657250,7,2
5825,10,10,0,3891.9661,14024.8307,174,40,1.077901,6,2
5826,15,15,0,3888.3900,14481.9499,153,29,1.514037,7,2
5827,16,16,0,3426.8361,12104.1807,154,29,2.756046,7,2
5828,13,13,0,3263.9820,11634.9099,145,20,0.557387,6,2
5829,12,12,0,3512.2248,12566.1240,157,25,0.609500,7,2
5830,11,11,0,3648.5808,13297.9039,156,27,1.745667,7,2
5831,14,14,0,3755.4142,12912.0710,184,26,1.678937,7,2
5832,16,16,0,3597.9029,13519.5143,136,24,1.916431,7,2
5833,16,16,0,3705.5961,13687.9803,149,32,1.703331,7,2
5834,12,12,0,3796.3632,14326.8161,147,30,0.962934,7,2
5835,13,13,0,3333.2805,12231.4025,138,22,0.526662,6,2
5836,15,15,0,4323.1540,15545.7702,190,39,3.022090,7,2
5837,12,12,0,3735.6613,14703.3065,123,23,1.599767,7,2
5838,11,11,0,3489.0698,12615.3489,153,25,1.467702,7,2
5839,13,13,0,3358.4804,12847.4020,121,25,2.227111,6,2
5840,12,12,0,3604.7878,13518.9392,141,26,0.696824,7,2
5841,13,13,0,3816.5849,14537.9246,141,25,1.149155,7,2
5842,16,16,0,3579.6415,13638.2073,129,25,1.737650,7,2
5843,15,15,0,3628.0487,13070.2437,157,27,1.496749,7,2
5844,16,16,0,4641.1585,18110.7923,157,34,0.830132,7,3
5845,11,11,0,3100.8588,11204.2939,135,20,0.557410,6,2
5846,11,11,0,3484.6997,13623.4983,118,24,1.469680,6,2
5847,10,10,0,3932.8078,15074.0390,145,25,1.457050,7,2
5848,14,14,0,3496.0252,13030.1259,137,24,0.976526,6,2
5849,10,10,0,3644.6116,13183.0580,160,24,1.514717,7,2
5850,10,10,0,3261.3106,11826.5530,142,26,0.665338,7,2
5851,12,12,0,3384.4722,12487.3610,138,24,2.292956,7,2
5852,10,10,0,3382.6025,12668.0125,134,25,0.631415,6,2
5853,11,11,0,3988.3188,15101.5939,152,23,0.780887,7,2
5854,11,11,0,3774.1702,13365.8508,175,27,3.093348,7,2
5855,16,16,0,5051.4034,19502.0172,179,31,1.807361,7,2
5856,15,15,0,4835.0353,18400.1763,181,31,3.373924,7,2
5857,10,10,0,3630.4201,13242.1007,156,26,0.971886,6,3
5858,14,14,0,4785.2305,17526.1527,203,38,5.589529,7,2
5859,13,13,0,4150.9588,14724.7940,191,30,2.795932,7,2
5860,10,10,0,3582.0601,13605.3005,136,22,0.807668,7,2
5861,13,13,0,4555.3758,17881.8792,152,27,1.043948,7,2
5862,10,10,0,2803.4627,10587.3134,107,22,2.371257,5,2
5863,11,11,0,3256.1519,11545.7597,149,25,0.658517,6,2
5864,10,10,0,3625.4979,14417.4894,116,26,2.769139,6,2
5865,10,10,0,3806.3964,14531.9820,142,21,0.521824,7,3
5866,12,12,0,3301.7162,12048.5810,139,24,1.245504,7,2
5867,12,12,0,3451.0020,12050.0100,164,25,0.599117,7,3
5868,10,10,0,3541.7886,13418.9428,135,22,0.560496,6,3
5869,12,12,0,3008.8660,10524.3302,141,20,1.001796,6,2
5870,10,10,0,3019.3560,10356.7802,150,22,0.632291,7,2
5871,10,10,0,3635.5705,13567.8526,146,29,0.786018,7,3
5872,16,16,0,3680.3191,14026.5955,134,29,2.363008,7,2
5873,16,16,0,4314.6976,15768.4880,181,32,1.764184,7,2
5874,10,10,0,3968.9303,15434.6515,140,22,0.481846,7,5
5875,15,15,0,3939.3308,14421.6538,164,27,0.831703,7,2
5876,15,15,0,3781.4012,13367.0060,173,30,2.168175,6,2
5877,10,10,0,2813.8203,10594.1014,108,20,2.148510,5,2
5878,14,14,0,4023.0130,14585.0652,173,31,1.021911,7,2
5879,10,10,0,4122.3174,15871.5868,150,25,0.565827,7,2
5880,13,13,0,4169.0324,15220.1622,177,32,0.763448,7,2
5881,15,15,0,3826.9088,14654.5441,137,26,2.753631,7,2
5882,16,16,0,3385.5609,12907.8047,122,26,1.643839,7,2
5883,10,10,0,3404.0358,12115.1792,156,26,0.660072,7,2
5884,11,11,0,3426.1943,12995.9717,129,23,1.061802,7,2
5885,14,14,0,3923.6627,14238.3136,168,23,0.590972,7,2
5886,13,13,0,3630.1178,13160.5892,157,29,1.655398,7,2
5887,10,10,0,3960.9266,15089.6331,149,26,2.620730,6,2
5888,13,13,0,3949.7668,14193.8338,175,30,1.181311,7,2
5889,10,10,0,3347.2702,11731.3512,159,25,1.122489,7,2
5890,15,15,0,3625.9408,13144.7041,154,28,1.864809,6,2
5891,10,10,0,3264.5083,12317.5416,126,20,0.556623,7,2
5892,10,10,0,3286.3782,12071.8910,137,21,0.682100,7,2
5893,13,13,0,3390.1986,11795.9931,162,26,1.511091,7,2
5894,13,13,0,4116.9484,15694.7422,152,27,0.741415,7,3
5895,12,12,0,4091.8094,15859.0470,144,30,1.401937,7,2
5896,16,16,0,4388.8406,16774.2030,160,29,2.427461,7,2
5897,13,13,0,3347.5730,11522.8651,163,27,0.753364,7,2
5898,10,10,0,3959.3171,15026.5856,151,24,1.281840,7,2
5899,13,13,0,4042.1448,14690.7242,174,32,1.571445,7,2
5900,13,13,0,3408.3053,10941.5267,193,31,1.563598,7,2
5901,15,15,0,3665.9163,13914.5815,135,25,1.864170,7,2
5902,10,10,0,3088.7475,11023.7375,139,19,0.694977,7,2
5903,10,10,0,3622.2903,13616.4514,142,24,0.823835,7,2
5904,13,13,0,3818.7423,14798.7116,133,27,1.716948,6,2
5905,11,11,0,3654.3172,12616.5859,180,23,0.462101,7,2
5906,15,15,0,3768.1627,13245.8134,175,32,2.924376,7,2
5907,11,11,0,4112.8899,15964.4497,145,26,1.207737,7,2
5908,11,11,0,4539.7018,17538.5090,163,30,0.794758,7,2
5909,11,11,0,3620.9840,13399.9201,149,28,0.710273,7,2
5910,11,11,0,4039.4400,15237.2000,157,31,2.588794,7,2
5911,10,10,0,3396.1968,12305.9842,148,26,0.638479,7,2
5912,12,12,0,4051.5798,15107.8990,163,24,1.636599,7,2
5913,10,10,0,3276.9374,12044.6871,137,23,0.576439,7,2
5914,15,15,0,3950.4422,14897.2109,151,28,1.180928,7,2
5915,10,10,0,3746.8765,14324.3825,139,24,0.752095,7,2
5916,12,12,0,3373.0282,12805.1409,126,23,1.477625,6,2
5917,12,12,0,3351.3630,11966.8150,150,22,1.876659,7,2
5918,15,15,0,3659.6687,13508.3437,148,25,1.373013,6,2
5919,11,11,0,3803.5457,14672.7286,136,22,0.534947,7,2
5920,16,16,0,4340.0632,16425.3161,163,31,1.118969,7,2
5921,10,10,0,2680.9996,9609.9978,119,19,3.381679,4,2
5922,10,10,0,3683.7285,14043.6425,138,18,0.719376,7,3
5923,12,12,0,4497.1682,17730.8411,149,27,1.030905,7,2
5924,16,16,0,4527.8202,18204.1008,135,30,1.480410,7,2
5925,12,12,0,3316.0622,11975.3108,144,22,0.613994,7,2
5926,15,15,0,3966.0656,14900.3282,153,30,3.228921,7,2
5927,10,10,0,3185.9979,11219.9894,149,20,0.585239,6,2
5928,16,16,0,4846.6112,18503.0559,179,41,1.609240,7,2
5929,12,12,0,3814.9064,14779.5320,134,28,1.126200,7,2
5930,10,10,0,3330.7412,12538.7058,129,19,0.498190,6,2
5931,12,12,0,3786.8114,14194.0568,149,30,1.495505,7,2
5932,14,14,0,3696.5936,12627.9681,184,29,1.992448,7,2
5933,12,12,0,4086.0166,16025.0830,137,26,0.819138,7,2
5934,13,13,0,4129.9461,15379.7307,165,26,2.359590,7,2
5935,15,15,0,4322.5384,16592.6918,156,27,1.602680,7,2
5936,14,14,0,4250.0496,15700.2482,174,29,0.850849,7,2
5937,16,16,0,4028.3046,15681.5231,136,27,2.330834,7,2
5938,11,11,0,3761.6308,14148.1541,146,20,0.824285,7,2
5939,14,14,0,4497.9610,17509.8048,155,27,0.746744,7,2
5940,15,15,0,3851.4295,14107.1476,159,29,1.222515,7,2
5941,14,14,0,4152.3262,15436.6308,166,31,0.725921,7,2
5942,10,10,0,3756.8069,14159.0347,146,26,0.677073,7,2
5943,15,15,0,3878.7613,14708.8066,144,31,1.426029,7,2
5944,13,13,0,3515.9189,12799.5947,150,23,0.964980,7,3
5945,12,12,0,3592.6957,13033.4786,155,23,0.597925,7,2
5946,13,13,0,3661.2976,13706.4882,143,24,0.868425,7,2
5947,15,15,0,3503.6898,13068.4489,137,25,2.018785,7,3
5948,14,14,0,3849.0625,14175.3123,159,28,2.969437,7,2
5949,14,14,0,4022.6545,15068.2727,157,26,1.586772,7,2
5950,16,16,0,3709.5838,13362.9188,160,27,0.823112,7,2
5951,13,13,0,3521.1257,13335.6286,132,24,0.702067,6,2
5952,10,10,0,3552.3685,13181.8426,145,23,0.575864,7,2
5953,10,10,0,3981.4859,15532.4295,138,25,1.686870,7,2
5954,13,13,0,3541.8206,12284.1030,171,29,1.813508,7,3
5955,12,12,0,3807.5142,14427.5708,145,23,1.774088,7,2
5956,10,10,0,3050.8519,11324.2595,123,20,0.662961,6,2
5957,11,11,0,3829.5708,14402.8538,150,28,0.707573,7,2
5958,14,14,0,4107.9793,14894.8965,177,33,0.757849,7,2
5959,15,15,0,4531.9383,17359.6913,165,34,1.191901,7,2
5960,10,10,0,3809.5568,14252.7842,152,27,0.777211,7,2
5961,16,16,0,3743.2821,13401.4103,165,30,1.861392,7,2
5962,16,16,0,3556.3579,12246.7894,172,31,1.028220,7,2
5963,15,15,0,3735.8064,12989.0320,177,28,1.443078,7,2
5964,13,13,0,3824.8895,14124.4477,156,28,0.600151,7,2
5965,13,13,0,3744.2120,13716.0602,158,41,1.431055,6,2
5966,14,14,0,5870.9727,21809.8635,256,37,1.010685,7,2
5967,11,11,0,3213.3942,11301.9710,150,21,0.934611,7,2
5968,13,13,0,3569.6655,13128.3277,147,23,1.178341,7,2
5969,11,11,0,3798.5994,14337.9971,147,23,0.558034,7,2
5970,15,15,0,4081.0076,15395.0378,155,30,0.966553,7,3
5971,11,11,0,3363.1566,11665.7830,163,31,0.943259,6,2
5972,14,14,0,3373.3814,12161.9072,147,22,0.620155,7,2
5973,11,11,0,3044.4376,10227.1882,158,20,0.443111,7,2
5974,10,10,0,3874.3824,14391.9119,158,25,0.622227,7,2
5975,12,12,0,3551.8324,12819.1619,155,26,0.852154,7,2
5976,12,12,0,3394.2697,11531.3483,172,28,1.647758,7,2
5977,10,10,0,3520.1682,12780.8409,153,22,0.480507,7,4
5978,10,10,0,3462.1561,12820.7807,142,19,0.746414,7,2
5979,14,14,0,4781.6310,18493.1549,171,35,2.820336,7,2
5980,13,13,0,3822.4561,14222.2806,153,23,0.802642,7,2
5981,10,10,0,3580.2323,13336.1613,144,25,1.560117,7,2
5982,16,16,0,2873.6842,10223.4208,125,25,2.455527,7,2
5983,12,12,0,3110.7751,11108.8756,139,22,0.641359,5,2
5984,13,13,0,4032.9934,15199.9669,156,29,0.909692,7,2
5985,10,10,0,2927.5810,11022.9049,113,22,1.199458,6,2
5986,14,14,0,4877.9861,19904.9303,139,30,0.636289,7,2
5987,10,10,0,3396.9791,12409.8954,145,23,0.614457,7,3
5988,10,10,0,3770.1544,14330.7722,143,26,0.789638,7,2
5989,10,10,0,2767.0866,9420.4328,139,25,2.723919,5,2
5990,13,13,0,2994.1201,9770.6004,163,25,0.841731,6,2
5991,14,14,0,4576.4179,17422.0893,172,38,1.435462,7,2
5992,16,16,0,3556.9025,13074.5124,144,32,2.262431,7,2
5993,10,10,0,3687.2088,13546.0438,155,27,0.711227,7,2
5994,12,12,0,4033.7543,15433.7714,150,32,0.758266,7,2
5995,16,16,0,4465.3280,16581.6399,179,39,4.673526,7,2
5996,14,14,0,4142.3122,15586.5610,160,29,1.450884,7,2
5997,10,10,0,3144.7352,11238.6760,142,23,0.738421,7,2
5998,15,15,0,3941.0291,14810.1455,151,25,1.645967,7,2
5999,15,15,0,3948.7317,14978.6585,147,31,2.277459,7,2
6000,12,12,0,4085.0613,15825.3064,144,28,2.216558,7,2
6001,13,13,0,3660.2702,13431.3511,152,26,0.631007,7,2
6002,11,11,0,3721.8376,13514.1879,161,25,1.765381,7,2
6003,16,16,0,3702.3074,13636.5368,150,25,2.097112,7,2
6004,14,14,0,3878.1405,14635.7023,148,29,2.619668,6,2
6005,14,14,0,3983.7716,15438.8578,138,26,1.132309,7,2
6006,10,10,0,3082.6140,11418.0702,126,21,1.650554,7,2
6007,15,15,0,3643.5367,12832.6835,168,31,1.227139,7,2
6008,11,11,0,3818.2890,14186.4448,154,24,2.597123,7,2
6009,11,11,0,3686.3651,14051.8254,138,25,0.833643,6,2
6010,12,12,0,4260.5513,16362.7566,156,27,1.143388,6,2
6011,14,14,0,4044.8295,14659.1473,175,32,2.495716,7,2
6012,11,11,0,3568.7311,13513.6554,136,25,1.090887,7,2
6013,12,12,0,3721.6857,13828.4284,151,28,0.916504,7,2
6014,13,13,0,3694.4150,13337.0748,161,33,2.547485,6,2
6015,11,11,0,3386.8188,12419.0940,142,22,1.127487,6,2
6016,14,14,0,3774.9346,14094.6732,149,27,0.730540,7,2
6017,14,14,0,4139.9495,15124.7476,174,29,0.559097,7,3
6018,14,14,0,4291.0408,16370.2039,159,36,0.892393,7,2
6019,16,16,0,4645.2535,17866.2676,166,31,1.892062,7,2
6020,14,14,0,4299.0921,16745.4605,148,27,0.836998,7,2
6021,14,14,0,3753.9221,13764.6103,155,27,1.424862,7,2
6022,14,14,0,4198.1755,16190.8773,149,26,0.657837,7,2
6023,14,14,0,3811.7965,13918.9824,160,28,2.015871,7,2
6024,10,10,0,2951.5052,10267.5261,142,22,0.822937,6,2
6025,10,10,0,3065.9427,11009.7133,136,21,0.641382,6,2
6026,11,11,0,3979.1235,15060.6175,152,29,1.063144,7,2
6027,13,13,0,4280.2403,16731.2016,145,25,0.594971,7,2
6028,13,13,0,3671.5284,13557.6422,149,22,1.694301,7,2
6029,11,11,0,3540.0207,13275.1035,139,25,0.645490,7,2
6030,10,10,0,3352.2003,12726.0014,127,19,0.693457,6,2
6031,10,10,0,3367.0704,12030.3522,153,18,0.487327,6,2
6032,12,12,0,3131.0291,11025.1454,144,23,0.722916,6,2
6033,16,16,0,3793.5284,13022.6420,185,29,2.806412,7,2
6034,14,14,0,3645.7257,13493.6284,148,26,1.809585,7,2
6035,14,14,0,4162.7058,15848.5290,154,29,0.814939,7,2
6036,14,14,0,3272.2402,12226.2010,127,30,1.621076,6,2
6037,15,15,0,3670.2132,13941.0662,135,27,2.089190,6,2
6038,12,12,0,4772.7058,15963.5292,278,22,0.638110,7,3
6039,11,11,0,3374.4079,12462.0395,138,25,0.779159,6,2
6040,15,15,0,4539.4658,17392.3288,165,28,2.787786,7,3
6041,11,11,0,3596.8986,13139.4930,153,27,0.783565,7,2
6042,15,15,0,4394.6835,16958.4174,156,29,0.899891,7,2
6043,14,14,0,4147.6830,16058.4149,145,30,2.310846,7,2
6044,16,16,0,4262.9374,16604.6869,145,29,2.459553,7,2
6045,12,12,0,4527.1633,17970.8164,146,27,0.866558,7,2
6046,13,13,0,3802.9909,13629.9547,170,31,1.628167,7,2
6047,13,13,0,4348.5376,16957.6879,149,27,0.762194,7,2
6048,12,12,0,3873.2418,14671.2089,147,27,0.870159,7,2
6049,14,14,0,3545.5086,13412.5429,133,23,1.383507,6,2
6050,11,11,0,3689.3001,13886.5006,144,24,0.616884,7,2
6051,15,15,0,4489.8431,17224.2154,162,27,0.711655,7,3
6052,13,13,0,3959.8421,14279.2105,174,31,1.019805,6,2
6053,11,11,0,3792.8507,14214.2536,150,28,1.517174,7,2
6054,10,10,0,3900.2585,14766.2926,150,27,0.856729,7,2
6055,15,15,0,4277.9489,15599.7445,181,29,2.944647,7,2
6056,12,12,0,3485.6411,12578.2057,152,25,0.669307,7,2
6057,15,15,0,5523.6872,22218.4359,168,33,1.794326,7,2
6058,11,11,0,3643.0384,13480.1921,149,25,0.732610,7,2
6059,16,16,0,4221.0388,15620.1938,170,30,1.997597,7,2
6060,10,10,0,3476.9727,12669.8634,149,21,0.778733,6,2
6061,15,15,0,3942.2520,14076.2598,176,33,1.861218,7,2
6062,13,13,0,3684.2897,13531.4487,154,36,0.829025,6,2
6063,14,14,0,3852.5562,14362.7811,152,31,1.796316,6,2
6064,14,14,0,3580.7182,13433.5910,138,30,1.716431,6,2
6065,11,11,0,4196.9573,16439.7867,143,34,1.089301,7,2
6066,11,11,0,3547.5193,13192.5964,143,25,0.683957,7,2
6067,14,14,0,3840.2438,14281.2191,153,31,1.439446,7,2
6068,15,15,0,3744.4494,13767.2472,153,25,0.979860,7,2
6069,15,15,0,3678.8028,13324.0141,157,27,2.232157,7,2
6070,15,15,0,3944.8974,14219.4868,172,30,0.902311,7,3
6071,12,12,0,3479.6332,12948.1659,139,27,1.815217,7,2
6072,12,12,0,3935.5580,15002.7898,147,26,0.698181,7,3
6073,10,10,0,3498.7868,12993.9341,143,23,0.714093,7,2
6074,14,14,0,3910.7067,15353.5337,129,28,2.366344,7,2
6075,14,14,0,3936.4844,14957.4219,146,25,2.643751,6,2
6076,10,10,0,4113.9727,15419.8637,164,32,1.210736,7,2
6077,16,16,0,4065.3435,14746.7177,173,32,1.974144,7,2
6078,12,12,0,3806.9022,14794.5111,132,25,0.802997,7,2
6079,12,12,0,3180.8688,11024.3438,153,26,0.635803,7,2
6080,16,16,0,4492.4191,17017.0955,169,37,1.662616,7,2
6081,12,12,0,3213.3156,11846.5779,131,26,3.224335,6,2
6082,15,15,0,4021.0755,14970.3775,159,26,1.211653,7,2
6083,10,10,0,3833.6586,14048.2929,162,27,0.568536,7,2
6084,16,16,0,3841.7198,14318.5988,150,31,3.225386,7,2
6085,10,10,0,3364.5208,11722.6038,162,23,0.525895,7,3
6086,10,10,0,3517.9214,12994.6071,145,24,0.788066,7,2
6087,16,16,0,3938.1650,14315.8251,166,30,2.340276,7,2
6088,11,11,0,4015.9816,15714.9081,137,23,0.761781,7,2
6089,15,15,0,5026.6573,19923.2866,162,36,2.204734,7,2
6090,14,14,0,3743.8727,13324.3635,169,24,1.313938,7,2
6091,11,11,0,3458.5799,12747.8993,143,23,0.993334,6,3
6092,13,13,0,3474.5009,12477.5045,153,28,0.741888,7,2
6093,13,13,0,3553.7100,12773.5500,156,26,0.907519,6,2
6094,15,15,0,4404.0758,16860.3791,160,37,1.120088,7,2
6095,10,10,0,3576.0328,13815.1640,128,25,1.548998,7,2
6096,11,11,0,3798.2697,14256.3485,150,26,0.559856,7,2
6097,14,14,0,2996.4523,10382.2617,142,25,1.980862,5,2
6098,15,15,0,4237.6330,15808.1649,168,34,0.889029,7,2
6099,10,10,0,3583.4575,13842.2874,128,20,0.817584,7,2
6100,15,15,0,5299.7497,17683.7485,300,33,1.323827,7,2
6101,10,10,0,2956.2950,11261.4750,109,20,0.658534,5,2
6102,16,16,0,3437.9930,12459.9651,145,29,0.968508,7,2
6103,11,11,0,3822.8594,14394.2968,149,27,1.326629,7,2
6104,14,14,0,4120.5480,15722.7401,152,33,0.711546,7,2
6105,11,11,0,3473.9153,13454.5764,122,23,1.524387,7,2
6106,15,15,0,3771.8873,13104.4367,180,34,3.248892,7,2
6107,15,15,0,3602.4643,13102.3214,152,25,1.258298,6,2
6108,10,10,0,3638.8908,13639.4542,144,23,0.771786,7,2
6109,14,14,0,3971.8583,15179.2916,145,26,2.683575,7,4
6110,14,14,0,4636.8413,18544.2066,144,25,1.432523,7,3
6111,16,16,0,3953.0307,15060.1536,144,29,0.836074,7,2
6112,11,11,0,3484.9717,12789.8585,146,25,1.597321,7,2
6113,10,10,0,4009.0744,14955.3720,165,26,1.556921,7,2
6114,16,16,0,3930.5507,15292.7533,133,26,1.709903,7,2
6115,13,13,0,3722.0549,14080.2743,141,26,1.463737,7,2
6116,15,15,0,3592.0204,12860.1018,158,26,0.998161,6,2
6117,10,10,0,3670.3955,14031.9776,136,24,0.886063,7,2
6118,11,11,0,3419.0608,12390.3041,148,23,0.687731,7,2
6119,11,11,0,3467.0692,12540.3459,151,23,2.324992,7,2
6120,14,14,0,4036.5310,14137.6550,190,32,4.482415,7,2
6121,10,10,0,3804.7579,14173.7895,154,21,0.892555,7,2
6122,12,12,0,3839.1106,14460.5530,148,27,1.354125,7,2
6123,11,11,0,3455.0584,12595.2920,147,21,0.910994,7,2
6124,10,10,0,3538.0472,12995.2358,149,26,0.699728,6,2
6125,11,11,0,3466.5354,12932.6770,138,22,0.766936,7,2
6126,10,10,0,2998.3989,10546.9946,140,23,1.158105,6,2
6127,15,15,0,3832.0632,14565.3160,141,27,1.302472,7,2
6128,12,12,0,3988.5784,14677.8921,165,26,1.051820,7,2
6129,14,14,0,3819.5480,14187.7398,153,25,1.542033,7,2
6130,13,13,0,3864.9979,14484.9895,151,29,1.127723,7,2
6131,15,15,0,3709.7534,13618.7668,152,27,3.034256,7,2
6132,15,15,0,4383.4981,16877.4904,156,32,1.513832,6,2
6133,12,12,0,3807.8412,14454.2058,144,25,0.760546,7,3
6134,10,10,0,3460.9875,13184.9374,129,20,0.737409,7,2
6135,16,16,0,4189.5832,15702.9159,162,31,0.784346,7,2
6136,15,15,0,4183.2716,15631.3581,164,26,2.134429,7,2
6137,13,13,0,3904.0672,14315.3360,163,29,2.742626,7,2
6138,14,14,0,3836.5360,15042.6798,127,26,1.183450,7,2
6139,12,12,0,4168.3744,15951.8718,154,29,1.325803,7,2
6140,15,15,0,3860.6103,13968.0514,166,28,0.741549,7,2
6141,13,13,0,3641.3822,13451.9108,148,23,0.781579,7,2
6142,12,12,0,3898.4624,14677.3119,151,27,3.382190,7,2
6143,14,14,0,3807.0023,14360.0115,145,27,1.717331,7,2
6144,10,10,0,3907.0529,14525.2646,159,27,0.589962,7,3
6145,10,10,0,3272.8784,12274.3918,129,20,1.466994,6,2
6146,12,12,0,3919.2103,13241.0516,202,28,1.054707,7,2
6147,14,14,0,3618.5837,13727.9183,135,25,2.039454,6,2
6148,12,12,0,4228.8475,16749.2377,138,29,1.360251,7,2
6149,12,12,0,3813.0838,14160.4190,154,25,0.807462,7,2
6150,15,15,0,3838.3382,14231.6908,154,30,1.891182,7,2
6151,13,13,0,3736.5784,13222.8921,172,30,3.513179,7,2
6152,13,13,0,4073.4760,14907.3802,172,29,1.231238,7,2
6153,15,15,0,3762.3944,14076.9718,146,29,1.715853,7,2
6154,15,15,0,4572.8151,17169.0754,178,34,1.014717,7,2
6155,15,15,0,3626.7264,13053.6320,157,30,1.533694,7,2
6156,14,14,0,4743.3522,16356.7610,251,26,2.609680,7,2
6157,13,13,0,3185.7258,12233.6291,113,21,1.965923,5,2
6158,12,12,0,3518.4061,13252.0304,135,21,1.623321,7,2
6159,10,10,0,4042.0960,15830.4800,138,21,0.796926,7,2
6160,11,11,0,3890.9267,14484.6334,157,25,1.443329,7,2
6161,11,11,0,3465.3977,12301.9886,159,27,0.816074,7,2
6162,12,12,0,3149.8901,11429.4506,135,21,0.784119,6,2
6163,14,14,0,4029.9756,15929.8778,130,24,1.185946,7,3
6164,14,14,0,3482.6899,12118.4494,166,28,2.432543,7,2
6165,15,15,0,3781.7102,14138.5509,147,35,2.833122,7,2
6166,14,14,0,4115.3044,15781.5222,149,25,0.491766,7,3
6167,12,12,0,4100.0989,15740.4943,149,25,0.641446,7,2
6168,10,10,0,4045.1261,14585.6305,180,28,0.742528,7,2
6169,14,14,0,4067.7637,15773.8186,141,29,0.950694,7,2
6170,15,15,0,3579.3211,12416.6053,171,30,0.667280,7,2
6171,12,12,0,3783.1435,14370.7174,142,26,0.965902,7,2
6172,16,16,0,4267.1905,15965.9526,167,30,3.540002,7,2
6173,12,12,0,3906.7898,15023.9489,141,26,0.718401,7,2
6174,10,10,0,3356.8278,11924.1389,154,25,2.526600,7,2
6175,11,11,0,3064.3383,11001.6916,135,20,1.878424,7,3
6176,14,14,0,4476.6799,17398.3997,155,27,0.952125,7,2
6177,10,10,0,3551.6709,12903.3546,154,22,0.443747,7,3
6178,11,11,0,3903.9190,15529.5952,124,23,2.184075,7,3
6179,10,10,0,3620.4083,13462.0416,147,23,0.624684,7,2
6180,12,12,0,3618.2443,13641.2216,139,26,1.104052,7,2
6181,13,13,0,3671.1134,13390.5670,155,28,1.352855,7,2
6182,12,12,0,3496.6025,12778.0123,147,23,0.971289,7,2
6183,11,11,0,3778.2291,13611.1456,168,29,2.230104,7,2
6184,16,16,0,4885.8780,18854.3900,174,32,0.625226,7,3
6185,10,10,0,3288.8937,11919.4685,143,23,0.556748,6,2
6186,16,16,0,5253.7351,19113.6756,226,35,1.989286,7,2
6187,12,12,0,3612.3687,13091.8433,156,23,1.041399,7,2
6188,10,10,0,3861.9890,14969.9451,137,20,0.488044,7,3
6189,12,12,0,3358.9968,11924.9838,154,24,2.138678,6,2
6190,16,16,0,3715.6211,13348.1055,162,36,1.174521,7,2
6191,14,14,0,3547.4160,12502.0801,163,28,2.873822,7,2
6192,11,11,0,3657.0402,13715.2010,144,25,0.740620,7,2
6193,16,16,0,3993.6968,15028.4841,152,27,1.150877,7,2
6194,16,16,0,3537.8743,12259.3717,168,28,2.953175,7,2
6195,13,13,0,3667.0722,13690.3611,145,29,1.228231,7,3
6196,12,12,0,3400.8002,12669.0010,135,24,0.716486,7,2
6197,13,13,0,3725.2702,13381.3512,165,28,0.660750,7,2
6198,10,10,0,3683.8786,13414.3928,159,25,0.639724,7,2
6199,16,16,0,4391.8819,16549.4095,169,36,2.871108,7,2
6200,11,11,0,3225.4560,11917.2799,132,21,1.529373,7,2
6201,13,13,0,4055.6399,15143.1994,161,31,1.612383,7,3
6202,13,13,0,3625.0005,13470.0026,145,29,2.643668,7,2
6203,16,16,0,4328.6528,15918.2640,178,34,2.978014,7,2
6204,12,12,0,3550.7249,13098.6246,146,23,1.251050,7,2
6205,13,13,0,3544.8499,12959.2494,148,25,1.947366,7,2
6206,16,16,0,3833.6761,13143.3806,188,33,1.779715,7,2
6207,11,11,0,3436.8623,12849.3113,135,21,0.952129,6,2
6208,13,13,0,3563.4593,13372.2963,138,28,0.968882,7,2
6209,10,10,0,3598.3386,13701.6932,136,28,0.904097,7,2
6210,10,10,0,3496.3416,13026.7078,142,28,1.622237,7,2
6211,10,10,0,3351.2121,11861.0605,155,22,0.764014,7,2
6212,14,14,0,3995.2317,14646.1587,166,29,2.435024,7,2
6213,16,16,0,3937.5364,14957.6821,146,36,3.458444,7,2
6214,14,14,0,3966.4266,14837.1330,155,30,3.319696,7,2
6215,16,16,0,3698.7575,13363.7875,159,30,0.960803,7,2
6216,13,13,0,3725.1027,13800.5135,151,29,1.800980,7,2
6217,14,14,0,4095.2968,15641.4841,150,33,1.765669,7,2
6218,11,11,0,4034.3105,15891.5524,134,23,0.772880,7,2
6219,14,14,0,3896.2623,14361.3113,160,30,4.066719,7,2
6220,15,15,0,3947.0444,14765.2221,154,29,2.392372,7,2
6221,14,14,0,3767.4819,14187.4095,145,26,0.498086,7,2
6222,11,11,0,3310.8288,11844.1439,148,24,2.461977,7,2
6223,13,13,0,4058.5528,15362.7641,154,29,0.985488,7,2
6224,13,13,0,3831.3794,13901.8972,165,26,1.296275,7,2
6225,13,13,0,4052.5075,15162.5375,160,29,0.960950,7,3
6226,14,14,0,4185.4689,16192.3444,147,33,1.255290,7,2
6227,16,16,0,3560.7676,12818.8378,153,29,2.498876,7,2
6228,15,15,0,4239.9115,15754.5577,169,32,0.881981,7,2
6229,13,13,0,4026.6233,15513.1165,144,28,1.856788,7,2
6230,14,14,0,3396.1792,12095.8959,151,24,2.540666,7,2
6231,10,10,0,3572.3786,13721.8932,131,21,1.918724,7,4
6232,10,10,0,3529.3959,12831.9796,153,25,0.516250,7,2
6233,14,14,0,3443.6635,12273.3173,154,26,0.780717,7,2
6234,10,10,0,3447.9039,13279.5193,124,21,1.164942,7,2
6235,16,16,0,3076.6448,10903.2238,137,25,1.965490,7,2
6236,10,10,0,3292.5427,11857.7135,145,22,1.063959,7,2
6237,12,12,0,3289.9759,12174.8795,133,23,1.248458,6,2
6238,14,14,0,4052.3597,15426.7983,150,27,1.619093,7,2
6239,14,14,0,3898.3534,14261.7669,163,31,1.089627,7,2
6240,13,13,0,3246.0883,12055.4413,129,22,1.845649,6,2
6241,11,11,0,3512.9158,12399.5788,164,27,0.831291,6,2
6242,15,15,0,4119.6330,15938.1648,144,33,0.928411,7,2
6243,11,11,0,3723.6213,13563.1065,160,25,0.732088,7,2
6244,15,15,0,4316.9613,16344.8063,163,31,3.127514,7,2
6245,10,10,0,2816.9671,9639.8356,140,21,0.626923,6,2
6246,13,13,0,3515.5568,13142.7839,138,22,1.562159,7,2
6247,10,10,0,3958.8866,15364.4331,140,23,0.698612,7,2
6248,10,10,0,3672.6796,13653.3979,150,24,0.553500,7,2
6249,14,14,0,3642.7132,13258.5660,153,25,1.655075,7,2
6250,14,14,0,4055.6135,14633.0673,178,37,1.496672,7,2
6251,12,12,0,4087.3875,15381.9374,159,25,0.836234,7,2
6252,13,13,0,3476.9721,12399.8605,156,24,0.686292,7,2
6253,15,15,0,4322.4808,15792.4042,183,33,2.410826,7,2
6254,10,10,0,4215.8203,16649.1016,140,24,0.651843,7,2
6255,16,16,0,3869.7829,14393.9147,152,33,1.072047,7,2
6256,14,14,0,3793.3965,13756.9823,163,31,0.898714,6,2
6257,10,10,0,2692.1372,9950.6862,109,18,1.779974,6,2
6258,14,14,0,3906.6581,14773.2903,148,32,1.399823,7,2
6259,11,11,0,3453.7917,12543.9585,149,24,0.638079,7,2
6260,14,14,0,3633.9563,13429.7816,147,23,0.746476,7,2
6261,13,13,0,3793.0974,14110.4868,152,26,0.637938,7,2
6262,16,16,0,3933.3244,15026.6218,142,27,1.413502,7,2
6263,14,14,0,3775.8123,13714.0613,161,26,1.380827,7,2
6264,16,16,0,4504.2902,17196.4510,165,36,2.184750,7,2
6265,16,16,0,3806.7315,14728.6576,131,29,2.124111,7,2
6266,15,15,0,3726.9831,13499.9156,158,27,2.861503,6,2
6267,11,11,0,2877.3300,10366.6501,126,21,0.830580,6,2
6268,16,16,0,4635.6068,18403.0340,146,30,2.135099,7,2
6269,13,13,0,3885.6299,14378.1497,158,27,1.515491,6,2
6270,11,11,0,4062.7225,15423.6126,155,27,0.543963,7,2
6271,10,10,0,3334.0756,12050.3780,146,23,0.689369,7,2
6272,14,14,0,4033.9372,15304.6859,152,32,0.919237,7,2
6273,10,10,0,3732.8681,13449.3403,166,24,1.780044,7,2
6274,10,10,0,3358.4265,12572.1325,133,22,0.818704,7,2
6275,14,14,0,3317.1071,12595.5357,122,27,3.225628,5,2
6276,15,15,0,3910.3385,14806.6927,146,30,1.740469,6,2
6277,16,16,0,3973.6941,14988.4705,149,27,0.779034,7,2
6278,10,10,0,3714.7361,13278.6807,168,23,0.598867,7,3
6279,10,10,0,3283.6000,11928.0001,142,25,0.930879,7,2
6280,14,14,0,4010.7065,15323.5327,147,24,1.591936,7,2
6281,10,10,0,3376.3490,12151.7449,150,24,2.019505,7,2
6282,10,10,0,3343.6473,11603.2363,162,24,0.552858,7,2
6283,10,10,0,3727.3497,13906.7484,150,29,1.377317,7,2
6284,15,15,0,4137.2918,15731.4589,153,28,1.121885,7,2
6285,14,14,0,3965.9727,15169.8635,145,32,0.855259,7,2
6286,15,15,0,4338.2726,16936.3631,147,29,1.163044,7,2
6287,16,16,0,3275.4131,11337.0653,155,23,1.761043,7,2
6288,14,14,0,4061.0595,14185.2976,193,33,0.947789,7,2
6289,13,13,0,3443.1066,12490.5329,147,22,1.400805,6,2
6290,15,15,0,4245.7576,16048.7879,161,28,1.589392,7,2
6291,16,16,0,4929.0802,19580.4009,157,33,0.926986,7,2
6292,14,14,0,3549.6200,12853.1001,152,25,2.243399,7,2
6293,15,15,0,4545.2538,17466.2692,165,42,4.222426,6,2
6294,16,16,0,4456.2818,16896.4092,167,32,1.417051,7,2
6295,12,12,0,3915.6289,14498.1445,161,29,0.833979,6,3
6296,14,14,0,4071.9856,14964.9278,169,27,1.811438,7,2
6297,13,13,0,3853.2220,14081.1100,162,28,2.446448,6,2
6298,13,13,0,3712.7914,13893.9568,146,27,0.982411,7,2
6299,10,10,0,3270.0705,11710.3524,147,22,0.686999,7,2
6300,13,13,0,3892.5087,14537.5437,154,30,0.955148,7,2
6301,13,13,0,3547.5593,12407.7966,167,23,2.478312,7,3
6302,15,15,0,3972.4777,14882.3885,154,30,2.562602,7,2
6303,14,14,0,3674.7123,13503.5614,151,21,0.524093,7,2
6304,10,10,0,2774.4072,9772.0361,129,22,0.932304,6,2
6305,11,11,0,3299.5057,11327.5284,164,32,1.028011,7,2
6306,11,11,0,3674.0600,13545.2999,152,26,0.786865,7,2
6307,15,15,0,4404.4262,15787.1308,196,35,0.874388,7,2
6308,13,13,0,3916.1760,13820.8799,182,34,1.050813,7,2
6309,12,12,0,3890.1152,14240.5758,164,30,0.929149,7,2
6310,11,11,0,3700.1180,13810.5901,148,27,1.043772,7,2
6311,14,14,0,4129.8241,15319.1207,167,33,1.966183,7,2
6312,12,12,0,3769.5157,14207.5786,145,25,1.687258,7,2
6313,10,10,0,3462.0214,12940.1070,138,23,0.912574,7,2
6314,13,13,0,3775.8074,14169.0368,148,27,0.654432,6,2
6315,15,15,0,4418.6446,17598.2231,138,30,1.566826,7,3
6316,10,10,0,3216.8038,11464.0192,146,23,0.633625,7,2
6317,11,11,0,3102.7206,10998.6029,142,20,0.785557,7,2
6318,15,15,0,4120.6114,13948.0570,210,35,2.975077,7,2
6319,15,15,0,3569.5395,12342.6973,171,26,2.209604,7,2
6320,15,15,0,4083.4327,15752.1634,144,33,1.625256,7,2
6321,12,12,0,4407.0632,17545.3160,140,25,0.635424,7,2
6322,15,15,0,3675.7545,13453.7726,152,24,1.014218,7,3
6323,16,16,0,4083.4925,16042.4624,135,32,2.476172,7,2
6324,13,13,0,3315.0914,11565.4572,157,24,0.710260,7,2
6325,15,15,0,3616.4677,12722.3384,167,30,2.426444,7,2
6326,15,15,0,3907.5387,13812.6937,179,36,1.042428,7,2
6327,15,15,0,3663.8008,13854.0040,137,28,1.752533,7,2
6328,10,10,0,3476.9810,13019.9052,138,27,0.708282,7,2
6329,16,16,0,3941.0809,14730.4044,153,29,2.434791,7,2
6330,16,16,0,4002.7886,14373.9429,176,40,0.765744,7,2
6331,11,11,0,3925.2083,14401.0414,166,27,1.550339,7,2
6332,15,15,0,3897.6973,14848.4865,143,32,4.534796,7,2
6333,12,12,0,2762.2503,8901.2513,154,23,1.116705,6,2
6334,10,10,0,3437.9949,12159.9745,160,24,0.897485,7,2
6335,11,11,0,3982.3789,15626.8946,135,27,1.481230,7,2
6336,10,10,0,3628.0060,13550.0301,146,28,0.670964,7,2
6337,12,12,0,3334.1873,12300.9363,136,24,0.634273,7,2
6338,15,15,0,4025.4719,15302.3594,149,28,1.379880,7,3
6339,13,13,0,3976.5439,14552.7195,167,26,0.872822,7,2
6340,12,12,0,4069.4738,15692.3692,146,27,0.778949,7,2
6341,16,16,0,3940.8210,14534.1048,160,30,0.829498,7,2
6342,11,11,0,3889.4071,14892.0353,143,25,0.909704,7,2
6343,11,11,0,3500.7060,13648.5300,120,24,2.808983,7,2
6344,14,14,0,3893.4764,14332.3822,160,26,2.724076,7,3
6345,14,14,0,3639.0604,12670.3019,173,24,0.660575,7,2
6346,16,16,0,4113.1500,14730.7500,181,32,3.153665,7,2
6347,16,16,0,3475.4768,12342.3842,155,26,2.948890,7,2
6348,14,14,0,4081.1060,14215.5299,195,28,0.986483,7,2
6349,16,16,0,4351.6605,17218.3024,139,28,3.004645,7,2
6350,15,15,0,3882.9891,13849.9456,174,31,1.669039,7,2
6351,10,10,0,3462.0918,12610.4590,149,25,1.441766,7,2
6352,11,11,0,3757.4853,13612.4267,164,26,1.173948,7,2
6353,15,15,0,4584.7985,17303.9924,176,34,3.199164,7,2
6354,13,13,0,3773.4182,12787.0909,193,26,0.622285,7,2
6355,12,12,0,4199.1030,13940.5149,226,43,1.441262,7,2
6356,16,16,0,3237.4687,11002.3433,160,29,1.334018,7,2
6357,14,14,0,3614.2708,13856.3542,129,28,1.958595,6,2
6358,14,14,0,3801.9839,13874.9196,160,27,1.551546,7,2
6359,14,14,0,3925.4515,15552.2574,125,27,1.445349,7,2
6360,11,11,0,3847.1539,14290.7696,157,24,1.249467,7,2
6361,10,10,0,3340.5066,12472.5331,133,23,0.664838,6,2
6362,12,12,0,3740.8061,14044.0306,146,24,0.816998,7,2
6363,14,14,0,4008.1132,15195.5658,151,32,1.952600,7,2
6364,11,11,0,3102.8732,10834.3659,147,21,0.859216,6,2
6365,15,15,0,3922.9745,15129.8725,139,31,2.131033,6,2
6366,11,11,0,3197.7338,11463.6691,143,23,0.784156,7,2
6367,12,12,0,3255.7139,11618.5695,146,30,0.969162,6,2
6368,14,14,0,3655.1691,13570.8456,146,32,3.739660,6,2
6369,11,11,0,3476.3795,11771.8973,178,22,0.716327,7,2
6370,13,13,0,3363.1480,11935.7401,153,29,0.903511,7,2
6371,10,10,0,3611.8774,13299.3868,151,22,0.993756,7,2
6372,12,12,0,3311.3427,11606.7135,156,24,0.616857,7,2
6373,16,16,0,3615.7835,12253.9176,181,31,1.552159,7,2
6374,11,11,0,3351.3509,12351.7543,139,21,0.836593,7,2
6375,16,16,0,3867.9595,13439.7973,184,33,2.373771,7,2
6376,16,16,0,4296.2189,16086.0944,167,30,1.105778,7,2
6377,13,13,0,3644.2116,13151.0581,159,25,0.739227,7,2
6378,10,10,0,2862.9478,9974.7389,137,23,0.782035,6,2
6379,12,12,0,3781.8633,14699.3167,131,24,1.259501,6,4
6380,12,12,0,4080.8003,15964.0014,139,27,1.671625,7,2
6381,13,13,0,3870.7376,14328.6879,157,27,1.268288,7,2
6382,12,12,0,3311.6329,11963.1646,144,29,0.690342,7,3
6383,13,13,0,3834.4410,13832.2050,168,27,1.540863,7,2
6384,11,11,0,3602.7958,13548.9792,140,25,1.180368,6,2
6385,11,11,0,3576.3415,13106.7076,151,26,0.998566,7,2
6386,16,16,0,4741.9779,18819.8895,150,30,1.566804,7,2
6387,16,16,0,4141.4239,15862.1193,148,35,2.023490,7,2
6388,13,13,0,4082.9640,15239.8200,163,29,1.741100,7,2
6389,16,16,0,4268.2822,15961.4112,167,34,3.439528,7,2
6390,14,14,0,3898.5538,13907.7689,175,34,1.872805,7,2
6391,15,15,0,4245.1455,16425.7275,149,31,0.978739,7,2
6392,12,12,0,3902.4667,14642.3333,153,29,0.994061,7,2
6393,14,14,0,3609.2478,13126.2392,153,30,0.670535,7,2
6394,12,12,0,3778.3739,14046.8693,152,27,1.883592,7,2
6395,11,11,0,2907.1927,10525.9633,125,23,0.618807,6,2
6396,11,11,0,3053.4325,11297.1625,124,23,0.570297,6,2
6397,16,16,0,4076.4063,15462.0313,151,31,1.238531,7,2
6398,15,15,0,4810.5726,18387.8628,177,38,2.925152,7,3
6399,12,12,0,3518.8031,12954.0155,145,23,0.980865,7,2
6400,16,16,0,3925.8966,15239.4830,135,32,2.795232,7,2
6401,16,16,0,4111.8506,15449.2530,157,30,2.982949,7,2
6402,15,15,0,4390.3121,16986.5604,154,30,1.117970,7,3
6403,10,10,0,3655.4050,13987.0251,136,22,1.708807,7,2
6404,13,13,0,3957.8999,14539.4997,165,32,1.630091,7,2
6405,14,14,0,3768.5645,13642.8224,162,26,0.625614,6,2
6406,12,12,0,4626.8572,14944.2858,284,29,0.683175,7,2
6407,10,10,0,3285.0120,12290.0600,131,20,1.167346,7,2
6408,12,12,0,3695.5923,13717.9615,149,28,1.330268,7,2
6409,14,14,0,4155.5611,14867.8056,186,32,1.315346,7,2
6410,13,13,0,3392.5671,11577.8354,169,24,0.834571,7,2
6411,15,15,0,3984.8545,14934.2726,155,32,1.131021,7,2
6412,12,12,0,3892.2594,14511.2970,155,30,0.768772,7,2
6413,13,13,0,4041.1814,14755.9068,171,28,0.846160,7,2
6414,10,10,0,4160.2187,16451.0935,137,21,1.104496,7,2
6415,14,14,0,3631.1681,13650.8406,139,25,1.608118,6,2
6416,14,14,0,3599.8251,13939.1255,124,23,1.311545,6,2
6417,15,15,0,3995.3347,14841.6734,159,33,1.828205,7,2
6418,10,10,0,2899.6646,9773.3230,150,22,0.514167,7,2
6419,16,16,0,4150.8952,15899.4760,149,28,1.050494,7,2
6420,14,14,0,4096.3859,16091.9297,135,25,1.029567,7,2
6421,15,15,0,3580.0552,12200.2762,178,30,2.049091,7,2
6422,12,12,0,3773.6398,14408.1991,139,25,1.339702,7,3
6423,10,10,0,3840.3330,14456.6650,150,26,1.713674,7,2
6424,12,12,0,3501.0341,13330.1706,130,25,0.879841,6,2
6425,16,16,0,4299.8949,16319.4747,160,41,0.976642,7,2
6426,16,16,0,3915.4248,14982.1242,141,27,1.164358,7,2
6427,10,10,0,3757.9093,14119.5465,148,24,0.598608,7,2
6428,12,12,0,3565.5068,12957.5338,153,26,0.511559,7,2
6429,10,10,0,2823.2873,10261.4367,120,20,0.525405,5,2
6430,12,12,0,2978.1900,10765.9502,128,22,1.427581,6,2
6431,10,10,0,2962.4278,10247.1392,144,17,0.482520,7,2
6432,15,15,0,4214.0161,15490.0805,174,37,2.760919,7,2
6433,16,16,0,3780.7062,13453.5310,170,29,0.659767,7,2
6434,16,16,0,3763.4638,14007.3191,148,33,1.116297,7,2
6435,10,10,0,2418.8828,8334.4138,118,20,3.933613,4,2
6436,15,15,0,3740.0139,14165.0695,139,25,1.207137,7,2
6437,16,16,0,4463.0768,17180.3841,160,37,1.611567,7,2
6438,16,16,0,4376.8861,17074.4305,148,33,2.274416,7,2
6439,13,13,0,3727.7066,14183.5328,138,27,0.993723,7,2
6440,16,16,0,4262.7867,16423.9333,150,30,1.930594,7,2
6441,13,13,0,4330.1516,17035.7579,144,23,0.881344,7,2
6442,12,12,0,3591.8885,12819.4427,162,26,2.244795,7,2
6443,10,10,0,3186.8574,11764.2869,131,21,1.330224,5,2
6444,11,11,0,4262.7253,16388.6263,155,28,1.015075,7,2
6445,13,13,0,4179.2088,16281.0441,144,30,0.900516,7,2
6446,13,13,0,3271.5410,11757.7050,143,25,1.351874,6,2
6447,11,11,0,3933.1410,14830.7049,153,25,1.168037,7,2
6448,13,13,0,3995.6273,15408.1363,143,31,2.433389,7,2
6449,12,12,0,3053.6932,10418.4661,152,25,1.490544,7,2
6450,11,11,0,4112.9620,15854.8098,148,26,1.037111,7,2
6451,11,11,0,4280.7810,17088.9052,135,23,0.682503,7,2
6452,12,12,0,3726.9416,14279.7082,136,26,2.857494,7,2
6453,11,11,0,4144.0700,16670.3499,127,23,2.191871,7,2
6454,16,16,0,3983.7795,15348.8976,140,29,1.227319,7,2
6455,10,10,0,2905.6479,10138.2393,138,17,0.783073,6,2
6456,15,15,0,3526.1409,13410.7045,129,24,2.137993,7,2
6457,13,13,0,3470.8267,12484.1337,153,28,2.762460,7,2
6458,16,16,0,3637.3258,12936.6291,162,31,2.216436,7,2
6459,14,14,0,3219.2991,11011.4955,158,23,0.818324,6,2
6460,11,11,0,3047.0170,10505.0848,149,22,0.764839,7,2
6461,10,10,0,3883.2285,14536.1427,154,25,1.069774,7,2
6462,11,11,0,3273.7965,12328.9826,126,22,1.196449,6,2
6463,12,12,0,3310.8765,12154.3823,137,22,1.291097,7,2
6464,14,14,0,4017.6513,14463.2567,177,29,0.711568,6,2
6465,15,15,0,3690.9153,13994.5765,137,30,3.254782,6,2
6466,13,13,0,3191.4954,11597.4771,135,23,0.589647,6,2
6467,10,10,0,3532.1312,13475.6560,132,22,0.605357,6,2
6468,15,15,0,4091.5765,15882.8823,140,29,1.611933,7,2
6469,13,13,0,3477.7008,12613.5042,148,25,0.735289,6,2
6470,15,15,0,4398.9504,17209.7518,148,32,1.915470,7,2
6471,16,16,0,3776.1451,13910.7257,153,30,1.868794,7,2
6472,12,12,0,3625.3276,13581.6381,142,28,2.956596,6,2
6473,15,15,0,4283.2180,15386.0901,189,34,0.673772,7,2
6474,12,12,0,3224.3118,12031.5591,127,22,0.746038,6,2
6475,14,14,0,3109.6726,10993.3629,141,26,2.040827,7,2
6476,11,11,0,3807.8198,14614.0990,139,24,0.519112,7,2
6477,16,16,0,3906.7982,14313.9911,161,27,2.125933,7,2
6478,12,12,0,3939.5262,14042.6310,179,29,0.792637,7,2
6479,12,12,0,3594.1539,13375.7694,144,26,0.892550,6,3
6480,16,16,0,4471.5205,16692.6027,176,35,2.448526,7,2
6481,15,15,0,3693.1144,13470.5719,155,29,0.861050,7,2
6482,14,14,0,3747.3946,13776.9728,155,27,1.567478,7,2
6483,12,12,0,3849.4983,14302.4915,155,29,1.219108,7,2
6484,12,12,0,3724.8015,13689.0074,155,26,0.827255,7,3
6485,14,14,0,3749.5481,13302.7406,171,27,1.248519,7,2
6486,12,12,0,3943.3849,14596.9244,161,28,0.619036,7,2
6487,12,12,0,3035.9936,10244.9679,155,21,0.454095,7,2
6488,10,10,0,3428.6494,13228.2468,123,24,0.591748,6,2
6489,10,10,0,3835.9517,13809.7586,171,27,0.920176,7,2
6490,14,14,0,3957.4261,14222.1305,174,31,0.846518,7,2
6491,16,16,0,4735.7763,15378.8813,289,27,1.380567,7,2
6492,16,16,0,4133.7100,15518.5502,159,33,1.099850,7,2
6493,15,15,0,3546.8720,12569.3598,161,24,2.799817,7,2
6494,11,11,0,4295.6756,15953.3778,176,23,0.484129,7,2
6495,14,14,0,3942.3475,14361.7374,167,30,2.862753,7,2
6496,12,12,0,3399.8462,12419.2312,143,23,1.171626,6,2
6497,10,10,0,3935.6883,15188.4415,142,29,1.594717,7,2
6498,12,12,0,3171.5670,11277.8352,143,23,0.958754,7,2
6499,15,15,0,3740.7365,12943.6825,180,28,2.832653,6,2
6500,12,12,0,3574.0901,12550.4506,168,23,0.744248,7,2
6501,15,15,0,4440.5639,17202.8193,154,29,2.913334,7,2
6502,15,15,0,4796.0002,17700.0009,199,54,2.132330,7,2
6503,12,12,0,3428.1442,12540.7208,144,22,0.777349,7,2
6504,16,16,0,3844.6124,14108.0618,158,35,2.016943,7,2
6505,11,11,0,3593.4014,12932.0068,160,24,0.678118,7,2
6506,15,15,0,4405.4986,16627.4930,169,34,0.911456,7,2
6507,14,14,0,4014.9738,15194.8690,152,30,0.656041,7,3
6508,13,13,0,3660.6656,13818.3278,139,23,1.063157,7,2
6509,16,16,0,3620.0202,13605.1011,137,26,3.095508,7,2
6510,13,13,0,3975.3462,13986.7308,186,35,1.145989,7,2
6511,16,16,0,3968.4965,14767.4827,157,29,0.942146,7,2
6512,14,14,0,4337.4755,16232.3775,171,29,1.490315,7,2
6513,13,13,0,3869.7983,14718.9915,144,30,1.241176,7,2
6514,12,12,0,4011.2114,15611.0571,139,28,0.657802,7,2
6515,14,14,0,3803.2875,14201.4376,150,29,1.288999,7,2
6516,16,16,0,4644.1295,18265.6474,152,29,2.231303,7,2
6517,15,15,0,3707.0916,13075.4580,171,27,1.422639,7,2
6518,14,14,0,3838.5894,14202.9472,155,27,0.671288,6,2
6519,15,15,0,3438.0034,12025.0171,160,34,2.273194,7,2
6520,11,11,0,3814.8884,14519.4421,144,27,1.356723,6,2
6521,10,10,0,3669.4240,13677.1201,148,22,0.682196,7,3
6522,12,12,0,3187.6770,11308.3850,145,24,1.251251,6,2
6523,16,16,0,3772.2141,13736.0706,158,26,2.598307,7,2
6524,10,10,0,3372.5928,12687.9642,131,21,0.646419,7,2
6525,11,11,0,3260.3964,11101.9818,164,23,1.429031,7,2
6526,10,10,0,3602.1160,13095.5798,156,21,0.626768,7,2
6527,12,12,0,3691.5676,13857.8380,144,25,3.983815,7,2
6528,13,13,0,3799.0098,14015.0492,155,31,2.008992,7,2
6529,15,15,0,3644.8810,13449.4050,147,29,2.558907,7,2
6530,11,11,0,4030.5885,15732.9427,140,33,1.182876,7,3
6531,10,10,0,3407.5681,12302.8404,150,23,2.025113,7,2
6532,14,14,0,3377.1427,11530.7133,167,25,1.687198,7,2
6533,14,14,0,3765.0849,13335.4245,172,32,0.717135,7,2
6534,15,15,0,4253.6718,15338.3591,186,30,0.781064,7,2
6535,10,10,0,3714.8285,14179.1423,139,26,0.883922,7,2
6536,13,13,0,4045.6555,15413.2775,150,30,1.685134,6,2
6537,16,16,0,3682.2509,13401.2547,154,29,1.685256,7,2
6538,15,15,0,3919.0657,14120.3287,170,29,1.678502,6,2
6539,11,11,0,3697.3606,13641.8031,154,32,0.683126,7,3
6540,13,13,0,3470.4707,12117.3536,164,26,0.786326,7,2
6541,11,11,0,3655.1605,14015.8025,133,25,0.978904,7,2
6542,12,12,0,3475.8185,13159.0926,132,24,0.951620,7,2
6543,12,12,0,3551.8459,12834.2297,155,23,0.697944,7,2
6544,10,10,0,3390.2180,12276.0900,148,21,2.162805,7,2
6545,11,11,0,3471.7863,13143.9316,132,24,0.866038,7,2
6546,10,10,0,3775.9126,14014.5631,154,21,1.120038,7,2
6547,16,16,0,4772.9530,14524.7651,330,27,1.731887,7,2
6548,14,14,0,3558.2183,13336.0915,138,25,1.875670,7,3
6549,11,11,0,3632.2571,13731.2853,139,25,0.817249,7,2
6550,13,13,0,3441.5484,12247.7422,155,26,0.812368,7,2
6551,15,15,0,4432.0391,16700.1955,170,34,1.321571,7,2
6552,14,14,0,4288.8650,16219.3251,164,37,5.847451,7,2
6553,12,12,0,3719.1526,13870.7629,148,23,0.617137,7,3
6554,15,15,0,4206.0642,15500.3212,172,31,1.677175,7,2
6555,13,13,0,4020.3402,15486.7011,144,28,0.796580,7,2
6556,15,15,0,4560.7613,18223.8063,141,28,0.656348,7,2
6557,14,14,0,4236.9248,16444.6241,148,36,1.955073,7,2
6558,15,15,0,3977.3696,14566.8481,166,32,3.828629,7,2
6559,13,13,0,3364.9047,12449.5234,136,26,1.335272,6,2
6560,13,13,0,3401.0137,12865.0684,128,20,2.055495,6,2
6561,13,13,0,4072.7351,15023.6753,168,30,0.859339,7,2
6562,10,10,0,2965.2747,10191.3737,146,19,0.561872,7,2
6563,10,10,0,3206.1588,11245.7939,152,23,0.561242,7,3
6564,14,14,0,3714.4388,13617.1941,153,23,0.897498,7,2
6565,10,10,0,3682.6079,13883.0396,143,23,0.710044,7,2
6566,10,10,0,3441.3770,12111.8849,162,23,0.564032,7,2
6567,16,16,0,4553.2721,17606.3604,160,37,2.301035,7,2
6568,14,14,0,3990.3353,15451.6767,139,26,0.754361,7,2
6569,12,12,0,3729.3054,14321.5270,136,30,0.752548,6,2
6570,16,16,0,4250.7847,16078.9233,160,35,1.602639,7,2
6571,10,10,0,3459.3027,12856.5135,141,23,0.664174,7,2
6572,12,12,0,3618.5689,13632.8447,139,24,0.894424,6,2
6573,15,15,0,5055.0462,19140.2308,192,32,0.860071,7,2
6574,16,16,0,4044.6513,15138.2564,158,26,2.952274,7,2
6575,11,11,0,3556.6976,12648.4882,163,26,1.213723,7,2
6576,11,11,0,3254.2390,11691.1948,144,20,0.557102,6,2
6577,13,13,0,3780.1894,14725.9470,129,28,0.983213,7,2
6578,10,10,0,3261.3008,11206.5038,162,23,0.998729,7,3
6579,13,13,0,3662.1233,13625.6163,146,26,1.968063,7,2
6580,14,14,0,4315.0913,16805.4563,148,33,1.737127,7,2
6581,10,10,0,3450.3681,11946.8403,169,25,1.161544,7,2
6582,13,13,0,3440.4895,12192.4476,157,28,1.980477,7,2
6583,14,14,0,4154.5435,15137.7174,177,31,1.311506,7,2
6584,10,10,0,2986.9779,10539.8893,139,24,0.588242,6,2
6585,13,13,0,3675.9079,12779.5393,176,27,0.763618,7,2
6586,11,11,0,3046.9972,10964.9858,134,21,0.531104,6,2
6587,13,13,0,3478.9357,12604.6785,149,24,0.718413,7,2
6588,13,13,0,3643.5577,13772.7885,138,25,1.504617,7,2
6589,12,12,0,3657.9017,13614.5087,146,26,0.985632,7,2
6590,16,16,0,3253.2578,10836.2892,168,25,1.291559,7,2
6591,12,12,0,3202.7146,11348.5728,146,23,0.550291,7,2
6592,11,11,0,3346.8688,12389.3438,136,24,0.788930,7,2
6593,13,13,0,3534.0400,13050.2001,144,23,0.494141,6,2
6594,16,16,0,4408.0904,17140.4522,151,38,1.409873,7,2
6595,12,12,0,3656.7848,13723.9238,143,28,0.631979,7,2
6596,12,12,0,3451.0922,12710.4612,142,25,2.046683,7,2
6597,14,14,0,3862.6238,14568.1188,148,28,2.236904,7,2
6598,15,15,0,4599.7023,17348.5113,178,34,2.366977,7,3
6599,13,13,0,4192.4145,15292.0725,179,30,1.809355,7,2
6600,15,15,0,3105.9980,10304.9899,162,26,1.758200,6,2
6601,12,12,0,4078.2143,16026.0714,138,29,0.792084,6,2
6602,12,12,0,3875.9236,14274.6179,161,27,1.084688,7,2
6603,12,12,0,3422.0990,12545.4951,143,26,1.269487,7,2
6604,12,12,0,3307.8553,12289.2766,132,24,1.912350,7,2
6605,11,11,0,3977.8601,15179.3004,149,30,0.726754,7,2
6606,14,14,0,3305.1111,11905.5553,143,24,1.215688,7,2
6607,11,11,0,3487.6450,12368.2249,161,27,1.112597,7,3
6608,12,12,0,3141.5268,11482.6339,132,23,0.780778,6,2
6609,13,13,0,3753.1266,14705.6328,125,24,1.444105,6,2
6610,14,14,0,3693.9175,13959.5877,140,25,0.744806,6,2
6611,13,13,0,3969.2464,14866.2322,156,29,0.610233,7,2
6612,11,11,0,3307.3263,11871.6317,147,21,0.674717,7,2
6613,12,12,0,3492.2365,12596.1827,153,26,1.348880,7,2
6614,16,16,0,4389.9383,16349.6913,173,34,0.970108,7,2
6615,11,11,0,3571.5016,12877.5079,157,25,0.810540,7,2
6616,11,11,0,3381.8618,12664.3088,133,26,1.121546,6,2
6617,13,13,0,3737.8340,14059.1701,144,27,0.709238,6,3
6618,13,13,0,3497.4108,13347.0541,128,23,1.666842,7,2
6619,11,11,0,3814.9655,14274.8275,151,23,0.572553,7,3
6620,13,13,0,3902.1002,13970.5010,175,39,2.501645,7,2
6621,11,11,0,3402.7711,12533.8554,141,21,0.742343,6,2
6622,13,13,0,3914.2599,14406.2997,162,28,0.839821,7,3
6623,13,13,0,3566.3380,11991.6902,184,27,2.180999,7,2
6624,11,11,0,4812.9288,16944.6441,246,28,1.790508,7,2
6625,11,11,0,2927.1791,10495.8954,129,19,0.865605,5,2
6626,16,16,0,4079.2346,14941.1729,169,31,2.970262,7,2
6627,10,10,0,3580.6302,13583.1509,136,20,0.681127,7,2
6628,10,10,0,3567.1246,13105.6229,150,23,0.665924,7,2
6629,10,10,0,3630.7573,12828.7867,170,26,2.049793,7,2
6630,10,10,0,3351.5518,12077.7591,148,25,0.709859,6,2
6631,15,15,0,3961.4617,14292.3083,173,34,2.962558,7,2
6632,12,12,0,3923.6760,14328.3801,167,29,1.280412,7,2
6633,14,14,0,3936.4164,15162.0819,140,31,1.335732,7,2
6634,11,11,0,3184.3646,11321.8229,145,23,0.811999,7,2
6635,13,13,0,3372.8384,12109.1918,148,26,1.167299,7,2
6636,15,15,0,4268.7090,16343.5448,155,34,3.747523,7,2
6637,15,15,0,3726.6325,14088.1624,140,31,2.118151,7,2
6638,14,14,0,4376.9749,16324.8743,174,29,1.366778,7,2
6639,12,12,0,3750.6220,14108.1099,145,29,4.471542,6,2
6640,14,14,0,4517.6338,17178.1691,170,30,1.388865,7,2
6641,11,11,0,3548.0813,13230.4066,143,25,0.782765,7,2
6642,14,14,0,3344.4927,11392.4636,166,28,1.389728,7,2
6643,11,11,0,3844.0488,14480.2438,150,26,0.647540,7,2
6644,15,15,0,3889.4701,13877.3505,174,27,1.382702,7,2
6645,10,10,0,3365.3414,12741.7072,128,21,1.075012,7,2
6646,11,11,0,3676.1520,13225.7602,163,26,0.634516,7,2
6647,14,14,0,4213.7367,16338.6833,147,33,2.548565,7,2
6648,10,10,0,3538.4947,13037.4735,147,23,0.533371,7,2
6649,11,11,0,3722.2173,14121.0867,141,23,0.742219,7,2
6650,14,14,0,3927.0336,14385.1681,164,30,1.055593,7,2
6651,10,10,0,3096.6426,10833.2129,147,21,0.648488,6,2
6652,11,11,0,3342.1344,11960.6722,149,21,0.681495,7,2
6653,10,10,0,3702.1357,14245.6785,134,22,0.675154,7,2
6654,11,11,0,2997.6040,10578.0201,138,20,0.763329,7,3
6655,11,11,0,3582.0238,12900.1192,159,21,0.487678,7,3
6656,10,10,0,3605.2736,13211.3679,153,22,0.937068,7,2
6657,12,12,0,3839.3087,14121.5435,160,24,1.170545,7,3
6658,12,12,0,3077.7826,11403.9128,124,24,0.796882,6,2
6659,15,15,0,4073.5980,15442.9901,152,24,2.006548,7,2
6660,11,11,0,3945.3401,14691.7003,158,27,2.254182,7,2
6661,11,11,0,3339.2803,12066.4015,146,24,0.571928,7,2
6662,12,12,0,3970.5388,14077.6941,183,29,2.148245,7,3
6663,16,16,0,4199.6776,15318.3879,177,36,3.485615,7,2
6664,14,14,0,3873.7301,14133.6506,163,26,0.528227,7,2
6665,10,10,0,3776.5628,14612.8142,135,23,0.618357,7,2
6666,13,13,0,3811.1952,14300.9761,149,29,0.814049,7,2
6667,16,16,0,4029.0754,15205.3770,151,28,0.937345,7,2
6668,11,11,0,3273.2269,12121.1347,133,21,1.201270,7,2
6669,13,13,0,3626.3075,13441.5376,146,25,0.545118,7,3
6670,15,15,0,4264.4533,16227.2667,158,33,0.724495,7,2
6671,15,15,0,5059.5803,19737.9016,174,39,2.206205,7,2
6672,11,11,0,3931.6787,14563.3933,161,23,0.623156,7,2
6673,10,10,0,3296.9391,12014.6956,142,28,0.715703,6,2
6674,10,10,0,3575.8903,13374.4516,142,24,0.868957,7,2
6675,12,12,0,3441.3350,12416.6752,150,23,1.033204,7,2
6676,11,11,0,3498.7759,13013.8794,141,25,1.189644,7,2
6677,14,14,0,3396.4738,11272.3690,179,29,0.779888,7,2
6678,12,12,0,4643.4881,18347.4406,153,26,0.727523,7,2
6679,11,11,0,3374.2751,12746.3754,129,23,0.901657,7,2
6680,14,14,0,3513.4296,12092.1479,171,25,1.101389,7,2
6681,15,15,0,4108.2265,14961.1325,174,29,2.706650,7,2
6682,12,12,0,4402.4824,16387.4121,182,28,0.667796,7,2
6683,11,11,0,4282.6210,16618.1051,152,29,0.593580,7,2
6684,16,16,0,4331.3292,16336.6460,164,31,1.431573,7,2
6685,14,14,0,4003.0697,14780.3486,163,27,1.925261,7,2
6686,11,11,0,3709.7024,13853.5118,149,27,0.572720,7,2
6687,12,12,0,3794.9655,14579.8277,137,23,1.288165,7,2
6688,16,16,0,3756.4882,13357.4410,168,30,0.877265,7,2
6689,13,13,0,3618.9974,13644.9868,139,28,0.621368,7,2
6690,10,10,0,4076.7550,15198.7749,168,24,0.667104,7,3
6691,15,15,0,3590.7594,13593.7970,133,25,1.660253,7,2
6692,15,15,0,4045.4933,15537.4667,145,33,1.666505,7,2
6693,14,14,0,3469.5007,11967.5034,169,27,2.054276,7,2
6694,12,12,0,4337.7146,16068.5730,178,23,0.702889,7,2
6695,11,11,0,4107.7209,16058.6043,141,28,0.461273,7,2
6696,12,12,0,3589.2404,12776.2020,162,26,0.703499,7,3
6697,16,16,0,3543.6421,12448.2104,163,28,1.505808,7,2
6698,15,15,0,4029.2447,14891.2237,163,34,3.101964,7,2
6699,13,13,0,4047.1871,15330.9355,154,27,0.757108,7,2
6700,13,13,0,3566.8979,13089.4897,148,23,0.926425,7,4
6701,15,15,0,3734.5873,14272.9365,135,26,2.671327,6,2
6702,14,14,0,3781.7070,13763.5349,160,32,4.171121,7,2
6703,12,12,0,3715.7273,13408.6363,164,27,1.091194,7,2
6704,14,14,0,3712.9950,13689.9752,151,28,1.355680,7,2
6705,11,11,0,3597.2012,13481.0060,142,26,0.610969,6,2
6706,15,15,0,3569.1013,12110.5063,179,27,3.192640,6,2
6707,12,12,0,3967.1017,15680.5084,129,26,0.887102,7,2
6708,11,11,0,3466.1982,12945.9909,138,24,0.818069,7,2
6709,15,15,0,3955.9075,15579.5373,128,30,2.348121,7,2
6710,11,11,0,3895.1837,14630.9185,153,32,0.845497,7,2
6711,14,14,0,3986.2739,14751.3696,161,28,0.743577,7,2
6712,11,11,0,3080.3567,10666.7833,149,22,1.040727,7,2
6713,10,10,0,3303.4781,11897.3903,146,21,0.577513,7,2
6714,10,10,0,4482.9632,17254.8160,164,27,0.577795,7,3
6715,15,15,0,3623.5457,13917.7286,128,27,3.326308,7,3
6716,16,16,0,4227.4426,16237.2131,151,30,2.746772,7,2
6717,11,11,0,3484.3903,12571.9515,153,26,1.784731,7,3
6718,15,15,0,3711.7665,13563.8327,155,28,3.913999,6,2
6719,10,10,0,3491.9854,13244.9269,133,24,0.718562,7,2
6720,14,14,0,3281.7648,11343.8241,157,28,3.267096,7,2
6721,11,11,0,3884.9728,14039.8640,172,32,0.816396,7,2
6722,11,11,0,3383.1625,12160.8126,150,25,0.796339,7,2
6723,15,15,0,4730.0538,16045.2689,241,40,3.238856,7,2
6724,10,10,0,4176.4084,12912.0422,279,21,0.480145,7,2
6725,13,13,0,3790.5280,13902.6402,158,28,3.159016,7,2
6726,11,11,0,3035.1855,10995.9276,131,22,1.041690,6,2
6727,16,16,0,4201.2199,15846.0997,159,30,1.279577,7,2
6728,13,13,0,3600.2447,13531.2236,139,27,1.293679,7,2
6729,16,16,0,3403.9354,12339.6770,143,23,2.101202,7,2
6730,13,13,0,3649.1667,13780.8334,139,29,1.355957,6,2
6731,12,12,0,4803.3468,19596.7341,138,30,0.696650,7,2
6732,13,13,0,3891.8360,14789.1801,145,21,1.032756,7,2
6733,16,16,0,3919.9176,14239.5882,166,32,2.777389,7,2
6734,16,16,0,3964.2849,14866.4245,152,29,2.094488,7,2
6735,12,12,0,3750.5506,14422.7528,135,26,1.079529,6,2
6736,15,15,0,4069.2997,15061.4984,165,33,0.678165,7,3
6737,15,15,0,4429.4448,15797.2241,200,35,1.836273,7,2
6738,14,14,0,4493.2998,16766.4989,179,33,1.076549,7,2
6739,12,12,0,3689.2073,13956.0366,141,25,0.993627,7,2
6740,13,13,0,3574.1373,13640.6864,131,26,2.411300,7,2
6741,14,14,0,3739.9792,13654.8958,157,27,1.347887,7,2
6742,11,11,0,3145.4316,11457.1581,133,20,1.112068,7,2
6743,12,12,0,3469.5274,12767.6369,143,21,1.176804,7,2
6744,16,16,0,4214.0377,15820.1887,162,33,2.471471,7,2
6745,14,14,0,3963.9113,15349.5563,138,25,2.029758,7,2
6746,15,15,0,3782.5029,13237.5146,178,35,2.456298,6,2
6747,10,10,0,3422.9738,12384.8690,150,22,1.964585,7,2
6748,16,16,0,4295.1109,16175.5546,163,31,2.206770,7,2
6749,15,15,0,3699.8156,12899.0779,174,24,1.127724,7,2
6750,16,16,0,4153.9596,15324.7979,169,37,2.033475,7,2
6751,10,10,0,3705.5822,13817.9111,149,23,0.890278,6,2
6752,14,14,0,3724.1961,14360.9804,131,27,1.273184,7,2
6753,14,14,0,3859.6581,14168.2903,160,33,1.355623,7,2
6754,10,10,0,4071.3071,15681.5355,148,28,1.122918,7,3
6755,12,12,0,3192.5226,11352.6132,144,26,1.274480,6,2
6756,14,14,0,3576.0167,12740.0836,160,27,1.927494,7,2
6757,15,15,0,3532.6594,13163.2972,138,24,1.409466,7,2
6758,14,14,0,3649.7259,12608.6295,177,29,2.014723,7,2
6759,13,13,0,3585.4566,12852.2830,159,24,1.276915,7,2
6760,10,10,0,3436.5003,11962.5015,166,26,0.775921,7,2
6761,10,10,0,3401.1150,12315.5752,149,23,0.575501,7,2
6762,11,11,0,3177.2846,10951.4230,156,23,0.659596,7,2
6763,11,11,0,4040.2459,15421.2295,151,24,0.703650,7,3
6764,15,15,0,4213.9881,16099.9406,155,34,2.580837,7,2
6765,16,16,0,3418.6199,12583.0994,138,28,3.845583,7,2
6766,14,14,0,3571.7960,13028.9798,150,28,1.381241,6,2
6767,13,13,0,3953.9552,14814.7758,155,27,2.835583,7,2
6768,10,10,0,4468.7919,15268.9593,246,23,1.256311,7,2
6769,12,12,0,3287.3907,12061.9534,136,21,0.748232,6,2
6770,15,15,0,4763.6897,18973.4487,150,30,2.890751,7,2
6771,14,14,0,3947.6918,15008.4592,147,28,1.060543,7,2
6772,13,13,0,3984.0454,15285.2268,145,24,1.080738,7,2
6773,15,15,0,3545.0437,13310.2186,135,27,1.495596,6,2
6774,16,16,0,3701.6770,13223.3851,163,31,0.619143,7,2
6775,11,11,0,3499.7793,12728.8963,150,19,0.431294,7,3
6776,10,10,0,2907.0461,10470.2304,127,19,0.723121,6,2
6777,12,12,0,3641.4659,13527.3293,147,23,1.290750,7,2
6778,10,10,0,3225.9781,11624.8906,142,23,1.824195,7,2
6779,15,15,0,3544.2626,12916.3130,148,30,2.147670,7,2
6780,13,13,0,4303.5768,16682.8838,152,25,1.513260,7,3
6781,12,12,0,3302.6207,12113.1034,137,26,0.795363,7,2
6782,15,15,0,3618.9612,12709.8062,168,32,2.171276,7,2
6783,12,12,0,3528.2971,12671.4856,156,23,0.501933,7,2
6784,14,14,0,3765.4907,13767.4537,158,31,1.027699,7,2
6785,16,16,0,4006.1491,15080.7455,153,25,2.713562,7,2
6786,15,15,0,3419.3633,12351.8164,146,27,1.526943,6,2
6787,10,10,0,3574.1436,13165.7180,149,23,0.562341,7,2
6788,14,14,0,4153.9750,15804.8748,155,30,0.931375,7,2
6789,12,12,0,3488.7086,12848.5432,144,25,1.115271,7,2
6790,11,11,0,3189.0619,11040.3095,155,22,0.565010,7,2
6791,11,11,0,3922.7398,15143.6990,141,26,0.688829,7,3
6792,16,16,0,3907.2392,14826.1960,144,28,1.366359,7,2
6793,14,14,0,3381.7795,11653.8973,164,27,2.718681,7,2
6794,14,14,0,4034.1535,14990.7675,162,31,1.719958,7,2
6795,11,11,0,3717.0476,14300.2382,135,24,0.724621,7,2
6796,11,11,0,3795.6041,14383.0203,145,27,1.402806,7,2
6797,13,13,0,3844.3340,14051.6700,162,27,1.764542,7,2
6798,10,10,0,3661.5556,12902.7781,173,25,1.567946,7,2
6799,10,10,0,3344.2739,12236.3693,142,19,0.991918,7,2
6800,11,11,0,3185.3192,12051.5961,121,22,0.680334,6,2
6801,12,12,0,3248.6177,11523.0887,148,24,0.826952,7,2
6802,13,13,0,3660.0294,13000.1470,166,26,3.622281,7,2
6803,12,12,0,3744.8763,13844.3814,153,24,0.557465,7,2
6804,14,14,0,3666.5943,13252.9714,159,27,1.478313,7,2
6805,14,14,0,4330.3821,16786.9103,151,25,0.659129,7,2
6806,12,12,0,4065.3621,15656.8105,146,28,0.916485,7,2
6807,16,16,0,4635.9489,18194.7443,154,34,4.384847,7,2
6808,16,16,0,4119.8586,16474.2928,125,29,1.058381,7,2
6809,15,15,0,3498.1748,12795.8742,145,28,2.304705,7,2
6810,12,12,0,3324.7124,12133.5619,140,22,0.790612,7,2
6811,16,16,0,4048.0068,15095.0339,159,32,1.512020,7,2
6812,13,13,0,3627.9223,13684.6114,139,28,1.451224,7,2
6813,12,12,0,2902.8053,10269.0265,132,27,1.825942,5,2
6814,12,12,0,3696.9532,13729.7660,149,27,1.182333,7,2
6815,15,15,0,4143.1661,15265.8305,170,32,2.190726,7,2
6816,10,10,0,3442.2053,12801.0266,139,23,1.253391,7,2
6817,16,16,0,4235.2869,15631.4343,172,33,1.643114,7,2
6818,12,12,0,3455.1763,12545.8817,148,23,1.311564,7,2
6819,10,10,0,3486.8104,12559.0521,155,24,1.458255,7,2
6820,13,13,0,4269.7873,16683.9364,146,33,0.819458,7,2
6821,10,10,0,3452.7132,13078.5660,131,17,1.122643,7,2
6822,12,12,0,3751.1200,14085.6001,147,30,1.116692,7,3
6823,14,14,0,4710.6542,18133.2712,170,36,0.816534,7,3
6824,15,15,0,3531.3933,12481.9663,162,33,1.482975,6,2
6825,10,10,0,3860.1392,14490.6962,153,27,2.132608,7,2
6826,12,12,0,2932.2864,10596.4318,126,21,1.600058,6,2
6827,10,10,0,3038.6254,10733.1268,141,24,1.224045,7,2
6828,10,10,0,2843.2497,10331.2487,122,21,0.564288,6,2
6829,11,11,0,3491.6828,12783.4142,147,23,1.390862,7,2
6830,11,11,0,3674.5641,14042.8206,136,23,0.886781,6,2
6831,10,10,0,3658.5243,13307.6217,158,23,0.503442,7,2
6832,12,12,0,3814.0695,14265.3474,151,24,0.711353,7,2
6833,11,11,0,3640.5096,12807.5480,171,28,1.164029,7,2
6834,16,16,0,4215.4452,15732.2259,165,29,0.785053,7,2
6835,13,13,0,3904.7309,14903.6545,144,25,1.460373,7,2
6836,12,12,0,3950.0706,14870.3528,153,26,1.111544,7,2
6837,12,12,0,3410.9670,12659.8348,137,28,1.662132,6,2
6838,11,11,0,3861.6239,14078.1196,166,26,1.232564,7,3
6839,11,11,0,3855.0558,15045.2792,132,24,2.280575,7,2
6840,15,15,0,3834.3794,13706.8972,170,27,2.059575,7,2
6841,10,10,0,3358.5254,12602.6271,132,21,0.641305,7,2
6842,16,16,0,4308.1915,16055.9573,170,37,3.630628,7,2
6843,14,14,0,4507.4130,17392.0649,160,31,0.795467,7,2
6844,11,11,0,3921.9565,15354.7827,133,25,0.653214,7,2
6845,12,12,0,3990.5217,15537.6087,138,27,1.039467,7,2
6846,14,14,0,3905.6453,14638.2264,152,30,0.945414,6,2
6847,12,12,0,3989.4903,15522.4513,139,21,0.582956,7,2
6848,11,11,0,3423.4041,13042.0204,127,19,1.279646,6,2
6849,13,13,0,3631.8779,13174.3896,155,25,0.704202,7,2
6850,15,15,0,4165.4557,15117.2787,179,34,2.120694,7,3
6851,16,16,0,4205.9333,15604.6665,169,32,0.864928,7,2
6852,16,16,0,3454.4937,11132.4686,192,29,1.364939,7,2
6853,12,12,0,4080.9365,15789.6823,145,26,0.781716,7,2
6854,12,12,0,4373.0136,13965.0681,273,25,1.578784,7,2
6855,10,10,0,4045.2841,15681.4203,144,25,0.818902,7,3
6856,10,10,0,3320.9113,12719.5565,122,23,1.400465,7,2
6857,12,12,0,3548.5280,13147.6402,143,26,0.872618,7,2
6858,14,14,0,3385.0366,12085.1829,150,23,0.848243,6,2
6859,12,12,0,3103.3525,11121.7623,137,27,1.190878,5,2
6860,15,15,0,4172.3350,16126.6750,146,25,0.763252,7,2
6861,12,12,0,3910.3002,14766.5011,149,24,1.699444,7,2
6862,15,15,0,3604.9434,13169.7168,150,25,0.938985,6,2
6863,15,15,0,3885.7532,13693.7661,179,30,1.271119,7,2
6864,10,10,0,2808.5306,10302.6529,117,17,1.340559,5,2
6865,10,10,0,2612.5738,8927.8688,130,18,1.009362,5,2
6866,16,16,0,4258.1748,16360.8741,151,34,2.756915,7,2
6867,16,16,0,3922.2568,14711.2842,151,31,1.423894,7,2
6868,15,15,0,3790.4421,13627.2104,166,32,0.920498,7,2
6869,15,15,0,4837.2745,19016.3726,160,28,1.164732,7,2
6870,12,12,0,3702.7968,13618.9839,154,27,0.618513,7,2
6871,15,15,0,3588.8722,12149.3609,181,28,2.216003,7,2
6872,12,12,0,4020.0886,15585.4431,141,24,0.787080,7,2
6873,12,12,0,3671.3705,13061.8527,167,27,0.831826,7,2
6874,11,11,0,3256.0077,11310.0386,157,25,0.774470,7,2
6875,11,11,0,3750.0229,13440.1147,168,31,0.758428,7,2
6876,16,16,0,4300.6346,16513.1728,154,32,1.075625,7,2
6877,15,15,0,4420.2021,15056.0107,223,39,1.961252,7,2
6878,14,14,0,4190.3971,16191.9853,148,27,0.862719,7,2
6879,16,16,0,4386.0807,16775.4035,159,30,1.950325,7,2
6880,11,11,0,3927.6804,15118.4018,142,22,0.645117,7,3
6881,14,14,0,3869.6343,14303.1715,157,29,2.300185,7,2
6882,13,13,0,3594.2478,13041.2388,154,28,2.104757,7,2
6883,16,16,0,3801.9383,14199.6916,148,31,0.996325,7,2
6884,14,14,0,4205.6675,16328.3373,146,29,0.821252,7,2
6885,13,13,0,4029.8989,15679.4945,139,29,1.462421,7,2
6886,11,11,0,3387.3806,13231.9031,115,23,1.683990,6,2
6887,10,10,0,3985.5506,15527.7529,139,25,0.843807,7,2
6888,16,16,0,3771.1331,13530.6654,166,31,2.405986,7,2
6889,13,13,0,3775.3185,13251.5923,177,29,2.067982,7,2
6890,14,14,0,4101.9598,15579.7989,153,29,1.505655,7,2
6891,16,16,0,3640.9382,13139.6909,156,24,1.155176,7,3
6892,14,14,0,3698.5231,13297.6154,162,31,0.596587,7,2
6893,11,11,0,3420.9082,12034.5409,160,27,0.712693,7,2
6894,16,16,0,4265.6008,16173.0041,160,33,2.828497,7,2
6895,13,13,0,4321.0423,16610.2113,157,35,1.147377,7,3
6896,14,14,0,3855.8944,14559.4719,146,25,1.625300,7,2
6897,11,11,0,3518.2096,12831.0482,150,21,1.019297,7,2
6898,12,12,0,3620.6173,13373.0865,148,25,1.646953,7,4
6899,13,13,0,3518.7242,12703.6209,153,27,0.834297,7,2
6900,14,14,0,3901.6593,14178.2966,166,28,2.124541,7,2
6901,11,11,0,3673.2921,13671.4606,148,24,0.715395,7,2
6902,14,14,0,3639.4959,13292.4796,152,23,0.832140,7,2
6903,16,16,0,4507.1935,17130.9673,168,32,1.846191,7,2
6904,13,13,0,3736.0542,14090.2709,143,27,2.295531,7,2
6905,11,11,0,3331.4210,12027.1049,146,24,1.699549,7,2
6906,14,14,0,3964.6428,15648.2141,128,26,2.050329,7,2
6907,11,11,0,3628.0864,12960.4322,163,24,0.972400,7,2
6908,10,10,0,3189.0073,11120.0367,153,23,0.681130,7,2
6909,16,16,0,3912.0954,14785.4770,147,29,2.062611,7,2
6910,13,13,0,4174.9567,16184.7833,147,33,2.121481,7,3
6911,13,13,0,3187.5299,11157.6493,149,23,0.758055,6,2
6912,10,10,0,3500.2016,12856.0080,147,23,0.564142,7,2
6913,11,11,0,3501.5992,12417.9959,161,24,2.498376,7,2
6914,11,11,0,3958.5307,14957.6536,152,24,0.619186,7,2
6915,15,15,0,3921.1658,14245.8288,167,30,2.513020,6,2
6916,15,15,0,3980.2495,14581.2475,166,25,1.164500,7,2
6917,15,15,0,3688.7522,13763.7611,144,24,0.592884,7,2
6918,15,15,0,4040.1715,15580.8575,142,24,0.602062,7,2
6919,11,11,0,3554.9270,12994.6350,151,27,0.746692,7,2
6920,16,16,0,4026.4234,14132.1170,187,32,2.390545,7,2
6921,14,14,0,3909.7541,13998.7706,174,31,0.866997,7,2
6922,16,16,0,3847.0720,14465.3600,147,28,0.644691,7,2
6923,11,11,0,3468.1481,12700.7405,146,22,0.643499,7,2
6924,10,10,0,3704.0151,13885.0757,146,22,0.540293,7,2
6925,15,15,0,3601.5386,13287.6932,145,26,2.478247,7,2
6926,13,13,0,3862.6048,15023.0242,133,29,2.298807,6,2
6927,16,16,0,4393.7673,16878.8363,158,34,1.312265,7,2
6928,10,10,0,3287.2170,11666.0851,151,25,0.786099,6,2
6929,13,13,0,3291.2635,11486.3173,155,22,1.789731,7,2
6930,10,10,0,2963.5455,10472.7274,137,20,0.984238,6,2
6931,13,13,0,3899.7855,15083.9274,137,24,1.410138,6,2
6932,11,11,0,3472.4285,13102.1427,133,20,0.535144,7,2
6933,15,15,0,3641.9012,13374.5060,149,25,1.934706,7,2
6934,13,13,0,3852.1897,14065.9487,163,25,1.196822,7,2
6935,11,11,0,3726.8905,14169.4524,140,26,1.067746,7,2
6936,16,16,0,3497.9825,12819.9127,143,25,1.460798,7,2
6937,14,14,0,3650.7470,13118.7349,161,24,0.846601,7,3
6938,11,11,0,3540.6038,12683.0190,159,22,0.506177,7,3
6939,11,11,0,3605.7012,13763.5061,134,24,1.437334,7,2
6940,10,10,0,3352.0056,11635.0281,163,24,0.680123,7,2
6941,16,16,0,3614.0092,13680.0458,133,29,1.988409,7,2
6942,16,16,0,3645.4791,13437.3956,147,25,2.430934,7,2
6943,12,12,0,3774.9289,14344.6443,142,25,0.974309,7,2
6944,12,12,0,3623.7600,13778.8002,135,22,1.256816,7,2
6945,14,14,0,3787.2469,13641.2343,166,28,0.843305,7,2
6946,15,15,0,4028.5018,15012.5092,160,36,1.178137,7,2
6947,13,13,0,4227.7158,16028.5788,160,33,0.822284,7,2
6948,10,10,0,2861.1159,10370.5797,123,17,0.794400,6,2
6949,11,11,0,3498.6814,13438.4070,127,24,1.105296,7,2
6950,10,10,0,3483.1391,12870.6956,144,20,0.532548,6,2
6951,12,12,0,3769.6210,13988.1051,153,27,2.649973,7,2
6952,10,10,0,3166.2104,11276.0519,144,24,0.758894,7,2
6953,10,10,0,3860.0717,13930.3587,171,26,0.845316,7,2
6954,15,15,0,3729.5964,13512.9819,160,32,2.685482,7,3
6955,16,16,0,4063.5423,14362.7113,186,32,2.010041,7,2
6956,16,16,0,4000.0229,15800.1147,128,26,1.206404,7,2
6957,11,11,0,4102.9171,15189.5856,169,25,1.429191,7,3
6958,15,15,0,3647.8304,12329.1519,185,31,1.105857,7,3
6959,12,12,0,4095.1256,15840.6279,145,30,1.398740,7,2
6960,13,13,0,3998.6944,15683.4719,135,31,0.946805,7,2
6961,15,15,0,3901.7678,14228.8390,164,29,2.930960,7,2
6962,16,16,0,4102.8478,15819.2391,144,28,1.018784,7,3
6963,11,11,0,3753.3970,13911.9852,153,26,0.987264,7,2
6964,12,12,0,3746.4046,13852.0228,153,26,1.584247,7,2
6965,10,10,0,3778.2996,14051.4981,154,26,0.617493,7,2
6966,10,10,0,3585.7609,13643.8045,136,30,0.913859,7,2
6967,15,15,0,4392.7007,16528.5036,170,36,2.729262,7,2
6968,10,10,0,3440.4996,12902.4978,136,26,1.201982,7,2
6969,12,12,0,3695.0313,13665.1563,151,25,2.307361,7,2
6970,10,10,0,3435.7614,12803.8072,138,18,0.686233,7,2
6971,13,13,0,3729.7626,13993.8131,145,23,0.887271,7,2
6972,11,11,0,3371.1036,12525.5179,135,26,0.730349,5,2
6973,10,10,0,3905.3602,14606.8010,156,24,0.632768,7,2
6974,11,11,0,3348.4057,12372.0286,138,24,0.578623,7,2
6975,11,11,0,3737.9858,14084.9290,145,23,0.546835,7,2
6976,15,15,0,4106.9883,13969.9413,207,33,0.884735,7,2
6977,12,12,0,3956.2739,15156.3696,145,26,0.971347,7,2
6978,10,10,0,3952.0759,14555.3794,167,34,0.763820,7,2
6979,13,13,0,3316.8618,11799.3089,149,25,3.432081,6,3
6980,14,14,0,4366.0622,17145.3110,145,26,1.437822,7,2
6981,15,15,0,3869.8010,13944.0049,168,24,0.605352,7,2
6982,13,13,0,4322.7002,16178.5010,172,31,2.349548,7,2
6983,15,15,0,3647.2233,13316.1164,153,27,2.921592,6,2
6984,10,10,0,3515.2434,12726.2171,154,22,0.769020,7,2
6985,10,10,0,3336.6570,11633.2849,161,22,0.619905,7,2
6986,11,11,0,3129.2622,11541.3112,127,20,1.334313,5,2
6987,15,15,0,3514.1140,12520.5702,156,25,2.614508,6,2
6988,14,14,0,4141.4528,16027.2640,145,33,0.883925,7,2
6989,14,14,0,3950.5794,14497.8968,164,33,2.792725,7,2
6990,11,11,0,3158.0362,11320.1808,141,23,0.901725,7,2
6991,15,15,0,4050.4220,14672.1100,174,32,1.388027,7,2
6992,13,13,0,3677.9794,13204.8972,162,28,0.574336,7,3
6993,10,10,0,2675.2691,9621.3453,118,21,0.951198,5,2
6994,16,16,0,3795.6953,13538.4765,169,29,3.028009,7,2
6995,10,10,0,3900.5314,15037.6571,141,23,0.538464,7,2
6996,11,11,0,4111.8714,16074.3568,141,28,0.794288,7,2
6997,11,11,0,3680.2419,14216.2095,131,26,0.773450,7,2
6998,16,16,0,4440.4631,16337.3156,183,34,1.730952,7,2
6999,12,12,0,3556.3044,12961.5219,151,22,0.830273,7,2
7000,11,11,0,2969.1626,10740.8131,128,22,2.625813,5,2
7001,12,12,0,3582.0919,13115.4597,150,27,0.748865,7,3
7002,16,16,0,3977.3237,14041.6184,183,33,1.899818,7,2
7003,14,14,0,3662.2794,13186.3972,159,28,2.193970,7,2
7004,14,14,0,3950.9600,14474.8002,165,29,1.383919,7,2
7005,13,13,0,3817.7337,14138.6686,156,36,1.535292,7,2
7006,13,13,0,3956.8168,15469.0842,134,27,1.244397,6,2
7007,12,12,0,3337.4728,12192.3640,140,21,1.969459,7,3
7008,10,10,0,3779.2756,14331.3782,145,25,0.514467,7,3
7009,11,11,0,3477.5072,13047.5358,136,22,1.353592,7,2
7010,11,11,0,3556.8889,12949.4443,152,23,0.717235,7,2
7011,15,15,0,4029.6333,14798.1664,167,31,3.390201,7,2
7012,10,10,0,2894.1638,10185.8189,135,18,1.530046,6,2
7013,16,16,0,3809.3231,13771.6156,163,25,2.650389,7,2
7014,14,14,0,4051.2854,15721.4270,140,27,1.200110,7,2
7015,10,10,0,3559.2220,12791.1100,159,24,0.616427,7,2
7016,15,15,0,4262.7089,16723.5443,141,26,1.397980,7,2
7017,14,14,0,4103.8150,15819.0749,147,43,2.232390,6,2
7018,14,14,0,3822.2710,13806.3549,166,31,2.496020,7,2
7019,14,14,0,3276.6635,11758.3173,143,25,1.953490,7,2
7020,12,12,0,4060.4717,15752.3585,142,24,1.176373,7,2
7021,16,16,0,3949.2871,14396.4355,166,35,2.688643,7,2
7022,14,14,0,4415.4258,17447.1288,144,28,2.631946,7,2
7023,10,10,0,3460.4700,12717.3498,145,22,1.223911,7,2
7024,16,16,0,4252.1794,15980.8971,163,28,1.784279,7,2
7025,15,15,0,3879.7715,14563.8576,149,28,1.595000,6,2
7026,10,10,0,2912.5912,10182.9562,138,18,0.497150,7,2
7027,11,11,0,3963.6015,15273.0077,144,34,1.782693,7,2
7028,14,14,0,3321.3464,11551.7319,158,23,0.882947,6,2
7029,12,12,0,3976.9610,14644.8051,165,26,2.877382,7,2
7030,13,13,0,4206.6424,16053.2121,156,27,2.742521,7,2
7031,16,16,0,3870.6557,14033.2787,164,30,1.712195,7,2
7032,14,14,0,3891.2588,14691.2938,148,29,0.949243,7,2
7033,16,16,0,3932.2585,14976.2924,144,33,2.383308,7,2
7034,11,11,0,3403.0407,12355.2034,147,27,0.697844,7,2
7035,11,11,0,3456.2761,12881.3805,138,25,0.826785,7,2
7036,13,13,0,4318.4644,15772.3222,184,30,0.843291,7,5
7037,10,10,0,2937.1596,10495.7979,132,20,0.869047,7,2
7038,11,11,0,3561.8327,13499.1636,135,23,1.063926,7,2
7039,15,15,0,3841.9669,14744.8347,137,26,2.157511,7,2
7040,14,14,0,4254.3036,15911.5180,168,27,0.969376,7,2
7041,11,11,0,3626.5908,13032.9541,161,26,1.087215,7,2
7042,11,11,0,3238.3644,11946.8220,133,24,2.514252,7,2
7043,14,14,0,3255.8446,11549.2232,147,29,3.235912,7,2
7044,14,14,0,4829.9315,18399.6576,181,30,0.808494,7,2
7045,11,11,0,3403.5176,12292.5882,149,23,0.629859,6,3
7046,12,12,0,3784.2103,14066.0515,153,30,0.785172,7,2
7047,13,13,0,3628.4641,13992.3205,128,26,1.864419,7,2
7048,10,10,0,4015.3145,14816.5725,167,27,1.169323,7,2
7049,16,16,0,4258.3660,15656.8299,175,32,2.799151,7,2
7050,14,14,0,3564.2116,12901.0581,152,23,1.600054,7,2
7051,10,10,0,3852.0021,14525.0103,150,26,0.569144,7,3
7052,10,10,0,3005.0244,11310.1221,116,20,0.984465,5,2
7053,13,13,0,4034.2420,15461.2099,147,27,1.322525,7,2
7054,13,13,0,5253.7596,17998.7980,284,35,2.168985,7,2
7055,11,11,0,5191.1435,21640.7177,135,25,0.501365,7,2
7056,11,11,0,3980.6350,14458.1752,173,30,0.748094,7,2
7057,13,13,0,3762.4744,14142.3722,145,26,1.441528,7,3
7058,14,14,0,3833.0409,14260.2046,152,25,2.553100,7,2
7059,10,10,0,3558.7700,13103.8498,149,20,0.504058,7,4
7060,13,13,0,3428.7415,12058.7076,159,26,2.244407,7,2
7061,13,13,0,3735.8982,14174.4909,140,24,2.826862,7,2
7062,15,15,0,4381.5633,16417.8163,173,31,0.687233,7,2
7063,10,10,0,3992.3190,14831.5952,163,24,1.551594,7,2
7064,10,10,0,3407.3669,12816.8346,133,22,0.660660,6,3
7065,16,16,0,4907.9559,16339.7797,280,28,1.064846,7,2
7066,16,16,0,3959.2554,14606.2770,160,27,1.334021,7,3
7067,14,14,0,3715.8062,13559.0312,157,28,1.041838,7,2
7068,16,16,0,4497.4333,18202.1664,130,26,1.824242,7,2
7069,16,16,0,3847.5511,14482.7555,146,30,2.841553,7,2
7070,13,13,0,3497.0391,12675.1955,150,25,1.042021,7,2
7071,13,13,0,4924.0522,19060.2608,177,41,1.482273,7,2
7072,10,10,0,3263.3980,11461.9898,154,27,0.727428,7,2
7073,16,16,0,3608.8329,12069.1644,185,30,0.998088,7,2
7074,11,11,0,3494.5961,12707.9806,150,22,0.672383,7,3
7075,13,13,0,4062.0148,15280.0738,158,31,2.590791,7,2
7076,10,10,0,4128.3919,13211.9597,260,19,0.669394,7,2
7077,13,13,0,3634.9779,13084.8893,159,25,0.925833,7,2
7078,15,15,0,3897.8243,14719.1216,147,27,1.608653,7,3
7079,10,10,0,3424.6206,12093.1028,160,21,0.654025,7,2
7080,13,13,0,3637.4165,13282.0823,153,27,2.499159,7,2
7081,11,11,0,3796.0204,14265.1020,149,25,0.732354,7,2
7082,16,16,0,4293.6011,15723.0057,179,31,2.129831,7,2
7083,14,14,0,4531.8865,16749.4326,186,36,3.555064,7,2
7084,10,10,0,3853.4512,14407.2559,155,28,1.148746,7,2
7085,16,16,0,4199.7434,15788.7170,161,34,2.660120,7,2
7086,12,12,0,3375.6880,12208.4400,146,23,0.753071,7,2
7087,11,11,0,3271.2786,12166.3929,131,23,0.914095,6,2
7088,16,16,0,4924.2513,18441.2563,193,36,3.518127,7,2
7089,12,12,0,3344.7782,12023.8908,147,24,0.602389,7,2
7090,15,15,0,3549.6649,11853.3244,185,31,0.818164,7,2
7091,15,15,0,4201.2202,15591.1008,169,33,3.803503,6,2
7092,14,14,0,3190.5198,11357.5990,143,27,2.114105,7,2
7093,10,10,0,3523.1159,13500.5797,130,23,1.307836,7,2
7094,15,15,0,4205.6630,15618.3151,169,29,0.990130,7,3
7095,13,13,0,4625.0083,18060.0416,159,25,1.825621,7,2
7096,11,11,0,3191.5149,10707.5744,166,20,0.445125,7,2
7097,10,10,0,3598.1180,13820.5898,131,22,0.892314,7,2
7098,14,14,0,3463.9606,12869.8029,137,25,2.056086,7,2
7099,13,13,0,3360.7011,12093.5053,147,26,1.164263,7,2
7100,13,13,0,4470.9156,16954.5779,170,37,4.569756,7,2
7101,11,11,0,3773.5042,13852.5209,158,24,0.706608,7,2
7102,12,12,0,4025.3592,15461.7962,146,31,1.200211,6,2
7103,10,10,0,3688.8572,13974.2858,141,24,1.000769,7,2
7104,11,11,0,4089.4346,15642.1729,153,26,0.882700,7,2
7105,13,13,0,3856.8350,14459.1749,151,26,1.395798,7,2
7106,15,15,0,4328.4341,16722.1707,152,30,2.026251,7,2
7107,15,15,0,3760.7319,13553.6595,163,29,1.561636,7,2
7108,16,16,0,4762.0724,18655.3618,160,35,1.425590,7,2
7109,15,15,0,4175.6367,15968.1835,152,35,0.754461,7,2
7110,15,15,0,3857.5692,13977.8460,165,32,1.250535,7,2
7111,14,14,0,3625.9947,13474.9735,144,25,1.620690,7,2
7112,11,11,0,4163.5755,15317.8775,175,35,1.239670,7,2
7113,15,15,0,3942.8426,14809.2130,151,29,2.023483,7,2
7114,16,16,0,3883.5685,14642.8423,146,24,1.607853,7,2
7115,16,16,0,4449.5257,16247.6283,187,32,2.253547,7,2
7116,12,12,0,4038.6445,15243.2225,156,28,0.958711,7,2
7117,11,11,0,5177.6676,17518.3379,293,26,0.594016,7,2
7118,10,10,0,3486.8446,12899.2228,144,25,0.920163,7,2
7119,14,14,0,3392.1512,12420.7559,140,26,1.335275,7,2
7120,13,13,0,4270.3305,16381.6523,156,35,3.678705,7,2
7121,16,16,0,4201.1586,15785.7928,161,25,0.622833,7,3
7122,16,16,0,3903.2057,14941.0286,140,28,0.477088,7,2
7123,10,10,0,3884.0905,14710.4523,150,24,0.560591,7,2
7124,14,14,0,4299.4247,16617.1234,152,31,0.714998,7,3
7125,10,10,0,3374.4245,12382.1225,142,22,1.440846,7,2
7126,11,11,0,3884.0740,14265.3698,163,27,1.097191,6,2
7127,11,11,0,3668.6057,14258.0284,128,23,1.503031,7,2
7128,13,13,0,4348.1373,16415.6864,167,33,0.680155,7,2
7129,15,15,0,3953.9201,14969.6003,148,28,0.766491,7,2
7130,16,16,0,4635.1106,17645.5530,172,31,2.016725,7,2
7131,15,15,0,3686.2967,13931.4837,138,25,1.841851,6,2
7132,10,10,0,3822.2465,14551.2326,144,23,0.596508,6,3
7133,15,15,0,3795.4884,13757.4418,163,30,1.185211,6,2
7134,11,11,0,3606.9758,13224.8792,152,29,0.727855,7,2
7135,16,16,0,3974.4727,14252.3636,175,37,1.977188,7,2
7136,12,12,0,3987.1519,15270.7593,146,29,1.320182,7,2
7137,16,16,0,4126.3696,14996.8478,175,31,1.693825,7,2
7138,12,12,0,4319.8802,16679.4011,155,29,1.515134,7,2
7139,14,14,0,3928.3080,14261.5401,168,28,1.733956,7,2
7140,10,10,0,3381.9933,12454.9663,141,21,0.640338,7,2
7141,13,13,0,4030.5857,15217.9287,154,25,0.584589,7,2
7142,12,12,0,3554.2419,12601.2094,163,30,1.704351,7,2
7143,15,15,0,4712.3377,18336.6885,162,34,1.817080,7,2
7144,12,12,0,3378.1453,12565.7266,135,32,1.675534,6,2
7145,12,12,0,4209.8894,15334.4471,181,31,0.761610,7,2
7146,13,13,0,3720.8175,13149.0875,172,26,1.914077,6,2
7147,14,14,0,3833.2641,14116.3207,157,24,1.716114,7,2
7148,10,10,0,3276.8508,11749.2538,147,21,0.859401,7,2
7149,12,12,0,3533.1929,13115.9645,142,24,1.358963,7,2
7150,15,15,0,4074.7062,14683.5311,178,32,0.983505,7,2
7151,14,14,0,3796.0801,14390.4007,142,25,0.996634,7,3
7152,10,10,0,3452.9782,12524.8911,151,31,1.258885,7,2
7153,13,13,0,3790.2223,13956.1116,157,30,1.480333,7,2
7154,11,11,0,3727.1475,13710.7376,156,24,0.657337,7,3
7155,15,15,0,4045.7921,15133.9604,159,34,1.037523,6,2
7156,12,12,0,4002.5682,15282.8408,148,22,0.979618,7,3
7157,11,11,0,2983.7494,9968.7470,156,18,0.460233,7,2
7158,12,12,0,3630.8219,13034.1095,161,25,1.939558,7,2
7159,16,16,0,3919.7918,14933.9589,143,32,4.105836,7,2
7160,15,15,0,4277.2793,16101.3967,165,37,1.144106,7,2
7161,16,16,0,3691.1114,13345.5569,158,28,0.928748,7,2
7162,11,11,0,2978.4873,10822.4366,127,20,2.354977,5,2
7163,15,15,0,4473.7426,17733.7132,143,34,1.504601,7,2
7164,10,10,0,3563.9983,13239.9913,145,23,0.514520,7,2
7165,14,14,0,3698.3243,13781.6214,146,28,1.239104,6,2
7166,15,15,0,3920.2508,14301.2540,165,29,2.235006,7,2
7167,14,14,0,3895.2434,14531.2171,155,31,2.116987,7,2
7168,13,13,0,3165.8881,11174.4404,145,27,2.426533,6,2
7169,11,11,0,3323.6576,11173.2879,173,27,1.035792,6,2
7170,12,12,0,3743.4697,14417.3487,134,26,0.829895,7,2
7171,12,12,0,3364.8969,11529.4845,167,26,0.595316,7,3
7172,15,15,0,3529.9596,12894.7978,147,26,0.753741,7,2
7173,14,14,0,4397.4417,16397.2085,175,28,1.571974,7,2
7174,16,16,0,4056.9655,15274.8277,154,36,0.839052,7,2
7175,16,16,0,4738.4504,18837.2520,150,39,3.044529,7,2
7176,13,13,0,4306.4336,16477.1680,159,30,0.599877,7,2
7177,13,13,0,3680.6217,13533.1083,152,25,1.069026,7,2
7178,14,14,0,3960.9453,14489.7267,166,28,2.608453,6,2
7179,13,13,0,3743.8877,13944.4386,149,25,1.985056,7,2
7180,16,16,0,3495.9324,12414.6622,156,25,0.960325,7,2
7181,15,15,0,3754.6843,13668.4217,158,30,1.009329,7,2
7182,16,16,0,5110.2356,20441.1780,158,33,1.369919,7,2
7183,13,13,0,3753.7681,14363.8404,137,29,1.149825,7,2
7184,15,15,0,4501.8521,16679.2606,182,32,0.665289,7,2
7185,12,12,0,4155.2882,15736.4408,159,26,0.770471,7,2
7186,10,10,0,2789.7854,9383.9271,144,22,2.360810,6,2
7187,10,10,0,3687.3795,13211.8977,166,30,0.787517,7,3
7188,12,12,0,3210.6233,11088.1164,156,26,1.394694,7,2
7189,15,15,0,3751.1750,13850.8749,152,27,1.672797,7,2
7190,14,14,0,3821.6188,14468.0940,144,29,1.280013,7,2
7191,13,13,0,3890.0082,14560.0412,153,32,1.318364,7,2
7192,16,16,0,4112.2315,15731.1575,148,29,0.869164,7,2
7193,13,13,0,3422.5645,12167.8226,155,27,2.703168,6,2
7194,12,12,0,3667.4827,13817.4134,141,25,1.116863,7,2
7195,15,15,0,3720.8003,13974.0017,143,27,1.741261,7,2
7196,12,12,0,3932.2679,14771.3396,154,29,0.950231,7,2
7197,14,14,0,3324.1249,12135.6246,139,24,2.345010,7,2
7198,10,10,0,3379.2230,12291.1152,146,24,0.629261,7,2
7199,16,16,0,4608.5283,17942.6414,158,30,2.660438,7,2
7200,12,12,0,3899.0487,14550.2434,155,25,0.586178,7,2
7201,15,15,0,4100.0878,15460.4392,156,32,1.445041,7,2
7202,13,13,0,3896.0890,14735.4451,148,29,1.356865,7,2
7203,13,13,0,4263.6592,16308.2959,157,27,0.701558,7,2
7204,11,11,0,3051.3563,11186.7813,127,22,0.822647,5,2
7205,11,11,0,3495.0643,12675.3216,151,24,1.879662,7,2
7206,13,13,0,4157.3842,15706.9212,159,28,0.600667,7,4
7207,12,12,0,3649.4882,13097.4411,162,23,1.953701,7,2
7208,10,10,0,3059.9060,10444.5301,154,20,0.620168,7,2
7209,10,10,0,3845.9057,14579.5285,148,28,0.719153,7,2
7210,10,10,0,4443.3409,16586.7044,180,39,3.000260,7,2
7211,13,13,0,3933.3124,14336.5622,168,33,3.412366,7,2
7212,15,15,0,3696.8022,13479.0111,155,28,1.700840,6,2
7213,12,12,0,4215.1149,16630.5746,139,26,0.715888,7,2
7214,16,16,0,3691.6163,13173.0817,164,31,2.868267,7,2
7215,11,11,0,4633.4500,17847.2500,168,26,0.817029,7,3
7216,12,12,0,3784.3233,14046.6165,153,22,0.632196,7,2
7217,14,14,0,4952.5374,19672.6869,159,29,0.804982,6,2
7218,12,12,0,3338.7222,12933.6109,116,23,1.511376,6,2
7219,15,15,0,4892.7727,19148.8635,166,36,1.700760,7,2
7220,16,16,0,3948.2048,14561.0240,160,30,0.650392,7,2
7221,16,16,0,4253.2510,15576.2549,177,31,0.947153,7,2
7222,13,13,0,4181.5419,15897.7097,157,29,0.690395,7,3
7223,12,12,0,3953.8471,14684.2353,160,27,0.582561,7,2
7224,12,12,0,3240.1784,12260.8919,121,24,2.383171,5,2
7225,10,10,0,3862.0208,14735.1040,145,27,0.628506,7,2
7226,15,15,0,3699.6295,13188.1475,165,32,1.601161,6,2
7227,16,16,0,4474.3532,16661.7659,178,37,1.940334,7,2
7228,16,16,0,3646.2122,13681.0610,139,33,1.632655,7,2
7229,14,14,0,3507.6013,12368.0067,161,23,1.595571,7,2
7230,13,13,0,3515.7190,11803.5952,182,28,1.493538,7,3
7231,13,13,0,3838.7575,14183.7877,156,26,1.541125,7,2
7232,11,11,0,3418.9108,12604.5540,141,25,2.176103,7,2
7233,12,12,0,3481.9999,12474.9996,155,27,0.781870,7,2
7234,10,10,0,3216.1360,11880.6802,132,17,0.911318,7,3
7235,15,15,0,3279.1212,12040.6059,133,24,2.574814,6,2
7236,13,13,0,3786.4881,13757.4403,162,30,0.708153,7,2
7237,13,13,0,3761.0554,14125.2771,145,21,0.759999,7,2
7238,10,10,0,3243.7326,11413.6632,152,20,0.651641,7,2
7239,14,14,0,3376.3464,11886.7322,155,24,0.877561,7,2
7240,16,16,0,3367.4040,12592.0202,128,25,2.297111,7,2
7241,12,12,0,3858.1056,13680.5278,178,28,2.261352,7,2
7242,13,13,0,3786.9010,13844.5052,159,30,1.159623,7,2
7243,14,14,0,4415.2999,17331.4993,148,33,1.073699,7,2
7244,11,11,0,3390.8200,12304.0999,146,21,0.649806,7,2
7245,11,11,0,3355.5111,12852.5554,123,23,0.643346,6,2
7246,10,10,0,3206.9387,11714.6933,136,25,0.680250,7,2
7247,16,16,0,3504.5941,11507.9703,188,28,2.556334,7,2
7248,14,14,0,4365.6907,16473.4534,167,31,1.673649,7,2
7249,13,13,0,3545.8189,12909.0945,151,30,0.668949,7,2
7250,16,16,0,3683.4659,13097.3297,165,34,1.810059,7,2
7251,14,14,0,3797.8630,13704.3150,165,25,0.855902,7,2
7252,11,11,0,3384.3369,12681.6846,133,24,0.789358,7,2
7253,12,12,0,3494.9528,12254.7638,164,31,0.923220,7,2
7254,15,15,0,4934.5764,19487.8819,160,30,2.583599,7,2
7255,15,15,0,3597.1848,13495.9241,138,26,1.146950,7,2
7256,16,16,0,3836.6100,13698.0500,170,30,1.001111,7,2
7257,12,12,0,3670.7285,13453.6423,153,23,1.015350,6,2
7258,13,13,0,3553.5448,12752.7241,157,27,1.094423,7,2
7259,12,12,0,3896.4341,14707.1706,150,28,0.662492,7,2
7260,14,14,0,4483.2939,17246.4693,161,35,0.732335,7,2
7261,13,13,0,3347.2332,12436.1659,133,21,0.668094,6,3
7262,13,13,0,3482.4657,13187.3283,130,22,0.910456,7,2
7263,10,10,0,3387.3579,12126.7896,153,20,0.461038,7,2
7264,14,14,0,4190.2552,15571.2759,168,29,2.978135,7,2
7265,14,14,0,3771.7647,14318.8235,141,29,1.933760,6,2
7266,14,14,0,4061.6942,14688.4708,177,34,1.774551,7,4
7267,15,15,0,3934.2745,14671.3725,155,30,0.628034,7,2
7268,14,14,0,3842.1972,13930.9861,165,29,1.050337,7,2
7269,10,10,0,3182.3117,11831.5583,128,20,1.181390,6,2
7270,10,10,0,3612.7199,12998.5995,162,24,0.743214,7,2
7271,13,13,0,3839.4867,14247.4334,155,29,0.895880,7,2
7272,14,14,0,4162.1907,14970.9533,184,32,1.202717,7,2
7273,16,16,0,3823.3814,14256.9069,150,28,1.547216,7,2
7274,10,10,0,3331.4803,12307.4013,136,20,0.865125,7,2
7275,13,13,0,3740.1027,13835.5137,152,27,0.682092,7,3
7276,12,12,0,3822.7734,14378.8669,148,25,1.536296,7,2
7277,10,10,0,3276.9747,11779.8737,146,20,1.576333,7,3
7278,15,15,0,4118.9995,15449.9976,160,29,0.787928,7,3
7279,15,15,0,4111.1055,15635.5274,152,29,0.853555,7,3
7280,13,13,0,3524.9687,12129.8435,173,33,1.722242,7,2
7281,14,14,0,3933.1031,14735.5155,154,31,2.036675,7,2
7282,11,11,0,3407.1791,12435.8955,145,23,0.601630,7,2
7283,15,15,0,5248.9894,18809.9471,258,29,1.316639,7,2
7284,13,13,0,3659.0107,13165.0535,161,27,0.904088,7,3
7285,11,11,0,3260.5278,11812.6389,141,23,0.658356,7,2
7286,11,11,0,3191.6730,11338.3649,145,25,0.826392,6,2
7287,15,15,0,3379.8648,11944.3238,153,25,1.497989,7,2
7288,12,12,0,3224.1959,11640.9794,139,21,1.138786,6,2
7289,15,15,0,4594.9456,18484.7278,138,30,0.573257,7,2
7290,16,16,0,3764.1165,13730.5827,157,28,2.549264,7,2
7291,12,12,0,3716.4358,14022.1788,143,25,1.065255,7,2
7292,16,16,0,3843.1711,14410.8553,148,32,0.828382,7,2
7293,14,14,0,4554.2595,16866.2976,186,34,2.065408,7,3
7294,16,16,0,4074.3355,15531.6775,149,29,2.527240,7,3
7295,13,13,0,3910.7285,14768.6426,149,26,0.776732,7,2
7296,16,16,0,3458.9564,12009.7818,164,32,1.383253,7,2
7297,11,11,0,3445.3201,12326.6006,154,22,0.611259,7,2
7298,15,15,0,4193.0268,15620.1342,166,34,2.964535,6,2
7299,16,16,0,3903.6125,13998.0624,171,26,2.710372,7,2
7300,16,16,0,3487.2121,12656.0603,147,25,1.457701,7,2
7301,13,13,0,3796.6268,13253.1341,180,25,0.621586,7,2
7302,11,11,0,4277.2846,16511.4232,154,30,0.872061,7,2
7303,14,14,0,4217.6491,16038.2454,158,31,0.917608,7,2
7304,13,13,0,3093.5249,10747.6245,147,24,1.638469,7,2
7305,12,12,0,3774.5082,13497.5409,168,25,1.378229,7,2
7306,14,14,0,3503.4588,12922.2942,142,26,1.244536,7,2
7307,15,15,0,3652.6277,12318.1383,186,29,2.572486,7,2
7308,13,13,0,4442.7017,16853.5085,168,23,0.557384,7,2
7309,12,12,0,3727.1573,14055.7866,144,28,0.868244,7,2
7310,12,12,0,4319.3129,15876.5645,181,33,0.788006,7,2
7311,15,15,0,4252.7698,15958.8490,165,31,1.051490,7,2
7312,13,13,0,3510.4715,12597.3575,155,27,1.177325,7,2
7313,10,10,0,3490.8278,12929.1392,143,20,0.727960,7,2
7314,15,15,0,4920.7161,19093.5804,172,36,3.188415,7,2
7315,15,15,0,3844.8502,14074.2512,160,31,1.700676,7,2
7316,15,15,0,3972.3444,14796.7220,156,31,1.062808,7,2
7317,15,15,0,4378.8320,16459.1599,169,29,2.108345,7,2
7318,13,13,0,3773.3152,14931.5762,121,24,1.711214,6,2
7319,15,15,0,4479.5396,16727.6980,177,35,2.325875,7,2
7320,11,11,0,5208.1588,18835.7938,248,25,0.746333,7,2
7321,16,16,0,3621.5444,12767.7222,165,34,1.339713,7,2
7322,14,14,0,4489.3006,18066.5029,136,33,4.782688,7,2
7323,16,16,0,4062.4583,15167.2917,159,30,1.323063,7,2
7324,13,13,0,3493.6405,13413.2024,125,26,2.843330,5,2
7325,12,12,0,3154.9685,10949.8423,151,21,0.684333,7,2
7326,16,16,0,3927.9074,14154.5372,170,27,2.002790,7,2
7327,13,13,0,4080.0236,14920.1180,172,28,2.325974,7,2
7328,16,16,0,4109.8297,14424.1485,191,28,1.160036,7,2
7329,16,16,0,4699.7316,17803.6582,177,35,1.258317,7,2
7330,10,10,0,3474.0911,12515.4555,154,22,1.754021,7,2
7331,16,16,0,4036.0525,14650.2626,171,27,1.262009,7,2
7332,10,10,0,3395.2980,12266.4900,149,17,0.512380,6,3
7333,11,11,0,3004.2867,10466.4337,143,21,1.297453,7,2
7334,14,14,0,4437.4660,17002.3301,161,30,0.688234,7,2
7335,11,11,0,3579.3541,13201.7706,148,27,0.711942,7,2
7336,11,11,0,4148.6742,16383.3712,137,23,0.779624,7,2
7337,10,10,0,2894.5936,10492.9681,125,18,1.781660,7,3
7338,15,15,0,3391.5408,11762.7041,162,28,1.763312,7,2
7339,14,14,0,4100.1378,14830.6889,178,31,2.474220,7,2
7340,14,14,0,3726.7107,13973.5536,144,25,1.682909,7,2
7341,10,10,0,3215.5309,11592.6545,142,20,1.729504,6,2
7342,10,10,0,4703.1521,14990.7607,301,22,0.646486,7,2
7343,16,16,0,3459.7460,11978.7302,165,28,3.479383,7,2
7344,10,10,0,3404.8987,12954.4936,128,22,1.083492,6,2
7345,15,15,0,4158.7164,15408.5820,168,31,3.520262,6,2
7346,12,12,0,3807.1873,14125.9365,154,26,2.737413,7,2
7347,14,14,0,3860.5090,14407.5448,152,25,2.181901,7,2
7348,14,14,0,4068.3289,15506.6443,150,31,2.732535,6,2
7349,16,16,0,3968.9699,14499.8494,166,31,2.400327,7,2
7350,11,11,0,4277.4731,16032.3656,170,26,1.930017,7,2
7351,14,14,0,4334.5516,16462.7578,163,29,1.176071,7,2
7352,16,16,0,4241.1834,15700.9171,171,33,1.780139,7,2
7353,14,14,0,3409.2304,12421.1522,143,24,0.762664,7,3
7354,12,12,0,3485.4321,12997.1606,138,21,0.520284,7,2
7355,11,11,0,3815.3985,14801.9926,134,26,0.902325,6,2
7356,16,16,0,3882.5971,13562.9854,183,33,1.046639,7,2
7357,15,15,0,4035.0486,14920.2432,163,26,1.088188,7,2
7358,11,11,0,3028.3991,10356.9953,151,22,0.902668,6,2
7359,15,15,0,3799.5550,13687.7751,165,28,2.749338,6,2
7360,13,13,0,3789.7617,14328.8086,144,28,1.044484,7,2
7361,11,11,0,4135.5708,15512.8538,164,26,0.782775,7,2
7362,15,15,0,3758.8404,13634.2020,160,29,0.826514,7,2
7363,14,14,0,3242.7836,11893.9182,133,24,2.149493,7,2
7364,15,15,0,4117.8448,14824.2238,181,35,2.094445,7,2
7365,16,16,0,4493.6065,15453.0324,225,38,0.641365,7,2
7366,16,16,0,3595.9176,13114.5881,150,30,0.735052,7,2
7367,15,15,0,3670.1815,12980.9076,167,29,0.868216,7,2
7368,11,11,0,3127.7205,10648.6023,158,24,0.608332,7,2
7369,13,13,0,4174.5068,15827.5340,157,25,3.023013,7,2
7370,15,15,0,3670.6066,12763.0332,175,31,2.259314,7,2
7371,14,14,0,4405.5406,16657.7029,169,30,1.050912,7,3
7372,10,10,0,3615.5598,13367.7991,149,25,1.135693,7,2
7373,13,13,0,4347.8831,16339.4153,170,31,1.287019,7,2
7374,13,13,0,4534.6170,17433.0850,165,32,2.038322,7,3
7375,14,14,0,3002.6993,10573.4964,137,24,3.306553,6,2
7376,14,14,0,3658.1969,13130.9845,160,28,2.258347,7,2
7377,13,13,0,3670.7337,13588.6687,148,26,0.579388,7,2
7378,12,12,0,3418.5422,12727.7112,136,25,1.232942,5,2
7379,11,11,0,3077.6657,11148.3287,132,22,1.033734,6,2
7380,10,10,0,2927.2124,10616.0620,126,21,0.936709,5,2
7381,14,14,0,3838.9604,14129.8020,158,31,0.958328,7,2
7382,13,13,0,4032.1388,15015.6942,162,30,2.467896,7,2
7383,14,14,0,3906.3196,14731.5981,149,27,2.614717,7,2
7384,12,12,0,3364.7316,12263.6578,143,25,1.845363,7,2
7385,11,11,0,3966.1655,14935.8274,156,34,1.288857,7,2
7386,12,12,0,3247.3981,11571.9904,146,26,1.121233,7,2
7387,11,11,0,3560.5030,12787.5152,158,20,1.468564,7,2
7388,10,10,0,3154.4583,11152.2917,146,22,0.533073,7,2
7389,10,10,0,3019.4795,10652.3973,140,20,0.605034,7,2
7390,14,14,0,3414.4449,12447.2243,143,24,0.950119,6,2
7391,15,15,0,3878.2014,14321.0070,157,30,1.696085,7,2
7392,12,12,0,3479.0163,13050.0813,135,22,1.369396,7,2
7393,14,14,0,3603.6941,13623.4703,136,25,1.286796,6,2
7394,15,15,0,3642.2947,12826.4736,167,26,0.963389,7,2
7395,15,15,0,3993.5673,15227.8367,146,28,0.736132,7,2
7396,12,12,0,3873.4436,14112.2179,166,34,0.747748,7,3
7397,14,14,0,4040.5333,15417.6666,149,28,1.048691,7,2
7398,16,16,0,3430.2453,12131.2263,155,29,1.619238,7,2
7399,14,14,0,3479.8450,12619.2249,148,29,2.400918,7,2
7400,11,11,0,4476.8678,17769.3389,146,28,0.594161,7,2
7401,15,15,0,4423.1262,16715.6308,168,31,1.210366,7,2
7402,12,12,0,4021.6712,14953.3559,162,31,0.704707,7,2
7403,12,12,0,3764.6645,14318.3227,141,26,0.874633,7,2
7404,14,14,0,3646.9450,13364.7250,151,25,1.632844,7,2
7405,14,14,0,4030.8818,14619.4091,173,28,0.826907,7,2
7406,11,11,0,2874.8790,10299.3950,127,22,0.974051,6,2
7407,10,10,0,3449.9493,12634.7463,146,23,0.657667,7,3
7408,13,13,0,3380.9764,12574.8819,134,22,0.849735,6,3
7409,14,14,0,3657.9287,13429.6437,151,29,1.167219,7,2
7410,15,15,0,3955.0968,15020.4841,147,29,2.401981,7,2
7411,13,13,0,3891.6837,14203.4184,165,29,0.648187,7,2
7412,10,10,0,3517.8473,12919.2364,148,25,0.884204,7,2
7413,11,11,0,2958.4149,10397.0747,138,28,1.348821,6,2
7414,11,11,0,3474.2281,13331.1406,126,21,1.747543,7,2
7415,16,16,0,4334.6428,16318.2141,166,33,2.417806,7,2
7416,10,10,0,3422.5987,12762.9934,137,25,1.710596,7,2
7417,16,16,0,4235.2845,15666.4227,172,33,1.788005,7,2
7418,11,11,0,3704.3726,13421.8631,162,25,0.605823,7,3
7419,15,15,0,3894.2122,14086.0609,167,28,2.068510,7,2
7420,16,16,0,4203.4825,15012.4126,187,30,2.787689,7,2
7421,15,15,0,3973.2549,14036.2746,182,37,1.069881,7,2
7422,14,14,0,3632.9921,13159.9603,156,28,0.743576,7,2
7423,14,14,0,3721.4194,13717.0969,152,28,1.578281,7,2
7424,14,14,0,3525.2838,12826.4192,149,28,1.112622,7,2
7425,10,10,0,3479.4742,13047.3712,137,18,0.462322,7,3
7426,15,15,0,4638.7745,17933.8723,164,34,1.659095,7,2
7427,15,15,0,4273.1077,16425.5384,153,27,0.922916,7,2
7428,12,12,0,3373.8619,12834.3096,125,22,0.974312,7,2
7429,14,14,0,3722.6552,13783.2762,150,28,1.037683,7,2
7430,12,12,0,3708.3620,12981.8098,176,29,0.809434,7,2
7431,13,13,0,4379.9532,16949.7658,155,30,1.382150,7,2
7432,14,14,0,3361.2401,11981.2005,149,27,0.829558,6,2
7433,14,14,0,4473.3441,17241.7204,160,31,2.076012,7,2
7434,15,15,0,3167.9922,11434.9608,135,24,1.857837,5,2
7435,13,13,0,3624.3136,13766.5679,135,25,1.049979,7,3
7436,16,16,0,3684.4551,13362.2756,156,26,3.450305,7,2
7437,16,16,0,3952.2450,14466.2251,164,27,0.971152,7,3
7438,13,13,0,3522.2107,13001.0536,143,24,0.621664,7,2
7439,15,15,0,4360.9715,16604.8573,161,31,2.661691,7,2
7440,12,12,0,3502.0053,13055.0264,139,23,0.676855,7,2
7441,11,11,0,3948.9930,14139.9651,179,29,0.658847,7,3
7442,14,14,0,3772.3016,13306.5080,174,32,1.851731,7,2
7443,16,16,0,4298.7717,16508.8585,154,35,2.756429,7,2
7444,11,11,0,3504.5678,11882.8389,179,25,0.739496,7,2
7445,10,10,0,3133.8409,10934.2046,149,18,0.530265,6,2
7446,12,12,0,3857.7161,14453.5805,151,25,0.855405,7,2
7447,11,11,0,3570.1346,12955.6730,155,25,2.061270,7,2
7448,15,15,0,5307.5705,18627.8523,269,31,0.826407,7,2
7449,10,10,0,2914.2294,10501.1468,128,22,0.613694,5,2
7450,11,11,0,3276.4544,11632.2720,150,22,0.655926,7,3
7451,12,12,0,3424.7939,12933.9693,130,22,1.077456,7,2
7452,16,16,0,5397.1065,20870.5327,192,34,1.119167,7,3
7453,15,15,0,3114.6932,11228.4662,133,23,2.950159,6,2
7454,12,12,0,3552.7441,13458.7205,134,24,1.047633,7,2
7455,12,12,0,3620.6070,13628.0352,140,25,1.054212,6,2
7456,10,10,0,3576.5706,13132.8532,150,22,0.866176,7,2
7457,10,10,0,3277.7919,11938.9593,140,20,0.533482,7,2
7458,12,12,0,5839.2198,21511.0992,266,28,0.775098,7,2
7459,16,16,0,4380.0139,18045.0693,117,36,4.174575,7,2
7460,10,10,0,3336.4353,12032.1767,147,26,0.639299,7,2
7461,12,12,0,4038.1705,14830.8526,169,29,0.829734,7,2
7462,16,16,0,3879.1474,14015.7368,167,31,2.557695,7,2
7463,11,11,0,3686.3341,13836.6704,145,27,0.774171,7,2
7464,15,15,0,3850.5377,14532.6887,145,30,1.873700,7,2
7465,12,12,0,2628.2695,8711.3474,138,21,0.555547,5,2
7466,11,11,0,3707.9323,13779.6615,150,26,0.648949,7,2
7467,13,13,0,3790.7491,14378.7456,143,29,0.761898,6,2
7468,13,13,0,3631.4532,13177.2661,156,31,1.119313,7,2
7469,14,14,0,3761.3635,14766.8176,124,26,1.522148,7,2
7470,11,11,0,4510.6092,15058.0458,259,27,1.240202,7,2
7471,15,15,0,3809.2274,14181.1370,150,29,1.879151,7,2
7472,13,13,0,4085.5067,14852.5335,175,28,0.941054,6,2
7473,16,16,0,4211.7042,15673.5211,167,31,1.839956,7,2
7474,14,14,0,3644.8033,13289.0163,153,27,1.247928,7,2
7475,11,11,0,3117.3991,11751.9955,119,23,0.626763,5,2
7476,11,11,0,3320.3790,11886.8949,148,24,0.736071,7,3
7477,14,14,0,3958.7662,15293.8312,139,30,0.713666,7,2
7478,10,10,0,3633.5237,13572.6183,145,21,0.503515,7,4
7479,12,12,0,3202.5385,11952.6926,126,23,0.598754,6,2
7480,14,14,0,4161.1373,15495.6865,166,28,0.836603,7,2
7481,14,14,0,4178.4502,16202.2510,146,28,2.411291,7,2
7482,11,11,0,3775.6116,14388.0579,141,22,0.548276,7,2
7483,12,12,0,3685.3998,14181.9992,132,22,1.838439,7,2
7484,13,13,0,4030.8374,14824.1872,168,30,0.777207,7,2
7485,15,15,0,3710.8581,13674.2906,151,31,1.511818,7,2
7486,12,12,0,4237.8524,15444.2619,183,35,0.770685,7,3
7487,15,15,0,3520.1553,12390.7763,163,30,1.855954,6,2
7488,12,12,0,3548.1892,12880.9460,153,24,1.448039,7,2
7489,10,10,0,3902.3841,14571.9203,157,24,0.939052,7,2
7490,11,11,0,3864.2912,13856.4562,174,31,0.968884,7,3
7491,16,16,0,4442.9849,17229.9245,153,26,1.267044,7,2
7492,16,16,0,3477.5927,12182.9636,161,27,0.834589,7,2
7493,15,15,0,4066.6270,15128.1351,161,34,3.363460,7,2
7494,15,15,0,4096.1099,14895.5496,174,31,1.431119,7,2
7495,15,15,0,3592.8418,12719.2091,163,30,1.709820,6,2
7496,10,10,0,2909.5941,10077.9706,141,17,0.477906,7,3
7497,15,15,0,4223.8209,16109.1046,155,30,1.342281,7,3
7498,12,12,0,3182.3557,11266.7784,145,23,0.807519,7,2
7499,11,11,0,3968.5607,14792.8035,160,27,3.267426,7,2
7500,15,15,0,3971.1717,14805.8583,157,35,1.941307,7,2
7501,13,13,0,3810.8827,13579.4137,171,23,0.508324,7,2
7502,13,13,0,3450.3707,12681.8534,142,25,2.808127,7,2
7503,14,14,0,4171.0519,15065.2596,181,34,4.392925,7,2
7504,10,10,0,3254.4403,11582.2015,149,24,0.838109,7,2
7505,16,16,0,4328.6705,16828.3526,148,31,2.112739,7,2
7506,11,11,0,4121.0068,14910.0338,181,28,0.805955,7,2
7507,13,13,0,3527.5795,12702.8973,154,24,0.648750,7,2
7508,14,14,0,4674.1051,18225.5253,161,39,4.499365,7,2
7509,15,15,0,4058.5080,15167.5402,159,29,1.626243,7,3
7510,11,11,0,3456.5094,12582.5468,148,20,0.783582,7,3
7511,12,12,0,4977.2524,17881.2618,242,28,2.639467,7,3
7512,11,11,0,3924.1018,14275.5090,170,32,1.347595,7,2
7513,16,16,0,4069.8786,15354.3929,155,28,0.966479,7,2
7514,11,11,0,3486.7676,12893.8378,143,34,1.749410,5,2
7515,13,13,0,3636.0638,13435.3189,148,27,1.331512,7,2
7516,15,15,0,4310.4899,16437.4497,159,30,2.155968,7,2
7517,13,13,0,3574.5868,13357.9338,140,22,2.576269,6,2
7518,13,13,0,3729.5708,13572.8542,159,30,1.101990,7,2
7519,16,16,0,3821.5434,13377.7170,178,30,1.305053,7,2
7520,13,13,0,3706.6048,12818.0238,180,27,1.423300,7,2
7521,16,16,0,3446.4246,11967.1230,163,28,2.311817,7,3
7522,15,15,0,4271.2789,16836.3946,139,29,1.348952,7,2
7523,15,15,0,4293.7451,15578.7255,184,36,1.712555,7,2
7524,10,10,0,3728.3370,13966.6848,148,24,1.373300,7,2
7525,11,11,0,3365.3084,12026.5419,152,25,0.763008,7,2
7526,12,12,0,3847.0637,14330.3184,154,26,0.594912,7,3
7527,13,13,0,4885.3281,19131.6407,166,27,2.485974,7,3
7528,12,12,0,4019.6420,15548.2101,143,29,0.855022,7,2
7529,13,13,0,3490.1623,13235.8114,130,22,0.869079,6,2
7530,16,16,0,3735.4553,13967.2764,144,26,2.022956,7,2
7531,10,10,0,3790.0532,14275.2661,148,20,1.884003,7,2
7532,10,10,0,3576.7090,13093.5451,152,26,0.598072,7,2
7533,13,13,0,3436.4692,12322.3461,151,25,1.082620,7,2
7534,11,11,0,3529.7065,12193.5323,173,30,2.729669,7,2
7535,14,14,0,3812.5957,13547.9784,173,34,2.798714,7,2
7536,12,12,0,4667.9652,17394.8260,189,34,1.857547,7,3
7537,16,16,0,3758.2399,14006.1994,147,30,1.751922,7,2
7538,11,11,0,3852.5288,14382.6440,154,33,1.196635,7,2
7539,13,13,0,3793.0133,14060.0667,154,28,0.747564,7,2
7540,16,16,0,3826.5259,14267.6297,150,30,1.477233,7,2
7541,11,11,0,3562.1109,12860.5544,156,22,0.945849,7,2
7542,15,15,0,3847.6601,14663.3004,141,26,1.014586,7,2
7543,10,10,0,3442.7941,12748.9706,141,23,0.593971,7,3
7544,13,13,0,3742.6997,14358.4986,135,24,1.949091,6,2
7545,10,10,0,2949.7049,10058.5243,149,20,0.446894,7,3
7546,12,12,0,3336.7793,12253.8965,138,20,0.782587,6,3
7547,16,16,0,4259.2743,16596.3716,144,29,1.631915,7,2
7548,14,14,0,3850.2792,14656.3962,142,23,1.260225,7,3
7549,13,13,0,4025.4081,15222.0406,154,27,0.883528,7,2
7550,16,16,0,3661.6999,13428.4996,150,33,1.884137,7,2
7551,15,15,0,3797.4010,13522.0052,170,34,3.457342,6,2
7552,15,15,0,4488.5386,16282.6928,193,38,2.037472,7,2
7553,14,14,0,4542.3113,17706.5566,156,30,1.417838,7,3
7554,10,10,0,3536.4962,13097.4812,146,22,0.720729,7,2
7555,11,11,0,3812.3636,14461.8180,145,24,0.607104,7,2
7556,15,15,0,4142.6388,15628.1940,157,30,1.011094,6,2
7557,14,14,0,5301.2492,18581.2459,270,31,2.591325,7,2
7558,11,11,0,3137.1085,11805.5427,121,22,1.102051,6,2
7559,14,14,0,4729.7086,18168.5432,171,29,1.571313,7,2
7560,16,16,0,3482.6411,11748.2056,175,24,2.214279,7,2
7561,10,10,0,3161.4907,11092.4537,149,27,0.939451,6,2
7562,13,13,0,3839.4087,13887.0435,167,28,0.733583,7,2
7563,16,16,0,3597.9920,12809.9601,160,29,1.527835,7,2
7564,15,15,0,4510.7567,17283.7833,164,32,1.521279,7,2
7565,12,12,0,4340.3067,16301.5335,171,29,0.925443,7,2
7566,16,16,0,3649.2134,13251.0668,154,29,2.320218,7,2
7567,13,13,0,3988.6379,14758.1895,164,31,0.926794,7,2
7568,10,10,0,3311.9463,12349.7314,133,25,0.664075,6,2
7569,10,10,0,3640.0693,13290.3463,155,26,0.597109,7,3
7570,14,14,0,4027.9860,14764.9301,167,24,0.550842,7,3
7571,10,10,0,3691.3698,13561.8491,155,23,0.598047,7,2
7572,10,10,0,3490.2497,12656.2484,151,21,0.619307,7,3
7573,13,13,0,3801.1962,14140.9811,152,31,0.931876,7,2
7574,15,15,0,4420.2662,16751.3309,167,36,1.228082,7,2
7575,12,12,0,3316.4666,11742.3329,152,23,0.882404,7,2
7576,15,15,0,4034.8154,14659.0769,172,29,0.736063,7,2
7577,14,14,0,3881.2193,14646.0964,148,26,0.793465,7,2
7578,12,12,0,3936.0497,15325.2485,136,29,0.784274,7,2
7579,14,14,0,3779.0652,14040.3262,151,26,1.015225,7,2
7580,12,12,0,2931.8845,10284.4226,136,22,1.892109,6,2
7581,13,13,0,3526.0890,13690.4452,121,24,2.499065,7,2
7582,11,11,0,3651.3644,13616.8219,146,23,1.213935,7,2
7583,13,13,0,3212.4609,11392.3047,145,27,2.318177,7,2
7584,15,15,0,3445.6373,12373.1864,150,25,1.482881,7,2
7585,13,13,0,3418.6896,11893.4478,163,27,0.930301,6,2
7586,12,12,0,3937.4238,14852.1191,152,29,0.954184,7,2
7587,14,14,0,4477.1119,16870.5593,173,41,1.318645,7,2
7588,10,10,0,2564.7106,8928.5528,122,20,0.888959,5,2
7589,11,11,0,3994.1174,15260.5870,148,22,1.109186,6,2
7590,11,11,0,4016.5483,15152.7415,156,29,0.771877,7,2
7591,12,12,0,3886.6721,14453.3603,156,25,0.769552,7,2
7592,16,16,0,3818.2357,13811.1786,164,29,0.947763,7,2
7593,12,12,0,2729.0253,9150.1266,140,21,0.938617,6,2
7594,14,14,0,4065.4152,14692.0761,177,28,2.185594,7,2
7595,10,10,0,3262.9785,11419.8926,155,21,0.791037,7,2
7596,13,13,0,3448.3949,12576.9747,145,23,0.947778,7,2
7597,15,15,0,4409.7869,16633.9343,170,31,1.009667,7,2
7598,12,12,0,4013.1872,15790.9359,133,22,0.559159,7,2
7599,13,13,0,4063.8039,15684.0195,145,23,0.779634,7,2
7600,11,11,0,3426.0516,12785.2579,136,19,0.510681,6,2
7601,14,14,0,3994.8185,15309.0925,144,31,2.699832,7,2
7602,10,10,0,3309.1585,12165.7925,138,21,0.652845,7,2
7603,14,14,0,4019.1000,15090.5002,155,26,2.223442,7,2
7604,12,12,0,3758.0614,13350.3069,173,24,0.837633,7,4
7605,10,10,0,3110.4669,11527.3345,127,26,0.735494,5,2
7606,12,12,0,3612.1028,13610.5140,139,28,0.740051,7,2
7607,15,15,0,3320.1416,11970.7078,142,27,1.434525,6,2
7608,13,13,0,3438.5548,12722.7742,139,25,0.921047,7,2
7609,15,15,0,3920.0671,15270.3353,133,26,2.920012,7,2
7610,16,16,0,3695.7830,14298.9150,126,24,1.401669,7,2
7611,16,16,0,4119.2472,15431.2362,159,32,5.029319,7,3
7612,13,13,0,3050.9480,10939.7402,134,20,0.944798,6,2
7613,12,12,0,3801.8202,13739.1011,166,25,0.829494,7,3
7614,13,13,0,3417.9924,12364.9622,148,27,0.955630,7,2
7615,14,14,0,3771.2598,14061.2990,149,25,1.201469,6,2
7616,15,15,0,3921.2851,15006.4256,142,25,1.421782,7,2
7617,12,12,0,4615.5302,18062.6512,159,33,0.852117,7,2
7618,14,14,0,3824.0624,12685.3118,203,31,2.159275,7,2
7619,10,10,0,3968.2287,14666.1437,165,23,0.640236,7,2
7620,11,11,0,4059.6012,15333.0060,157,28,0.582555,7,2
7621,16,16,0,4498.0110,17230.0551,163,32,1.291226,7,3
7622,12,12,0,3491.7921,12763.9607,147,21,1.801827,7,2
7623,13,13,0,3904.4531,14647.2654,154,34,0.894218,7,2
7624,13,13,0,4002.4375,15307.1877,147,25,1.127732,7,2
7625,14,14,0,3822.8402,14059.2008,157,26,2.423231,7,3
7626,12,12,0,3774.1581,14065.7907,151,24,0.559262,7,2
7627,14,14,0,3860.7868,14383.9338,153,29,0.884845,6,3
7628,14,14,0,3987.3695,14771.8473,161,30,0.846199,7,3
7629,10,10,0,3776.5116,13892.5581,159,23,0.539894,7,2
7630,13,13,0,3755.8497,13814.2487,155,29,3.146828,7,2
7631,10,10,0,3504.3302,12401.6510,164,28,0.813493,7,2
7632,12,12,0,4063.2264,15651.1320,146,26,0.832802,7,2
7633,11,11,0,3540.6747,13133.3736,143,23,1.148802,7,2
7634,15,15,0,3292.2001,11561.0007,151,24,2.050805,6,2
7635,10,10,0,3515.2887,12531.4434,160,23,1.127242,7,2
7636,10,10,0,3863.2945,14466.4727,154,25,0.985904,7,2
7637,13,13,0,3577.7679,13043.8393,151,26,1.435404,6,2
7638,15,15,0,4000.6232,15198.1162,148,29,2.942227,7,2
7639,16,16,0,3994.2964,15621.4822,132,28,3.141218,7,2
7640,10,10,0,3782.6537,13718.2687,165,22,0.628220,7,2
7641,11,11,0,3620.5849,13427.9245,147,32,0.822638,6,2
7642,14,14,0,4228.6843,15773.4215,168,32,0.941866,7,2
7643,10,10,0,3446.2472,13121.2359,129,20,1.123130,7,2
7644,14,14,0,3879.5439,14722.7193,145,34,3.859172,7,2
7645,13,13,0,3468.1153,12330.5766,157,22,0.551410,7,2
7646,11,11,0,3460.9261,12684.6303,145,21,0.555834,7,2
7647,13,13,0,3841.3300,14076.6499,161,30,1.918868,7,2
7648,16,16,0,4034.5524,15902.7619,130,31,1.409323,7,2
7649,13,13,0,3398.2754,11996.3771,156,25,1.197110,7,2
7650,13,13,0,4276.8967,16224.4837,162,30,0.982274,7,3
7651,12,12,0,4353.3472,17436.7358,136,30,1.005474,6,3
7652,11,11,0,3533.8983,13034.4915,145,19,0.508100,7,3
7653,13,13,0,3189.1831,11430.9154,139,24,1.772414,6,2
7654,13,13,0,4406.1955,16205.9773,185,38,1.436868,7,2
7655,11,11,0,3985.0103,15120.0516,152,30,0.784823,7,2
7656,16,16,0,4217.9985,15994.9923,157,35,0.767292,7,2
7657,15,15,0,3792.2750,13946.3749,156,26,0.947990,7,2
7658,16,16,0,4753.1535,18290.7673,170,32,2.053265,7,2
7659,12,12,0,3462.2405,12616.2027,147,20,0.516543,7,3
7660,13,13,0,3622.1552,13710.7759,137,31,1.531588,7,2
7661,15,15,0,3395.0131,12050.0653,152,26,0.835828,6,2
7662,16,16,0,4771.0748,18840.3741,155,33,2.093342,7,2
7663,16,16,0,4202.5545,16737.7725,130,27,3.512639,7,2
7664,14,14,0,4341.5916,16772.9578,154,33,1.318193,7,2
7665,14,14,0,2990.3077,9966.5383,155,25,2.040358,6,2
7666,10,10,0,3369.5506,12447.7528,139,24,0.741109,6,2
7667,10,10,0,2956.9001,11089.5007,115,17,0.645268,6,2
7668,15,15,0,3995.4118,14502.0588,171,29,1.122457,7,2
7669,12,12,0,3198.9470,11294.7349,147,23,0.763487,7,2
7670,11,11,0,3555.8260,12624.1299,163,26,2.100020,7,3
7671,14,14,0,3631.5585,13582.7927,141,23,0.780504,6,2
7672,15,15,0,3733.1190,12930.5948,179,29,1.605518,7,2
7673,15,15,0,4908.9882,19639.9412,152,31,0.817086,7,2
7674,11,11,0,4051.2343,15371.1716,154,25,1.648810,7,3
7675,15,15,0,4306.7006,15753.5030,181,39,1.637675,7,2
7676,15,15,0,3604.2174,12426.0872,175,28,0.669779,7,2
7677,16,16,0,4779.9696,18309.8479,174,35,3.373410,7,2
7678,12,12,0,2874.9404,10064.7018,134,22,0.950310,7,2
7679,14,14,0,4024.0311,15015.1557,158,26,1.271156,7,3
7680,11,11,0,3178.9098,11169.5489,148,23,0.711682,7,2
7681,15,15,0,4062.0026,15180.0132,160,29,2.463602,6,2
7682,10,10,0,3809.7355,14593.6777,141,23,0.678465,7,2
7683,13,13,0,3048.7093,10583.5467,145,21,1.390794,7,2
7684,15,15,0,3879.9365,14234.6827,161,35,4.640901,7,2
7685,10,10,0,3633.9672,13609.8361,144,24,0.650007,7,2
7686,10,10,0,3493.5389,13022.6945,140,20,0.832494,7,4
7687,12,12,0,3964.6041,13858.0206,190,31,0.892773,7,2
7688,11,11,0,3313.7250,12073.6250,141,22,1.457437,6,2
7689,11,11,0,3214.4278,11547.1390,142,18,0.467801,7,2
7690,16,16,0,4210.7465,15803.7326,163,34,5.016341,7,2
7691,16,16,0,3716.6012,13273.0061,165,30,2.974752,7,2
7692,11,11,0,3818.6838,15028.4191,127,22,0.564616,6,2
7693,13,13,0,4737.2979,18126.4897,175,28,3.783405,7,3
7694,16,16,0,4817.1404,19205.7020,150,37,1.904230,7,2
7695,13,13,0,3614.3032,12271.5160,183,28,1.294545,7,2
7696,13,13,0,3487.9948,12299.9742,161,31,1.093411,7,2
7697,11,11,0,3293.8103,11404.0517,160,26,1.239223,7,2
7698,11,11,0,3857.2319,14431.1593,153,29,0.791973,7,2
7699,16,16,0,4352.8970,17209.4851,139,30,2.854322,7,2
7700,15,15,0,4154.8518,14514.2591,197,35,4.395536,7,2
7701,13,13,0,4244.4024,16472.0122,149,29,1.750517,7,2
7702,15,15,0,4121.8365,16464.1825,127,31,1.849544,7,2
7703,10,10,0,3222.5929,11402.9643,149,22,0.581073,7,2
7704,14,14,0,3875.4671,14982.3356,136,28,2.292799,7,2
7705,16,16,0,3902.8966,14444.4832,157,29,1.169846,7,2
7706,16,16,0,3804.6283,13953.1417,156,25,1.169080,7,2
7707,10,10,0,3249.3778,11471.8889,151,22,0.756114,6,2
7708,15,15,0,3917.3506,14421.7529,160,30,2.548289,7,2
7709,11,11,0,3916.2580,14706.2899,154,25,0.959457,7,2
7710,15,15,0,3709.4531,13212.2656,166,25,1.393048,7,2
7711,11,11,0,3278.4996,11337.4978,160,23,0.757552,6,2
7712,16,16,0,3600.0588,13525.2939,137,28,1.382485,7,2
7713,11,11,0,3665.2213,13471.1064,153,26,0.867163,7,2
7714,15,15,0,3534.8764,13049.3819,142,25,2.914933,6,2
7715,12,12,0,3600.9407,12644.7037,175,26,0.824748,7,2
7716,12,12,0,3278.9933,11969.9665,138,21,1.614459,6,2
7717,12,12,0,3955.0653,15390.3265,137,24,1.194335,7,2
7718,11,11,0,3585.8352,12824.1761,162,24,0.635027,7,2
7719,13,13,0,4638.4691,18472.3456,147,26,1.340386,7,2
7720,13,13,0,3828.5156,14692.5781,138,26,0.889788,7,2
7721,10,10,0,3834.8333,15079.1667,129,24,0.853855,7,2
7722,14,14,0,3484.9744,12549.8718,152,27,1.035002,7,2
7723,15,15,0,4678.4274,18372.1369,156,32,0.956728,7,2
7724,15,15,0,4937.7281,19153.6404,173,37,3.200988,7,3
7725,15,15,0,3855.5158,14652.5791,142,29,3.683314,7,2
7726,15,15,0,3778.8752,14184.3761,145,29,1.390003,7,2
7727,11,11,0,3086.8005,11074.0023,137,20,0.723269,5,2
7728,15,15,0,4300.1974,14835.9868,211,32,3.760300,7,2
7729,11,11,0,3573.9712,13204.8558,147,22,0.578569,7,2
7730,10,10,0,3320.7280,11773.6402,153,24,2.100014,7,2
7731,14,14,0,4304.5566,16527.7832,156,24,0.799501,7,2
7732,12,12,0,3879.6428,14623.2139,150,27,0.834803,7,2
7733,14,14,0,3335.7997,12008.9983,145,22,1.623850,6,2
7734,12,12,0,4188.8541,16049.2705,154,33,2.175864,7,2
7735,11,11,0,3280.5511,11127.7553,167,26,1.253271,7,2
7736,13,13,0,3852.4750,14547.3749,147,27,0.676473,6,2
7737,14,14,0,3014.9545,9934.7723,160,22,0.862250,6,2
7738,15,15,0,4000.5035,14512.5174,171,27,2.267989,7,2
7739,12,12,0,3830.5526,14552.7628,145,27,1.752084,7,2
7740,16,16,0,5200.9882,20614.9412,167,40,3.066573,7,2
7741,16,16,0,3585.4699,13272.3495,143,25,1.101752,7,2
7742,15,15,0,3989.1357,15155.6785,148,32,2.363554,7,2
7743,14,14,0,3275.6457,12438.2283,120,24,0.992756,6,2
7744,14,14,0,3617.9812,13704.9058,136,25,0.904339,6,2
7745,15,15,0,3981.7647,14783.8237,160,31,1.964628,7,2
7746,10,10,0,3335.6365,12303.1823,138,22,0.607399,7,2
7747,15,15,0,4235.7520,15528.7601,176,26,0.526037,7,3
7748,15,15,0,4357.6463,15223.2315,207,36,1.897712,7,2
7749,16,16,0,4495.6113,17313.0566,160,28,0.591330,7,3
7750,11,11,0,3510.2965,12426.4825,162,28,1.006149,7,2
7751,13,13,0,3507.9295,12909.6476,144,25,0.952512,7,2
7752,10,10,0,3539.0442,12560.2209,163,27,0.906135,7,2
7753,13,13,0,3819.5328,13472.6640,177,31,1.448229,7,4
7754,12,12,0,3719.1861,14000.9303,144,25,0.983401,6,2
7755,13,13,0,4748.6972,15923.4861,269,28,0.691535,7,2
7756,10,10,0,3486.7604,13113.8020,136,22,0.780788,7,2
7757,15,15,0,4256.1764,15980.8821,165,32,1.920343,7,2
7758,11,11,0,3843.7503,14448.7514,150,25,0.749369,7,2
7759,15,15,0,3819.9285,13999.6426,159,33,1.149256,7,2
7760,13,13,0,3327.0434,11925.2168,147,24,2.916233,7,2
7761,13,13,0,3619.7920,12508.9601,176,30,2.407739,7,3
7762,15,15,0,3934.1631,14455.8154,162,32,1.881913,7,2
7763,16,16,0,4082.4635,15422.3173,154,31,1.092882,7,2
7764,12,12,0,3479.7106,13288.5531,128,22,1.593525,5,2
7765,12,12,0,2987.7669,10478.8345,139,22,2.054649,6,2
7766,12,12,0,4072.5797,14647.8983,181,28,1.342889,7,2
7767,11,11,0,4011.1816,15585.9078,141,30,1.038340,7,2
7768,14,14,0,4136.7623,15408.8115,166,28,1.471194,6,2
7769,14,14,0,4026.4038,14837.0190,166,33,1.313640,7,2
7770,16,16,0,4979.2779,19756.3895,159,38,1.903182,7,2
7771,16,16,0,3048.2478,10671.2391,141,25,2.091155,7,2
7772,13,13,0,3893.5033,13287.5166,196,31,3.377807,7,2
7773,12,12,0,3621.9304,13309.6521,151,24,1.207163,7,2
7774,10,10,0,3563.8460,13169.2301,147,24,0.939942,7,2
7775,14,14,0,4006.5750,15007.8751,157,29,2.046694,7,2
7776,11,11,0,2892.9872,9734.9361,149,18,0.701611,6,2
7777,13,13,0,3680.4823,13477.4115,154,27,0.951347,7,2
7778,15,15,0,3303.3699,12041.8493,137,23,0.935508,6,2
7779,11,11,0,3444.1471,12910.7354,135,22,0.962096,7,2
7780,14,14,0,3752.2303,12481.1517,199,33,1.352075,7,2
7781,10,10,0,2721.3441,8981.7203,146,18,0.609151,6,2
7782,11,11,0,3696.7719,13908.8594,144,27,1.121402,7,2
7783,16,16,0,4264.1108,15535.5538,180,34,1.162367,7,2
7784,14,14,0,3655.3007,13411.5035,151,28,2.123541,6,2
7785,13,13,0,4660.5565,18152.7824,162,29,0.837502,7,2
7786,16,16,0,4018.2411,15711.2057,134,31,2.305509,7,2
7787,11,11,0,3341.8951,12694.4754,126,27,1.186499,6,2
7788,10,10,0,3088.2907,11446.4533,125,17,1.315192,6,3
7789,13,13,0,4173.6130,16113.0651,148,33,0.835370,7,2
7790,12,12,0,3862.1360,14040.6802,166,25,1.248338,7,3
7791,14,14,0,3413.2571,12146.2854,153,27,2.164065,6,2
7792,14,14,0,3688.1643,13520.8213,153,28,2.302703,7,2
7793,16,16,0,3999.3337,14891.6687,157,28,0.842784,7,2
7794,12,12,0,3528.1301,12760.6505,153,23,0.538387,7,2
7795,10,10,0,4174.0581,15810.2905,162,22,0.530239,7,4
7796,15,15,0,3989.3850,15676.9251,131,35,2.710260,7,2
7797,16,16,0,4011.9196,15074.5980,154,30,2.050034,7,2
7798,16,16,0,3853.3188,14076.5942,161,32,4.278574,7,2
7799,12,12,0,3650.2200,13281.1002,156,24,0.615835,7,3
7800,12,12,0,3557.4439,13052.2193,148,24,0.640331,7,2
7801,11,11,0,3739.0840,14155.4201,143,21,0.519766,7,3
7802,12,12,0,3444.8464,12369.2319,152,28,0.739376,7,2
7803,10,10,0,3626.1433,13370.7166,150,22,0.572752,7,2
7804,13,13,0,4102.8045,15279.0227,164,33,3.093074,7,2
7805,12,12,0,3372.3457,11591.7287,166,27,0.668181,7,2
7806,16,16,0,3525.1495,13160.7474,137,27,1.223767,7,2
7807,13,13,0,3707.1414,13690.7072,151,26,1.580281,7,2
7808,15,15,0,4227.7968,16483.9840,143,31,2.178148,7,2
7809,14,14,0,4248.5204,15872.6018,168,35,3.197727,7,2
7810,15,15,0,4271.2906,16416.4529,153,36,2.969785,6,2
7811,16,16,0,3930.3822,13806.9109,183,30,1.883152,7,2
7812,11,11,0,3326.3507,11701.7533,156,25,0.784225,7,2
7813,15,15,0,3880.0141,14205.0704,161,30,2.111791,7,2
7814,14,14,0,3377.3864,11881.9318,156,24,0.646243,6,2
7815,14,14,0,4292.9923,16189.9613,165,35,3.060722,7,2
7816,12,12,0,4167.5347,16082.6733,149,25,1.975098,7,2
7817,11,11,0,3522.2871,12876.4353,149,24,0.861072,7,3
7818,10,10,0,3146.4041,11987.0207,117,21,0.579576,6,2
7819,11,11,0,4500.7877,17773.9387,149,23,0.714990,7,4
7820,15,15,0,4280.6044,16828.0219,141,29,2.190366,7,2
7821,12,12,0,3488.0525,12720.2626,148,27,1.611764,7,2
7822,16,16,0,4429.4093,16137.0466,188,31,1.202997,7,2
7823,11,11,0,3514.1187,13045.5935,143,23,0.606297,7,2
7824,10,10,0,3669.1963,13965.9813,138,21,0.573328,7,2
7825,13,13,0,3715.7222,14198.6108,136,26,2.220217,7,2
7826,12,12,0,3485.5024,12517.5122,154,26,1.597529,7,2
7827,12,12,0,3436.2503,12511.2516,146,27,1.090809,6,2
7828,11,11,0,3558.0727,12885.3634,155,26,0.776482,6,2
7829,10,10,0,3262.9794,10774.8968,177,24,0.614096,7,2
7830,10,10,0,3509.5799,13112.8994,140,25,0.680332,7,2
7831,14,14,0,3957.0675,14950.3377,150,28,2.636530,7,2
7832,10,10,0,3268.5622,12297.8110,127,20,0.556113,6,2
7833,12,12,0,4122.1479,16200.7396,138,25,0.712115,7,2
7834,16,16,0,4137.6525,15843.2625,149,27,2.623152,7,2
7835,10,10,0,3305.9890,11699.9449,153,21,0.698045,7,3
7836,13,13,0,3502.8494,12154.2470,169,24,0.679369,7,2
7837,13,13,0,3546.3586,12861.7931,152,24,0.965268,7,2
7838,12,12,0,3421.4285,12207.1426,154,23,1.733875,7,3
7839,14,14,0,3818.5211,14932.6055,128,25,2.028334,7,2
7840,10,10,0,2690.2460,9316.2299,130,19,0.985890,6,2
7841,13,13,0,3665.3928,13371.9641,155,28,0.985837,7,2
7842,14,14,0,4277.4104,16312.0519,158,28,2.402214,7,3
7843,12,12,0,3214.5366,10877.6830,164,25,1.173822,7,2
7844,13,13,0,4338.3666,16736.8331,155,31,1.006733,7,3
7845,15,15,0,3835.7633,13653.8163,172,32,2.262963,7,2
7846,10,10,0,3122.7018,11903.5090,116,21,1.186445,6,2
7847,15,15,0,5498.4971,19472.4854,275,28,0.999681,7,2
7848,13,13,0,3887.6006,14488.0031,154,26,0.710393,6,2
7849,13,13,0,4048.5679,14827.8393,170,29,1.655703,7,2
7850,10,10,0,3307.4450,12272.2248,135,24,0.934783,7,2
7851,14,14,0,4714.2891,18406.4455,161,35,2.493358,7,2
7852,15,15,0,3349.0354,11440.1768,164,28,1.670203,7,2
7853,13,13,0,3999.3262,15071.6309,154,33,2.024431,7,3
7854,11,11,0,3667.4058,14082.0291,133,22,0.698986,7,2
7855,15,15,0,3739.7235,13263.6177,169,22,1.940062,7,2
7856,15,15,0,3531.4048,12342.0239,165,28,2.735625,7,2
7857,14,14,0,3860.2946,14316.4730,155,28,1.017602,6,2
7858,12,12,0,2880.0991,10285.4953,128,23,1.114765,5,2
7859,15,15,0,4307.8396,15824.1980,179,38,3.952355,7,2
7860,16,16,0,5132.9217,17039.6086,294,30,1.167634,7,2
7861,11,11,0,3175.6849,11153.4247,149,22,0.443429,7,3
7862,16,16,0,4255.6526,16443.2629,149,30,2.365243,7,2
7863,14,14,0,4671.3147,18786.5733,142,27,0.797464,7,2
7864,16,16,0,4123.9703,15984.8514,142,30,3.372730,7,3
7865,15,15,0,4864.4411,18327.2056,188,37,1.270287,7,2
7866,12,12,0,3540.5262,13197.6309,141,24,1.255369,7,2
7867,12,12,0,3219.7767,11253.8833,152,24,1.944229,6,2
7868,11,11,0,3725.3845,14011.9227,145,23,0.706131,7,2
7869,13,13,0,3391.0605,12255.3024,146,23,1.588280,7,2
7870,14,14,0,3252.4684,11242.3420,157,28,1.932975,7,2
7871,16,16,0,3762.7811,14263.9055,139,32,3.457062,7,2
7872,13,13,0,4560.0694,17285.3472,174,35,1.018548,6,2
7873,15,15,0,4829.8490,19184.2448,154,35,0.835380,7,2
7874,10,10,0,3250.8601,11149.3006,163,19,0.554706,7,2
7875,10,10,0,4125.4527,15837.2636,152,26,0.671517,7,2
7876,15,15,0,4682.6311,18273.1553,160,29,2.693043,7,2
7877,14,14,0,3763.2912,13251.4560,175,37,0.915196,7,2
7878,14,14,0,4541.4456,17857.2281,151,36,2.339762,7,2
7879,11,11,0,3614.8859,13159.4296,155,28,1.414735,7,2
7880,14,14,0,4085.9151,15234.5753,162,28,0.854728,7,3
7881,16,16,0,4413.5059,16672.5293,167,31,1.250044,7,2
7882,16,16,0,4341.8952,16664.4761,155,31,1.507361,7,2
7883,15,15,0,3955.4700,15137.3500,143,27,1.399960,7,2
7884,14,14,0,3344.2095,11761.0475,154,25,1.474156,7,2
7885,12,12,0,3402.8822,12349.4110,146,27,0.783786,7,2
7886,16,16,0,4644.4580,17617.2899,174,30,3.610577,7,2
7887,15,15,0,3878.6483,14833.2413,141,32,1.752788,7,2
7888,12,12,0,3551.8964,13479.4821,133,21,0.576919,6,2
7889,13,13,0,4013.8636,15279.3182,150,29,1.165892,7,2
7890,14,14,0,3538.8731,12574.3657,159,26,1.097717,7,2
7891,12,12,0,3893.6734,14538.3669,155,26,0.692865,7,3
7892,16,16,0,4040.5105,15087.5527,158,26,1.012694,7,2
7893,11,11,0,3664.2217,13561.1084,151,24,0.779589,7,2
7894,11,11,0,3691.6429,14013.2146,140,26,0.849710,6,2
7895,13,13,0,3477.7342,12843.6711,141,25,2.237519,7,2
7896,14,14,0,3540.3057,12951.5285,147,24,1.502900,7,2
7897,14,14,0,4613.6861,17978.4307,158,32,1.113298,7,2
7898,14,14,0,3240.1988,11635.9938,141,26,1.075643,6,2
7899,10,10,0,3145.1520,11380.7600,137,19,0.692885,7,3
7900,15,15,0,3517.9708,12559.8540,156,29,1.693108,6,2
7901,11,11,0,3717.0381,14160.1907,139,25,0.683449,7,2
7902,11,11,0,4121.8673,15954.3366,147,26,0.801772,7,2
7903,12,12,0,4732.3368,18171.6842,174,40,2.890445,7,3
7904,10,10,0,3805.1490,14630.7452,139,24,0.885170,7,2
7905,12,12,0,3886.5664,14377.8321,159,29,0.774505,7,2
7906,12,12,0,3251.9977,11594.9886,146,25,1.262941,6,2
7907,15,15,0,3611.6389,12568.1946,171,30,1.443459,6,2
7908,14,14,0,4723.3939,17786.9696,185,38,1.208757,7,2
7909,16,16,0,3867.9792,14654.8960,143,29,2.306477,7,2
7910,11,11,0,3801.9019,13439.5095,177,27,1.511635,7,2
7911,11,11,0,3832.4179,15017.0894,130,23,0.710750,7,2
7912,11,11,0,4016.7285,15823.6423,134,23,1.882115,7,2
7913,16,16,0,3938.5956,13687.9778,188,34,0.998715,7,2
7914,10,10,0,3770.1505,14480.7525,138,24,0.734391,7,2
7915,11,11,0,3117.9559,11424.7794,130,19,1.288963,6,3
7916,12,12,0,3263.8327,11549.1634,150,24,0.955430,7,2
7917,15,15,0,3950.1539,14900.7696,150,29,1.580120,7,2
7918,14,14,0,3980.7910,15668.9549,131,25,1.797439,7,2
7919,11,11,0,2944.6994,9938.4970,151,24,0.712972,6,2
7920,15,15,0,3676.5685,13627.8427,147,31,0.925658,6,2
7921,15,15,0,4059.1454,14650.7269,176,32,2.088409,7,2
7922,10,10,0,3385.5767,12907.8834,126,21,1.064316,7,2
7923,14,14,0,4303.1011,16330.5055,161,27,2.690228,7,2
7924,10,10,0,3742.9873,13474.9367,167,29,1.455096,7,2
7925,16,16,0,3969.9704,15249.8520,141,28,1.350535,7,2
7926,14,14,0,4219.2593,16171.2963,153,28,0.919545,7,2
7927,13,13,0,3816.8672,14899.3359,129,27,1.014801,6,2
7928,11,11,0,3673.7123,13718.5614,146,21,0.688747,7,2
7929,14,14,0,4028.3119,15026.5595,159,25,1.239491,7,3
7930,14,14,0,3709.3914,14166.9572,135,26,1.650982,7,2
7931,13,13,0,3847.6170,14258.0851,156,29,1.540300,6,3
7932,14,14,0,4318.9835,15844.9175,180,31,1.073095,7,3
7933,15,15,0,3847.2943,14826.4717,135,28,1.004872,7,2
7934,12,12,0,3650.0493,12835.2465,171,28,0.838109,7,2
7935,11,11,0,3735.6284,14173.1420,142,24,0.735456,7,2
7936,11,11,0,3261.4990,11572.4950,149,23,1.698585,7,2
7937,13,13,0,3581.4574,13512.2871,136,22,0.932112,6,2
7938,11,11,0,3810.0842,13895.4212,163,27,0.730091,7,2
7939,15,15,0,4289.9645,15814.8223,176,34,4.044012,7,2
7940,14,14,0,3937.8859,14309.4296,168,28,1.631702,7,2
7941,12,12,0,3661.6368,13333.1841,156,26,2.478218,6,2
7942,10,10,0,3387.2520,12251.2602,148,28,1.807761,6,2
7943,16,16,0,4174.4901,15992.4507,150,30,0.945548,7,2
7944,16,16,0,4491.1735,17505.8673,155,31,1.892715,7,2
7945,12,12,0,3960.4548,14837.2742,156,26,1.238627,7,2
7946,10,10,0,3161.1634,11680.8170,130,19,1.316468,7,2
7947,12,12,0,4768.5527,19212.7637,145,25,2.084801,7,2
7948,11,11,0,2897.5034,9592.5171,154,22,0.623731,6,3
7949,12,12,0,3584.7283,13008.6414,154,23,0.704468,7,2
7950,15,15,0,3847.5113,14172.5565,157,27,1.227931,7,2
7951,14,14,0,3767.6468,13573.2340,164,31,0.825974,7,2
7952,13,13,0,3617.0475,13475.2377,143,27,1.760628,7,2
7953,14,14,0,4140.5521,15172.7606,173,31,3.783612,7,2
7954,16,16,0,4060.5855,15407.9273,150,28,1.246684,7,2
7955,13,13,0,4118.8233,15849.1167,148,25,0.728267,7,3
7956,14,14,0,3159.9615,11619.8073,129,27,1.616384,6,2
7957,14,14,0,3695.7695,13548.8476,153,31,1.232516,7,2
7958,13,13,0,3698.9027,13224.5136,165,26,1.684705,7,2
7959,16,16,0,3462.0022,12790.0108,138,25,0.912730,7,2
7960,14,14,0,3219.1236,11730.6182,134,20,0.682168,6,2
7961,15,15,0,3674.0785,12735.3925,176,31,2.422387,7,2
7962,14,14,0,3813.6897,14843.4485,130,26,1.137762,7,2
7963,11,11,0,3657.7761,13353.8805,156,24,0.662265,7,3
7964,10,10,0,3787.3027,13921.5136,159,24,0.697866,7,2
7965,11,11,0,3501.2004,12251.0018,166,27,1.736235,7,2
7966,11,11,0,3646.7734,13388.8668,153,26,1.433497,7,2
7967,14,14,0,4296.5749,17017.8745,138,28,2.660968,7,2
7968,14,14,0,3751.9261,13784.6305,155,30,1.019358,7,2
7969,12,12,0,3038.4553,10492.2764,147,20,1.221808,7,2
7970,15,15,0,3942.7108,14183.5538,172,35,3.741368,7,2
7971,16,16,0,3179.0231,11300.1157,140,30,1.764019,7,2
7972,13,13,0,3712.2403,14101.2016,138,26,1.014626,6,2
7973,11,11,0,4434.1670,17675.8352,142,34,3.277179,7,3
7974,11,11,0,3700.8208,13619.1041,154,22,0.600642,7,2
7975,10,10,0,3646.0211,13915.1057,136,24,1.155742,7,2
7976,13,13,0,3937.3582,15056.7910,144,26,2.375586,7,2
7977,11,11,0,4000.8753,15774.3763,133,28,0.732554,6,3
7978,16,16,0,4115.4220,15137.1101,168,31,3.366145,7,2
7979,10,10,0,3341.3718,11971.8592,150,23,0.484300,7,2
7980,11,11,0,4304.3329,15711.6646,185,37,3.079362,7,3
7981,11,11,0,4038.1951,14920.9757,167,30,1.348974,7,3
7982,15,15,0,3916.5789,14177.8947,168,31,1.904015,7,2
7983,14,14,0,4756.3428,19146.7140,143,27,1.461214,7,2
7984,12,12,0,3883.4171,15147.0853,134,27,0.633407,7,2
7985,15,15,0,3724.0526,13600.2630,156,29,1.411631,6,2
7986,13,13,0,3489.8515,13014.2574,139,24,0.936749,5,3
7987,16,16,0,3531.3720,12336.8599,165,32,1.450698,7,2
7988,16,16,0,3866.8946,13374.4731,185,30,1.468194,7,2
7989,14,14,0,4180.1440,14985.7198,186,35,1.957762,7,2
7990,11,11,0,3606.2791,12761.3954,167,25,0.504746,7,2
7991,16,16,0,4780.7971,18608.9855,164,32,2.273041,7,2
7992,13,13,0,3229.4670,11667.3349,139,23,0.680313,7,2
7993,15,15,0,4610.1875,17670.9376,168,36,1.459597,7,2
7994,10,10,0,4345.4607,17172.3035,144,27,0.722036,7,3
7995,16,16,0,3947.8633,14784.3167,153,31,0.751399,7,2
7996,11,11,0,3409.0069,12370.0344,147,23,1.425331,7,2
7997,14,14,0,3760.4156,13722.0779,159,31,0.880525,7,2
7998,15,15,0,3418.1743,12475.8717,142,25,1.663062,7,2
7999,11,11,0,3670.7144,13313.5719,159,23,0.549717,6,2
8000,11,11,0,3702.5806,13547.9029,157,24,0.712497,7,2
8001,14,14,0,3320.0328,11625.1640,155,26,0.744150,6,2
8002,14,14,0,4051.2008,14806.0038,171,34,0.923167,7,3
8003,11,11,0,3499.5031,12792.5157,148,25,0.657581,7,3
8004,14,14,0,4693.8897,17744.4485,180,30,1.762972,7,2
8005,11,11,0,3179.9000,11424.5001,141,23,0.639541,6,2
8006,16,16,0,4554.9251,17549.6254,162,37,2.047592,7,2
8007,11,11,0,3691.0999,13520.4994,155,27,1.342331,7,2
8008,14,14,0,4546.5312,17757.6558,155,35,1.310549,7,2
8009,14,14,0,3046.1796,10550.8982,145,23,1.446247,5,2
8010,10,10,0,2814.2643,10546.3216,109,16,0.863401,5,2
8011,11,11,0,3367.1811,12025.9054,152,23,1.323556,7,2
8012,14,14,0,3275.6370,11763.1852,143,27,0.809372,7,2
8013,10,10,0,3492.1497,12910.7486,144,23,0.586073,7,2
8014,12,12,0,3411.4815,11787.4073,166,29,0.622629,7,2
8015,13,13,0,4348.3872,17441.9361,133,27,1.823342,7,2
8016,14,14,0,4009.1009,15390.5047,145,28,0.886667,7,2
8017,13,13,0,3906.1610,14785.8052,148,30,2.215408,7,2
8018,14,14,0,4244.0050,16160.0251,158,33,1.289292,7,2
8019,16,16,0,4499.3252,15636.6258,216,33,1.907440,7,2
8020,13,13,0,3845.3638,13336.8188,186,28,1.487190,7,2
8021,12,12,0,4099.9333,14574.6666,187,33,0.902436,7,2
8022,16,16,0,4083.5045,15122.5223,164,32,2.778236,7,2
8023,14,14,0,3879.4994,14382.4972,156,27,1.266309,7,2
8024,15,15,0,3832.4473,13657.2364,171,28,1.513561,7,2
8025,12,12,0,2988.6955,11128.4774,118,21,1.428149,6,2
8026,16,16,0,4181.0341,16115.1703,147,33,1.384280,7,2
8027,13,13,0,3081.1901,10860.9505,141,23,2.193323,7,2
8028,15,15,0,4704.1800,18185.9000,166,37,1.776081,7,2
8029,16,16,0,3976.5769,15502.8847,134,31,2.313471,7,2
8030,11,11,0,3715.7050,14233.5250,136,22,0.854644,7,2
8031,14,14,0,3986.8766,15024.3828,153,31,1.222734,7,2
8032,10,10,0,3555.3984,13226.9921,144,19,0.570115,7,2
8033,15,15,0,3797.3345,13376.6727,175,25,0.785269,6,2
8034,10,10,0,3770.2286,14096.1428,152,30,0.792685,7,2
8035,12,12,0,3386.6125,12603.0627,135,23,0.789146,6,2
8036,13,13,0,3871.2796,13521.3982,185,33,3.066476,7,3
8037,13,13,0,4170.1978,16405.9890,136,25,1.647304,7,2
8038,13,13,0,4127.8306,15624.1530,157,29,1.590375,7,2
8039,14,14,0,3532.1490,13305.7450,134,24,2.164468,7,2
8040,10,10,0,3606.5992,13572.9961,141,22,0.499076,7,2
8041,13,13,0,4440.3134,17126.5670,159,26,0.968548,7,2
8042,16,16,0,4146.6206,15818.1030,151,32,1.547032,7,2
8043,12,12,0,4021.2728,14611.3642,173,26,1.964582,6,2
8044,11,11,0,3825.8342,14834.1709,135,28,0.997959,6,2
8045,14,14,0,3588.9819,13109.9093,150,26,0.993988,6,2
8046,12,12,0,3632.3586,13491.7929,146,26,1.112242,7,3
8047,11,11,0,3367.8358,12149.1788,148,25,1.034968,7,2
8048,13,13,0,4307.9717,15669.8583,187,32,0.651497,7,2
8049,16,16,0,4392.8271,17139.1356,148,33,2.920867,7,2
8050,13,13,0,4171.2562,16031.2810,151,30,0.976414,7,2
8051,11,11,0,3878.2849,14466.4247,156,26,0.646996,7,2
8052,12,12,0,4648.2625,15191.3123,281,23,1.254625,7,2
8053,15,15,0,4035.4813,14247.4066,186,36,0.885047,7,2
8054,16,16,0,4009.3956,14721.9782,165,29,0.714123,7,3
8055,14,14,0,3543.9855,13129.9275,142,27,0.778817,7,2
8056,16,16,0,5418.3213,18431.6066,299,34,3.654390,7,2
8057,16,16,0,3496.0608,12305.3042,160,26,1.740421,7,2
8058,10,10,0,3743.3702,14141.8508,145,26,1.003614,7,2
8059,13,13,0,4162.4949,15372.4747,171,32,3.100298,7,2
8060,11,11,0,4290.8737,16324.3687,163,31,1.161008,7,2
8061,11,11,0,3835.3317,14271.6586,155,27,1.482639,7,2
8062,16,16,0,4377.9075,16199.5373,177,39,2.581860,7,2
8063,11,11,0,3456.9404,12454.7021,152,24,0.725439,6,2
8064,10,10,0,3466.1255,12810.6273,143,22,0.748240,7,2
8065,11,11,0,3527.1402,12810.7011,152,24,0.563740,7,2
8066,16,16,0,4037.1505,15240.7526,152,29,1.473811,7,2
8067,11,11,0,3092.5408,11627.7041,119,20,0.762388,5,2
8068,14,14,0,4088.3895,15166.9474,165,29,1.649732,7,3
8069,12,12,0,3097.7786,10383.8931,161,22,0.587617,6,3
8070,12,12,0,3435.9908,12434.9538,149,24,0.794609,7,4
8071,16,16,0,3757.9560,13699.7800,157,27,1.476370,7,2
8072,11,11,0,3878.7772,14463.8859,156,26,0.606783,7,2
8073,14,14,0,3770.5454,13947.7269,152,24,0.952107,7,2
8074,15,15,0,4197.4775,16632.3876,134,30,2.202377,7,2
8075,12,12,0,4097.5559,15887.7795,144,26,0.819272,7,2
8076,11,11,0,3958.8221,14979.1107,153,30,0.933630,7,2
8077,12,12,0,3861.8532,14254.2660,159,30,0.786975,7,2
8078,12,12,0,3493.2086,13441.0431,124,23,2.185813,7,2
8079,14,14,0,3876.5421,14162.7106,163,32,3.167328,7,2
8080,14,14,0,4263.8493,15914.2463,169,30,0.801733,7,2
8081,10,10,0,3651.7891,13543.9456,149,25,0.548131,7,2
8082,14,14,0,3856.9230,14459.6148,150,23,0.508137,7,2
8083,15,15,0,3812.9359,13399.6796,177,34,2.996788,6,2
8084,13,13,0,3232.4563,11657.2815,140,24,0.981687,7,2
8085,11,11,0,2774.6075,10213.0377,114,21,3.230830,4,2
8086,10,10,0,3099.9744,11164.8720,137,21,0.574547,6,2
8087,14,14,0,3386.0429,11920.2143,156,29,1.642352,7,2
8088,10,10,0,4404.1916,16720.9578,170,35,0.685017,7,3
8089,14,14,0,4118.3172,16116.5858,139,33,3.879066,7,2
8090,10,10,0,3892.9672,14639.8360,153,24,0.870578,7,2
8091,16,16,0,4541.8667,16459.3335,196,31,0.646777,7,2
8092,15,15,0,4273.9349,15584.6746,181,33,5.262782,7,2
8093,10,10,0,3286.6542,12208.2709,133,23,0.540462,7,2
8094,12,12,0,3459.2710,12866.3551,138,26,1.004415,7,2
8095,10,10,0,3295.1326,12080.6631,138,23,0.625603,6,2
8096,10,10,0,3360.3003,12271.5016,143,22,1.540482,5,2
8097,13,13,0,4005.6712,15538.3561,140,27,0.972506,7,2
8098,10,10,0,4097.3759,15481.8797,159,22,0.418771,7,3
8099,13,13,0,3161.8067,11359.0336,138,24,1.310059,7,2
8100,16,16,0,4085.9696,15224.8479,161,28,2.083960,7,2
8101,15,15,0,3534.1853,12750.9264,152,25,3.006135,7,2
8102,15,15,0,4134.3346,15516.6732,159,32,2.740829,7,2
8103,11,11,0,3753.7391,13523.6954,166,27,0.743364,7,2
8104,15,15,0,3815.8418,13629.2088,170,30,2.021559,7,2
8105,12,12,0,3961.9445,15124.7223,147,24,2.027084,7,2
8106,13,13,0,3385.8073,12469.0364,138,25,1.398202,6,2
8107,16,16,0,3838.8881,14149.4404,155,27,0.555436,7,2
8108,12,12,0,3804.4428,14662.2138,136,26,1.033386,7,2
8109,14,14,0,3671.0025,13570.0125,149,23,1.372550,7,2
8110,15,15,0,4174.9940,16204.9700,145,36,3.018746,7,2
8111,12,12,0,4083.8590,15654.2950,150,31,0.641912,7,2
8112,15,15,0,4235.6950,15708.4749,173,38,1.094047,6,2
8113,16,16,0,4066.8678,14709.3389,175,29,2.139083,7,2
8114,10,10,0,3621.2003,14086.0013,127,26,1.121079,6,2
8115,11,11,0,3786.6853,14028.4264,154,22,0.638674,7,2
8116,11,11,0,3367.8943,12574.4716,134,23,0.860619,7,2
8117,13,13,0,3922.7032,14883.5162,147,29,1.191196,7,2
8118,10,10,0,3890.0751,14490.3755,158,26,1.402134,7,2
8119,10,10,0,3110.5627,10942.8134,146,18,0.900327,7,2
8120,12,12,0,3447.4480,12512.2400,148,24,0.615622,7,2
8121,12,12,0,3781.2917,13666.4583,165,28,0.924119,7,2
8122,12,12,0,3346.4841,11992.4205,149,31,1.084307,6,2
8123,15,15,0,4341.5006,16197.5029,172,31,0.955810,7,2
8124,12,12,0,3415.8022,12694.0110,137,24,2.037784,7,2
8125,16,16,0,3880.8867,14569.4336,149,30,1.062941,7,2
8126,13,13,0,4173.2162,15096.0809,182,33,1.095988,7,2
8127,16,16,0,3731.0793,13775.3964,150,27,2.480816,7,2
8128,13,13,0,4073.3554,15471.7772,152,31,1.740439,7,2
8129,15,15,0,3931.2392,14711.1960,153,36,2.126661,7,2
8130,13,13,0,3945.3656,14166.8279,175,31,1.345107,7,2
8131,10,10,0,3597.2944,13011.4721,158,25,0.906606,7,3
8132,14,14,0,3610.0688,14355.3441,112,24,2.513585,6,2
8133,16,16,0,3899.1926,14465.9632,156,28,1.848769,7,2
8134,14,14,0,4598.9901,18074.9506,153,32,2.244979,7,2
8135,16,16,0,3645.0560,13965.2801,129,25,2.237536,7,2
8136,12,12,0,3790.8617,14004.3086,156,29,0.800007,7,2
8137,16,16,0,4152.1326,15085.6631,176,34,0.773762,7,2
8138,13,13,0,3801.8434,14864.2171,129,26,2.803128,7,2
8139,16,16,0,3582.3445,13321.7226,141,28,1.644347,7,2
8140,11,11,0,3388.5578,12227.7889,149,24,0.956562,7,2
8141,13,13,0,3700.4015,11882.0077,210,31,0.990571,7,2
8142,15,15,0,3735.7815,13798.9076,151,28,1.475113,7,2
8143,13,13,0,3905.4792,14687.3962,151,25,1.706740,7,3
8144,12,12,0,3170.1599,10700.7996,162,25,0.538373,7,4
8145,15,15,0,3698.3411,13196.7055,165,33,0.810410,6,2
8146,15,15,0,4198.4524,15932.2622,156,31,1.923197,7,2
8147,15,15,0,3589.1179,12425.5897,172,30,1.438280,7,2
8148,11,11,0,3610.4796,12987.3982,160,25,0.494091,7,2
8149,11,11,0,3965.9266,14524.6332,168,27,0.721999,7,3
8150,16,16,0,3943.8023,15189.0113,139,29,3.170791,7,2
8151,10,10,0,3291.9750,11654.8752,152,25,1.244896,6,2
8152,14,14,0,3616.3209,12946.6044,159,29,2.275469,7,2
8153,13,13,0,3765.1802,14215.9008,143,25,1.353324,7,2
8154,10,10,0,3511.9810,13064.9049,142,25,0.798433,6,2
8155,11,11,0,3439.5854,12312.9268,154,22,1.293546,7,2
8156,11,11,0,3561.6443,13233.2213,145,25,0.555842,7,2
8157,13,13,0,3855.4331,14457.1657,150,28,3.695318,7,2
8158,11,11,0,3657.6246,14068.1228,132,24,1.082200,5,2
8159,15,15,0,4533.0768,15930.3840,213,33,3.283455,7,2
8160,10,10,0,3524.0940,13080.4700,143,25,0.713313,7,2
8161,15,15,0,4230.4478,15672.2389,171,27,0.838941,7,3
8162,14,14,0,3702.5230,13242.6148,164,29,1.069890,7,2
8163,12,12,0,3775.3893,13636.9463,165,27,4.960650,7,2
8164,12,12,0,3686.7440,13988.7202,139,26,0.796050,7,2
8165,11,11,0,3750.5952,13702.9758,161,27,2.754275,7,2
8166,16,16,0,4183.1605,16075.8027,148,28,1.413719,7,2
8167,12,12,0,3545.8429,12764.2145,156,28,1.578915,7,2
8168,11,11,0,3827.8241,14039.1205,161,26,1.889467,7,2
8169,10,10,0,3208.3622,11241.8112,152,19,0.504664,7,3
8170,16,16,0,4373.3791,16016.8953,183,34,2.168977,7,2
8171,15,15,0,4020.5370,14247.6852,183,30,1.636082,7,2
8172,10,10,0,3183.7508,11178.7542,150,21,0.770678,7,2
8173,16,16,0,3942.9984,15339.9919,133,33,2.272341,7,2
8174,16,16,0,4130.9102,15774.5509,150,31,1.611836,7,2
8175,15,15,0,3666.4286,13572.1429,147,27,0.932188,7,2
8176,16,16,0,4189.2014,16166.0070,147,28,1.631623,7,2
8177,13,13,0,3379.9276,12279.6379,143,22,2.141767,6,2
8178,13,13,0,3621.3469,13036.7347,158,27,2.209487,7,2
8179,10,10,0,3380.7181,12333.5903,145,21,0.686673,7,2
8180,12,12,0,3313.4653,12017.3263,142,21,0.408936,7,2
8181,11,11,0,3407.3342,12211.6710,152,24,0.720371,7,2
8182,10,10,0,3840.0835,14665.4177,143,20,0.581176,7,2
8183,16,16,0,3859.0998,14435.4989,149,30,2.575382,7,2
8184,14,14,0,3274.0778,11800.3891,141,22,0.645839,7,2
8185,16,16,0,3256.1955,10905.9777,166,23,0.791355,7,2
8186,10,10,0,3348.5548,12407.7740,136,19,0.589524,7,2
8187,13,13,0,2928.6035,10193.0173,138,25,2.344506,6,2
8188,14,14,0,3791.0242,13770.1208,162,28,0.846847,7,2
8189,10,10,0,2744.1588,9765.7940,124,21,0.725825,5,2
8190,10,10,0,3278.6933,11148.4667,167,25,1.177100,7,3
8191,16,16,0,4271.8887,16679.4433,143,30,2.426433,7,2
8192,12,12,0,3307.4787,11397.3937,162,27,0.918440,6,2
8193,16,16,0,4293.0719,15890.3593,173,31,3.212598,7,2
8194,16,16,0,3650.5145,13417.5723,149,29,2.241485,7,2
8195,10,10,0,3134.3458,11411.7290,134,20,0.604612,7,2
8196,12,12,0,3319.2284,11626.1418,156,28,1.021293,6,2
8197,13,13,0,4832.3539,19116.7693,158,31,2.152446,7,2
8198,10,10,0,2466.9338,8514.6690,120,18,1.238609,5,2
8199,11,11,0,3562.8205,12929.1023,154,21,0.814693,7,2
8200,10,10,0,2771.6909,9688.4544,131,22,2.816435,5,2
8201,12,12,0,4246.5248,16162.6239,160,26,0.797128,7,2
8202,11,11,0,3584.0080,13760.0401,130,22,1.250561,6,2
8203,11,11,0,3335.0608,12100.3041,144,25,0.797863,7,2
8204,16,16,0,4137.4992,16397.4961,131,32,2.654329,7,2
8205,14,14,0,3612.4411,13412.2057,143,26,2.036521,7,2
8206,13,13,0,3390.0855,12580.4276,135,25,3.077320,6,2
8207,14,14,0,3836.5018,13852.5091,166,26,0.770187,7,2
8208,13,13,0,3602.2064,12346.0320,178,26,1.512766,7,2
8209,10,10,0,3652.2745,13351.3726,156,23,0.610486,7,2
8210,16,16,0,4070.8110,15119.0548,162,32,2.000876,7,3
8211,13,13,0,3794.9775,13404.8873,177,27,2.418023,7,2
8212,12,12,0,3605.7730,13223.8651,151,27,1.251764,7,2
8213,14,14,0,4087.3563,15476.7813,154,28,1.053930,7,2
8214,13,13,0,4276.5488,16257.7441,161,29,3.732262,7,2
8215,14,14,0,3540.1650,12540.8250,161,26,1.491125,7,2
8216,13,13,0,3800.7232,14063.6159,156,33,0.699553,7,2
8217,15,15,0,4157.5741,15922.8706,150,29,2.133240,7,2
8218,12,12,0,3333.8573,12149.2864,141,26,0.985891,6,2
8219,14,14,0,4168.2368,15196.1840,177,29,0.873749,7,2
8220,12,12,0,3828.4470,13937.2349,164,29,0.693707,7,2
8221,15,15,0,4348.7696,15608.8482,193,33,2.212447,7,2
8222,11,11,0,3846.6821,14508.4103,149,24,0.804628,7,2
8223,14,14,0,4026.8407,15899.2033,130,29,2.182094,7,2
8224,10,10,0,3215.2616,11426.3078,147,22,0.729624,7,2
8225,11,11,0,3322.5282,12012.6412,145,20,1.333156,7,2
8226,14,14,0,3650.0387,14060.1936,128,25,2.954678,7,2
8227,14,14,0,3743.4755,14122.3773,142,26,2.131155,7,2
8228,12,12,0,4145.1172,15815.5858,154,27,1.168998,7,2
8229,14,14,0,3878.4730,14297.3652,159,32,1.601319,7,2
8230,14,14,0,4027.6207,15148.1035,156,30,2.525309,7,2
8231,16,16,0,3676.8057,13829.0284,139,25,2.281864,7,2
8232,15,15,0,3649.4467,13487.2337,146,22,1.756440,7,2
8233,13,13,0,3948.9938,14294.9690,172,29,1.274816,7,2
8234,12,12,0,3914.6074,14863.0370,149,29,1.017459,7,2
8235,11,11,0,3722.4976,14152.4880,140,25,1.741797,7,2
8236,15,15,0,4326.9882,16709.9411,153,27,1.778822,7,2
8237,12,12,0,3607.2596,13331.2980,147,28,1.352350,7,2
8238,13,13,0,3152.2610,11141.3050,144,21,1.316297,6,2
8239,12,12,0,3614.8146,13944.0729,128,26,0.952646,7,2
8240,10,10,0,3280.0441,12265.2203,130,21,0.912358,6,3
8241,16,16,0,4450.8898,16529.4492,178,33,3.179888,7,2
8242,14,14,0,3733.9239,12969.6193,179,26,1.195043,7,2
8243,14,14,0,4506.3773,18031.8864,139,29,2.267083,7,2
8244,10,10,0,3500.1767,12795.8835,149,26,0.939678,7,2
8245,12,12,0,3243.8908,11739.4540,140,26,1.956472,7,2
8246,13,13,0,3352.8381,12134.1904,144,24,1.923288,7,2
8247,16,16,0,4411.5191,16477.5955,174,34,1.466947,7,2
8248,12,12,0,4221.9380,15869.6898,165,31,0.745143,7,2
8249,15,15,0,3899.3622,14351.8111,160,32,2.072690,7,2
8250,14,14,0,4050.1066,14415.5330,184,34,1.710955,7,2
8251,16,16,0,4308.3863,16441.9317,157,28,2.182232,7,2
8252,16,16,0,3741.1807,14265.9034,137,30,1.275597,7,2
8253,11,11,0,4167.7258,15958.6292,154,26,0.778003,7,2
8254,11,11,0,4336.8107,16829.0537,153,23,0.948803,7,3
8255,12,12,0,4272.4034,15347.0169,191,40,0.714127,7,2
8256,16,15,1,4699.1579,17780.7896,178,160,3.362209,7,2
8257,16,16,0,4166.0528,15615.2641,162,34,1.040885,7,2
8258,13,13,0,4069.6298,15138.1488,164,30,2.139307,7,3
8259,13,13,0,3659.9126,13359.5631,155,27,0.642402,7,2
8260,14,14,0,3323.7838,11753.9188,151,24,1.398901,6,2
8261,11,11,0,3762.6513,13823.2564,158,28,0.915788,7,3
8262,12,12,0,4029.1271,15295.6356,152,29,1.173035,7,2
8263,12,12,0,3023.1631,10975.8157,129,21,0.687587,6,2
8264,16,16,0,3829.9601,14799.8003,133,32,1.559218,7,2
8265,11,11,0,3499.2728,13066.3638,139,26,1.171866,6,2
8266,15,15,0,4045.4114,15277.0572,153,27,1.420461,7,2
8267,16,16,0,4229.7241,16338.6203,148,30,2.269985,7,2
8268,15,15,0,4041.2748,15131.3738,158,31,1.083382,7,2
8269,12,12,0,4331.3390,16136.6948,175,26,1.001406,7,2
8270,16,16,0,5184.2113,20696.0566,162,36,3.719893,7,2
8271,16,16,0,3851.6327,14348.1635,151,27,2.934572,7,3
8272,14,14,0,4094.2166,15471.0830,156,29,0.847505,6,2
8273,11,11,0,3196.2257,11151.1286,152,24,0.773085,7,2
8274,14,14,0,3305.9477,11449.7386,158,25,0.996577,6,2
8275,11,11,0,3795.1776,14575.8880,138,24,1.101559,7,2
8276,15,15,0,3564.1789,13520.8946,131,26,2.365017,7,2
8277,11,11,0,3377.2622,11646.3108,166,27,1.004245,7,2
8278,10,10,0,4170.8727,16044.3637,153,24,0.687946,7,2
8279,14,14,0,4206.0055,16140.0274,152,28,2.012626,7,2
8280,11,11,0,2783.7485,9333.7426,144,25,1.179711,5,2
8281,13,13,0,4067.6298,15678.1491,145,27,1.027389,7,2
8282,10,10,0,3720.8143,13804.0715,153,26,0.861572,7,3
8283,15,15,0,3905.1828,14690.9140,150,29,2.153908,7,2
8284,10,10,0,3261.4163,11657.0815,147,23,0.809251,7,2
8285,15,15,0,3573.8982,13379.4911,138,30,3.271235,7,2
8286,12,12,0,3140.2001,11136.0005,143,22,2.092256,7,2
8287,13,13,0,3738.3628,14236.8142,138,24,1.213932,6,2
8288,11,11,0,3600.1946,13475.9730,142,25,0.958652,7,2
8289,11,11,0,3785.7637,14463.8184,140,24,0.673957,7,2
8290,11,11,0,2967.1347,9920.6734,155,21,1.707296,7,2
8291,16,16,0,3603.1003,12640.5013,166,25,1.555789,7,2
8292,11,11,0,3975.3468,14876.7341,158,23,0.901044,7,3
8293,16,16,0,3894.8378,14724.1891,147,31,2.846472,7,2
8294,15,15,0,3975.7104,14658.5520,161,29,1.983445,7,2
8295,10,10,0,3579.4530,13667.2648,133,24,0.957282,7,2
8296,14,14,0,3878.0128,14105.0642,165,31,1.895387,7,2
8297,15,15,0,4592.0710,17200.3548,180,37,2.220751,7,2
8298,12,12,0,3480.1774,12075.8872,168,26,0.577148,7,4
8299,12,12,0,3609.1011,13390.5056,146,30,0.868343,7,2
8300,10,10,0,2914.9641,10889.8205,115,21,0.800428,5,3
8301,12,12,0,3108.7444,10978.7221,143,21,0.979704,7,2
8302,11,11,0,3324.1843,12095.9216,142,24,1.094150,7,2
8303,12,12,0,3974.3720,15081.8600,151,28,1.130462,7,2
8304,16,16,0,4521.5616,17482.8081,159,33,2.684932,7,2
8305,14,14,0,4017.9440,15579.7201,140,32,2.691934,6,2
8306,14,14,0,3623.4215,13467.1075,144,25,0.695515,7,2
8307,10,10,0,3170.6792,11248.3962,146,24,0.893291,7,2
8308,11,11,0,3920.4240,14837.1199,150,26,1.593987,7,2
8309,13,13,0,3792.6932,13873.4658,159,27,1.856120,7,2
8310,14,14,0,3412.9237,11799.6187,164,27,2.162569,7,2
8311,15,15,0,3082.8459,9899.2295,172,27,1.651309,6,2
8312,12,12,0,3535.4193,12787.0967,153,25,1.192328,7,2
8313,12,12,0,3147.5066,11002.5331,148,23,1.340262,6,2
8314,13,13,0,3675.2692,13751.3458,145,25,1.342661,7,2
8315,12,12,0,4444.1893,17300.9467,155,32,2.385675,7,2
8316,10,10,0,3147.2901,11276.4506,142,20,0.529969,6,2
8317,11,11,0,3492.3917,12471.9584,157,23,0.943727,6,2
8318,10,10,0,3638.5744,13602.8719,146,27,0.826750,7,2
8319,12,12,0,3625.6730,13188.3652,156,29,1.397980,6,2
8320,11,11,0,3603.5998,13172.9988,153,25,1.013068,7,2
8321,10,10,0,3386.0085,12160.0424,151,22,0.725711,7,2
8322,15,15,0,4174.5500,15727.7501,160,33,1.339310,7,2
8323,14,14,0,4221.9586,15944.7932,161,31,3.128858,7,2
8324,13,13,0,4135.5721,15707.8605,156,26,0.604485,7,3
8325,11,11,0,3434.4419,12387.2097,151,25,0.626080,7,2
8326,13,13,0,4527.7798,16703.8989,188,31,3.142795,7,2
8327,14,14,0,3878.0517,13500.2585,185,31,3.231687,7,2
8328,15,15,0,4334.3634,16856.8170,149,30,1.693297,7,2
8329,15,15,0,3279.6999,11098.4995,164,27,1.225302,6,2
8330,15,15,0,3502.7637,12663.8184,150,26,0.941427,7,2
8331,13,13,0,3764.3227,14176.6135,145,28,1.345974,7,2
8332,14,14,0,3979.7314,14568.6568,166,30,3.038757,7,2
8333,11,11,0,3884.7994,14478.9968,156,26,0.719596,7,3
8334,15,15,0,3455.2612,11521.3060,180,28,1.769731,6,2
8335,10,10,0,3871.7922,14908.9610,141,29,1.144253,7,2
8336,12,12,0,4161.8273,16274.1363,142,30,0.923424,7,3
8337,16,16,0,3846.4541,13657.2706,174,26,0.806058,7,2
8338,13,13,0,3803.0459,14270.2296,148,32,0.733614,7,2
8339,16,16,0,4380.5769,17082.8844,148,27,2.051479,7,2
8340,14,14,0,3440.1485,12495.7424,146,26,1.381322,7,2
8341,10,10,0,3511.3466,12841.7331,150,25,1.188805,7,2
8342,12,12,0,4033.3938,15446.9689,149,31,1.231517,7,2
8343,16,16,0,4282.1281,16180.6404,162,30,1.684768,7,2
8344,11,11,0,3660.4699,13457.3495,154,27,1.068630,7,2
8345,13,13,0,3256.9862,10714.9310,175,26,1.114871,7,2
8346,10,10,0,3372.3192,11966.5962,155,23,1.430496,7,2
8347,15,15,0,3934.0719,14820.3594,149,25,0.684421,7,2
8348,10,10,0,3699.1249,14210.6245,135,26,1.201858,7,2
8349,13,13,0,3579.5415,13207.7077,146,28,1.752924,7,2
8350,14,14,0,3680.9471,13744.7356,144,24,1.682339,7,2
8351,14,14,0,4049.1877,15175.9383,158,29,1.200675,7,2
8352,13,13,0,3830.6784,13828.3918,168,30,1.117878,7,2
8353,13,13,0,3794.7027,14128.5133,151,25,0.934244,6,3
8354,12,12,0,3558.3343,13116.6717,146,25,1.086890,7,2
8355,12,12,0,3889.3730,14161.8651,167,29,0.838917,7,2
8356,13,13,0,3902.6681,13653.3406,184,28,0.888347,7,3
8357,11,11,0,3588.6331,12993.1654,156,22,0.810265,7,2
8358,12,12,0,3753.2591,14291.2954,140,27,1.491943,7,2
8359,16,16,0,3920.4616,14687.3079,152,30,1.530203,7,2
8360,14,14,0,4524.2158,16676.0791,187,35,1.328778,7,2
8361,13,13,0,3918.8044,14839.0222,148,28,1.344403,7,3
8362,15,15,0,3882.4866,14662.4331,147,28,1.330016,6,2
8363,11,11,0,3792.4590,14287.2952,147,30,1.627274,7,2
8364,13,13,0,3866.5061,14167.5303,162,33,0.710097,7,2
8365,14,14,0,4530.1068,17255.5338,169,38,0.731968,7,2
8366,14,14,0,4793.8804,18499.4018,171,33,2.213389,7,2
8367,15,15,0,4022.0209,15225.1047,150,27,0.911130,7,2
8368,16,16,0,4479.9727,17719.8636,144,30,1.934965,7,2
8369,13,13,0,3721.6905,13648.4523,155,26,2.476861,7,2
8370,13,13,0,3673.6854,14123.4268,131,24,1.797832,7,2
8371,12,12,0,3032.2284,11091.1418,127,24,1.236948,6,2
8372,14,14,0,3998.9921,14319.9607,178,33,3.218390,7,2
8373,15,15,0,4400.4836,16152.4181,183,30,1.329618,7,2
8374,12,12,0,3820.7353,14673.6766,138,23,0.665829,7,2
8375,16,16,0,3944.8920,14259.4598,170,36,1.666344,7,2
8376,11,11,0,3549.7144,12573.5721,164,25,0.595018,7,3
8377,15,15,0,3973.8574,14529.2869,166,35,1.593802,7,2
8378,10,10,0,3486.2095,13141.0475,135,20,0.807109,6,3
8379,15,15,0,3756.5709,14132.8545,142,26,2.459267,6,2
8380,16,16,0,3900.5463,14822.7314,143,27,1.575034,7,2
8381,14,14,0,4468.8350,16689.1750,177,32,1.458069,7,2
8382,13,13,0,3506.5724,12307.8619,164,31,2.577325,7,2
8383,15,15,0,4014.8979,15069.4893,155,30,1.644401,7,2
8384,12,12,0,4003.7339,14948.6694,160,27,0.717128,7,2
8385,10,10,0,3767.4891,14447.4455,139,28,0.781741,6,2
8386,12,12,0,3182.7729,11088.8644,151,23,1.010625,6,2
8387,12,12,0,3455.3152,13101.5760,130,28,1.059950,6,2
8388,11,11,0,3709.6491,14358.2456,131,22,0.758189,7,2
8389,14,14,0,3963.7202,15213.6008,142,28,3.512713,7,2
8390,12,12,0,3769.0775,13540.3876,167,29,2.755564,7,2
8391,10,10,0,3877.2337,14536.1683,154,25,0.636877,7,2
8392,13,13,0,3640.5871,13267.9356,153,24,1.931410,7,2
8393,15,15,0,3916.4532,14287.2659,166,40,2.652074,7,2
8394,10,10,0,3180.2008,11241.0040,147,21,0.823537,7,2
8395,11,11,0,3582.1670,13745.8350,130,24,2.989583,7,2
8396,13,13,0,2802.8552,10044.2760,122,22,0.817784,5,2
8397,15,15,0,4437.2413,17201.2065,154,31,2.297830,7,2
8398,16,16,0,4149.5534,15352.7671,167,30,1.550339,7,2
8399,11,11,0,3985.7658,15038.8292,154,23,0.867450,7,2
8400,16,16,0,3929.8763,13684.3816,186,35,3.670638,7,2
8401,11,11,0,3388.0578,12720.2890,132,22,0.676598,6,2
8402,16,16,0,4444.2968,16981.4839,163,36,2.356009,7,2
8403,13,13,0,4088.1528,16065.7642,135,27,1.448185,6,2
8404,10,10,0,3698.3335,13496.6674,159,27,1.063675,6,3
8405,13,13,0,3908.0758,14435.3788,160,27,0.628752,7,3
8406,13,13,0,3814.3798,13966.8988,160,28,0.735859,7,2
8407,12,12,0,3459.6483,12748.2415,142,21,3.124325,6,2
8408,13,13,0,3889.4073,14042.0365,170,30,1.066288,7,2
8409,16,16,0,4014.9374,14734.6871,166,32,2.631533,7,2
8410,10,10,0,4005.5742,15417.8710,146,28,0.872462,7,2
8411,12,12,0,3630.3976,12776.9880,169,25,0.809966,7,2
8412,11,11,0,4476.6960,17943.4798,140,28,0.663592,7,2
8413,10,10,0,3926.4985,14977.4924,148,25,0.998310,7,2
8414,10,10,0,3494.1056,13025.5279,140,21,0.969636,7,2
8415,16,16,0,5291.2655,20836.3277,175,35,1.961394,7,2
8416,16,16,0,4590.6647,17478.3233,170,26,1.777666,7,2
8417,11,11,0,3016.1933,11060.9664,125,17,0.549076,5,3
8418,10,10,0,3596.4063,13287.0314,149,20,0.524145,7,3
8419,15,15,0,3504.8575,13329.2877,128,27,1.462445,7,2
8420,16,16,0,4087.5491,15917.7457,139,32,2.467738,7,2
8421,16,16,0,3764.1871,13925.9354,152,29,0.817785,7,2
8422,12,12,0,3794.1214,13455.6072,174,31,1.228113,7,2
8423,10,10,0,3570.5481,13382.7407,141,22,1.138795,7,2
8424,13,13,0,3014.6974,10953.4871,127,23,0.814664,6,2
8425,13,13,0,3764.9080,13444.5401,169,24,1.913517,7,2
8426,11,11,0,4919.4402,16762.2009,273,25,0.762103,7,2
8427,13,13,0,4150.4879,15657.4393,160,33,1.135947,7,2
8428,12,12,0,4288.9600,16749.7999,147,28,1.877379,7,2
8429,15,15,0,4604.9367,18124.6835,151,32,3.482975,7,2
8430,16,16,0,3768.6259,13883.1294,153,29,2.232381,7,2
8431,16,16,0,3607.3763,13256.8817,147,27,2.910315,7,2
8432,14,14,0,3495.9221,12479.6106,156,25,1.400442,7,2
8433,13,13,0,3415.7884,12373.9421,147,23,0.851974,7,3
8434,16,16,0,4413.3584,16716.7919,166,36,1.830706,7,2
8435,15,15,0,3874.1967,13825.9836,173,28,0.753601,7,2
8436,14,14,0,3794.4483,14157.2413,149,26,1.490710,7,2
8437,10,10,0,3341.2963,12151.4814,144,22,0.484626,7,2
8438,11,11,0,3601.7649,13038.8243,157,24,1.250749,7,2
8439,15,15,0,3752.0588,13520.2940,163,35,3.091586,7,2
8440,10,10,0,3497.9191,12684.5957,152,26,1.616900,7,2
8441,11,11,0,4066.1181,15800.5906,142,28,1.224854,7,2
8442,11,11,0,3654.7858,13728.9291,142,22,0.649057,7,2
8443,11,11,0,3596.7507,13533.7534,140,22,0.596133,6,3
8444,14,14,0,4198.9717,15794.8584,162,28,0.764471,7,3
8445,13,13,0,4586.1867,18155.9337,149,29,1.601724,7,2
8446,10,10,0,3644.5008,13567.5041,147,23,0.546231,7,2
8447,12,12,0,3711.4183,13602.0916,156,27,0.590641,7,2
8448,11,11,0,3324.6291,11328.1454,168,25,1.147583,6,2
8449,15,15,0,3667.2984,13691.4919,143,30,1.727979,6,2
8450,11,11,0,3619.8056,13734.0280,137,25,0.816124,7,3
8451,13,13,0,3810.8649,14689.3246,135,25,1.115540,7,3
8452,14,14,0,3573.9692,12909.8458,154,22,1.644364,7,2
8453,11,11,0,3751.3166,13596.5828,163,26,0.815532,7,2
8454,13,13,0,3247.8569,11634.2844,143,24,1.719758,6,2
8455,11,11,0,3401.4631,12072.3154,156,25,0.950691,7,2
8456,13,13,0,4130.0540,15715.2698,154,27,1.404746,7,2
8457,12,12,0,3753.2819,13756.4097,158,23,0.802234,7,2
8458,13,13,0,3663.6882,13363.4408,155,27,0.917430,7,2
8459,13,13,0,4381.6547,16468.2735,171,31,2.115842,7,2
8460,13,13,0,4509.6390,17278.1951,165,32,0.985934,7,2
8461,12,12,0,3698.2843,13996.4216,140,27,1.969946,7,2
8462,14,14,0,3982.3587,14931.7933,155,28,1.900539,7,2
8463,15,15,0,3916.6237,14728.1186,149,28,1.306934,7,2
8464,11,11,0,3445.0599,12790.2994,140,24,1.135570,7,2
8465,14,14,0,4038.8357,15709.1786,139,26,1.432564,7,2
8466,11,11,0,3160.5944,10642.9721,163,24,0.546258,7,2
8467,14,14,0,4285.4931,16217.4657,163,30,2.098154,7,2
8468,16,16,0,4245.7610,16488.8048,146,33,2.248368,7,2
8469,14,14,0,3511.8001,12394.0007,161,28,1.487309,7,2
8470,12,12,0,4202.1773,15920.8865,161,33,0.729417,7,2
8471,14,14,0,3532.7895,12378.9475,167,30,1.264867,6,2
8472,16,16,0,3896.4100,14642.0500,149,27,2.137903,7,2
8473,14,14,0,4610.8693,18169.3465,152,29,0.849333,7,2
8474,10,10,0,3761.8516,13699.2579,162,24,0.513431,7,2
8475,13,13,0,3631.9535,13564.7677,143,26,2.843232,7,2
8476,12,12,0,3348.2662,11906.3309,152,23,1.838325,7,2
8477,13,13,0,3677.7164,13973.5818,137,27,0.845103,6,2
8478,16,16,0,4123.1374,15135.6868,170,31,1.002718,7,3
8479,16,16,0,4479.4602,16197.3010,194,37,2.165796,7,2
8480,16,16,0,3660.7764,13803.8819,137,26,1.735516,7,2
8481,10,10,0,3261.5243,11987.6214,136,19,0.840692,6,2
8482,12,12,0,4949.2557,19381.2785,170,36,1.100005,7,2
8483,16,16,0,3915.4777,14387.3885,160,26,2.331478,7,2
8484,13,13,0,3690.0715,13195.3574,165,31,1.052147,7,2
8485,12,12,0,3963.1273,15270.6364,142,28,2.574128,7,2
8486,14,14,0,3451.1194,12175.5970,158,26,1.133729,7,2
8487,12,12,0,4275.1078,16405.5391,156,28,0.791413,7,2
8488,14,14,0,3584.8074,13084.0368,150,27,2.068809,7,2
8489,15,15,0,3473.3884,12331.9422,156,29,1.218939,7,2
8490,15,15,0,4092.1552,15690.7759,147,28,1.712310,7,2
8491,10,10,0,3362.4790,11837.3951,158,24,0.609049,6,2
8492,15,15,0,3916.3804,14381.9022,161,30,2.308299,7,2
8493,13,13,0,3615.6999,13058.4994,157,31,1.867126,6,2
8494,16,16,0,3526.6155,12988.0773,142,28,2.578925,7,2
8495,12,12,0,3911.1538,15240.7690,135,27,0.713785,7,2
8496,15,15,0,4291.0599,15305.2993,193,32,2.773474,7,3
8497,10,10,0,3437.4082,12962.0408,134,26,0.634009,7,2
8498,15,15,0,3597.6115,13533.0573,137,26,1.834904,7,2
8499,11,11,0,3485.0301,12505.1506,155,25,1.777325,7,2
8500,15,15,0,4732.4743,18192.3713,170,31,3.132420,7,3
8501,12,12,0,3462.9246,12504.6229,151,27,2.188879,7,2
8502,11,11,0,3724.2895,13411.4476,164,27,0.818980,7,2
8503,14,14,0,3503.6654,13368.3270,127,26,2.958384,6,2
8504,13,13,0,3741.3113,13946.5565,148,25,0.885353,7,2
8505,14,14,0,3720.7471,13773.7357,150,27,3.249286,7,2
8506,10,10,0,3682.6486,13678.2428,150,24,0.531761,7,3
8507,15,15,0,3854.5130,14052.5648,162,28,1.035735,7,3
8508,15,15,0,3917.0461,14750.2303,149,30,2.592959,7,2
8509,13,13,0,3735.7595,14268.7976,137,24,0.640759,7,3
8510,13,13,0,3807.3325,13761.6623,168,33,1.812699,6,2
8511,11,11,0,3317.1043,12070.5213,142,27,0.996881,7,2
8512,12,12,0,3607.2816,13236.4078,150,23,0.639905,7,3
8513,12,12,0,3774.3888,14326.9440,142,27,1.108367,7,2
8514,11,11,0,3912.3645,14611.8225,157,29,3.072706,7,2
8515,13,13,0,3805.0245,13895.1224,160,25,1.505571,7,2
8516,13,13,0,3907.4450,14097.2250,171,25,0.948478,7,2
8517,12,12,0,3735.0524,13840.2620,152,23,0.887125,7,2
8518,15,15,0,3993.9486,15194.7432,148,30,2.095780,7,2
8519,11,11,0,3574.6665,12928.3324,156,27,3.757407,7,2
8520,13,13,0,4103.7678,16113.8392,137,27,1.402498,7,3
8521,10,10,0,4631.6844,18723.4222,140,25,0.811309,7,2
8522,11,11,0,3842.4084,14337.0422,153,24,0.618824,7,2
8523,14,14,0,3375.6358,12568.1792,133,26,0.768319,6,2
8524,10,10,0,3557.6369,13203.1845,145,23,0.630720,7,2
8525,10,10,0,3276.9225,11754.6126,147,22,0.598883,7,3
8526,13,13,0,3153.5131,11332.5656,137,26,5.215466,5,2
8527,11,11,0,3141.8868,11639.4340,127,25,1.969943,6,2
8528,10,10,0,3518.3600,12211.8002,172,27,1.762650,7,2
8529,16,16,0,4166.8003,16049.0017,147,32,1.984164,7,2
8530,15,15,0,3361.4628,11962.3138,150,28,2.978935,6,2
8531,12,12,0,3159.6292,11458.1458,136,26,0.735109,6,2
8532,12,12,0,4857.1402,19180.7010,161,31,1.591567,7,2
8533,10,10,0,3262.7303,12348.6515,125,23,0.781214,6,2
8534,11,11,0,3830.5080,13962.5400,164,22,0.651793,7,2
8535,11,11,0,3657.4414,13912.2072,138,22,0.624601,7,2
8536,11,11,0,3281.4407,12157.2037,133,25,0.904329,6,2
8537,11,11,0,4065.1037,15610.5184,150,26,1.612763,7,2
8538,10,10,0,3461.5858,12902.9292,139,26,0.669321,6,2
8539,13,13,0,3550.3072,12996.5362,148,24,1.544177,7,2
8540,15,15,0,3896.3987,15226.9935,131,34,2.837994,6,2
8541,13,13,0,3497.0485,12290.2424,163,28,2.980799,7,2
8542,11,11,0,3532.0615,12840.3077,152,25,0.635572,7,2
8543,10,10,0,3143.0822,11580.4112,130,18,0.724229,7,2
8544,15,15,0,3978.8600,14719.2999,161,27,1.290866,7,2
8545,14,14,0,3855.5651,14367.8257,153,26,1.466674,7,2
8546,14,14,0,3925.8987,15264.4937,134,26,1.632206,6,2
8547,16,16,0,3780.2371,14406.1856,137,25,0.872718,7,2
8548,15,15,0,3671.0151,12005.0753,200,35,2.188087,6,2
8549,10,10,0,3326.0456,12000.2278,147,20,2.618360,7,2
8550,13,13,0,3635.8507,12974.2534,164,34,1.004606,6,2
8551,13,13,0,3936.2675,14511.3373,162,29,0.996692,7,2
8552,13,13,0,4019.8959,15539.4796,142,28,1.470821,7,2
8553,11,11,0,3636.6681,13568.3403,145,23,0.614883,7,2
8554,16,16,0,4684.1528,17745.7639,176,34,3.736691,7,2
8555,12,12,0,3486.5281,12827.6403,144,24,0.836130,6,2
8556,12,12,0,3024.1255,10775.6274,135,21,0.634392,6,2
8557,14,14,0,3406.8531,12959.2654,125,28,1.767693,6,2
8558,16,16,0,4826.8044,18604.0222,172,32,3.441655,7,2
8559,14,14,0,3851.2879,14821.4394,137,30,2.097821,7,2
8560,10,10,0,3302.1262,11745.6309,151,24,1.069544,7,2
8561,13,13,0,3548.8943,13069.4716,146,31,1.019897,6,2
8562,15,15,0,4001.6142,14773.0708,163,31,2.408196,7,2
8563,14,14,0,3618.7564,12928.7819,161,27,2.730823,6,2
8564,16,16,0,4197.5530,15847.7651,159,35,1.449955,7,2
8565,14,14,0,4096.9439,15624.7193,151,32,1.840001,7,2
8566,10,10,0,3351.5793,12477.8966,135,18,0.468854,7,2
8567,14,14,0,3399.8611,12204.3057,149,26,1.032116,7,2
8568,10,10,0,2924.2575,10536.2873,129,19,1.121149,6,2
8569,15,15,0,4769.6081,18858.0405,155,32,1.294200,7,2
8570,11,11,0,3472.7928,12743.9638,145,27,1.791959,7,2
8571,13,13,0,3327.6999,11888.4996,148,25,1.691664,6,2
8572,16,16,0,4342.1977,16505.9884,162,30,2.658690,7,2
8573,12,12,0,3739.0711,13950.3555,149,24,1.292632,7,2
8574,14,14,0,3635.7377,12913.6887,164,26,2.133903,7,2
8575,12,12,0,3045.6242,10468.1211,149,23,1.870326,6,2
8576,15,15,0,4285.4878,16502.4391,152,33,1.067428,6,2
8577,13,13,0,4200.2476,14821.2378,196,30,1.632447,7,2
8578,11,11,0,3243.0807,12020.4037,131,21,1.979953,7,2
8579,14,14,0,4165.9151,16154.5753,145,36,2.483629,6,2
8580,16,16,0,4264.5895,15787.9476,171,28,1.155562,7,2
8581,15,15,0,3775.3766,14431.8830,137,30,1.177260,7,2
8582,15,15,0,3428.8447,12084.2233,157,27,2.112319,5,2
8583,14,14,0,3985.1066,14725.5328,163,34,2.745216,7,2
8584,15,15,0,3800.0485,13935.2424,157,29,1.403153,7,2
8585,16,16,0,4381.6507,17068.2534,149,36,2.313016,7,2
8586,16,16,0,4781.3340,18306.6702,174,31,2.226526,7,2
8587,11,11,0,3162.3188,11136.5941,147,22,1.501275,7,2
8588,15,15,0,4509.5320,17567.6600,155,34,1.116491,7,2
8589,15,15,0,4736.7283,17978.6414,178,33,3.324863,7,2
8590,13,13,0,3611.6461,12868.2304,162,28,0.956737,7,2
8591,12,12,0,4000.0359,15320.1794,147,22,0.447468,7,4
8592,12,12,0,4131.0863,15810.4316,152,35,1.074398,6,2
8593,14,14,0,4529.7920,17443.9602,162,30,2.109401,7,3
8594,14,14,0,3994.0114,14720.0570,164,26,2.099746,7,2
8595,12,12,0,4183.0283,16440.1416,140,29,1.185860,7,2
8596,12,12,0,4088.0527,15925.2637,141,23,2.004326,7,2
8597,14,14,0,3903.9291,14234.6456,165,26,3.082495,7,2
8598,14,14,0,4009.5057,15602.5287,137,28,1.292517,7,2
8599,16,16,0,4502.1995,16900.9977,174,35,1.881385,7,2
8600,11,11,0,4373.7243,15968.6215,193,25,0.932831,7,4
8601,15,15,0,4554.9098,18199.5488,141,27,1.672746,6,2
8602,16,16,0,3946.3614,13611.8072,192,35,0.916418,7,2
8603,15,15,0,3983.0179,14795.0893,159,30,0.987031,7,2
8604,14,14,0,3661.8692,13719.3459,142,31,0.876950,7,2
8605,10,10,0,3348.7921,12243.9605,143,20,0.914559,7,2
8606,15,15,0,4431.9456,14604.7279,245,33,4.132104,7,2
8607,14,14,0,3909.3624,14436.8122,159,27,0.650434,7,2
8608,15,15,0,4572.4125,18487.0626,135,33,1.589391,7,2
8609,15,15,0,3885.6187,14628.0937,148,28,0.832265,7,2
8610,16,16,0,4204.8664,14919.3321,192,40,2.021012,7,2
8611,15,15,0,4514.1727,16460.8637,193,37,1.534189,7,2
8612,14,14,0,3656.7207,12713.6036,174,26,1.497265,7,2
8613,14,14,0,3857.6287,14253.1433,157,31,2.294662,7,2
8614,15,15,0,4029.0111,15445.0553,146,30,1.152737,7,3
8615,15,15,0,3316.6845,12523.4225,124,25,1.632984,5,2
8616,10,10,0,3752.5338,13522.6690,167,31,0.782303,7,2
8617,13,13,0,3858.0493,14040.2463,165,29,2.096058,7,2
8618,11,11,0,3578.0653,13010.3266,155,26,0.725514,7,2
8619,14,14,0,4439.1449,16970.7243,165,27,1.615534,7,2
8620,13,13,0,3706.8215,13874.1074,145,23,1.811516,7,2
8621,12,12,0,3184.9139,11209.5696,148,22,0.709516,7,2
8622,16,16,0,4247.0732,16125.3660,158,34,1.817329,7,2
8623,16,16,0,4765.1173,18590.5864,162,39,4.016343,7,2
8624,15,15,0,3596.1641,12825.8204,160,29,2.733528,6,2
8625,10,10,0,3626.8920,13429.4598,149,23,0.529095,7,2
8626,13,13,0,3188.1901,11245.9507,146,23,0.744987,7,2
8627,14,14,0,4309.0807,16160.4033,168,27,1.497823,7,3
8628,16,16,0,3556.8970,12439.4848,165,28,2.293484,7,2
8629,10,10,0,3440.4026,12337.0128,155,22,0.877285,7,2
8630,16,16,0,4002.7597,14738.7985,163,33,1.260310,7,2
8631,10,10,0,3155.1691,10885.8455,155,22,0.856204,7,2
8632,15,15,0,3439.1599,12335.7995,151,23,2.059413,7,2
8633,13,13,0,3743.4122,13392.0611,168,30,0.764539,7,2
8634,16,16,0,4025.1717,14745.8586,168,30,2.083777,7,2
8635,16,16,0,4474.5546,17482.7731,150,30,1.644772,7,2
8636,15,15,0,3864.0594,14610.2972,145,27,1.670559,7,2
8637,11,11,0,3134.2408,11206.2039,141,22,1.293310,7,2
8638,16,16,0,3481.6301,12763.1504,142,28,2.511452,7,2
8639,16,16,0,3972.9735,14524.8676,165,30,1.596210,7,2
8640,11,11,0,3606.7952,13158.9760,154,25,0.533588,7,2
8641,12,12,0,3464.8394,11634.1968,180,21,0.578274,7,3
8642,10,10,0,2850.1618,9955.8088,135,20,2.537493,6,2
8643,12,12,0,3386.4806,12057.4029,153,24,2.076342,7,2
8644,15,15,0,4062.2035,14861.0176,170,36,3.308565,7,2
8645,15,15,0,3436.4577,12257.2884,152,27,2.384264,7,2
8646,10,10,0,4478.8097,15084.0483,253,22,0.679556,7,3
8647,10,10,0,3672.9797,13649.8985,149,23,0.613363,7,2
8648,12,12,0,3652.4599,13152.2996,161,29,0.969634,7,2
8649,14,14,0,3968.8825,14854.4126,155,27,2.385864,7,2
8650,11,11,0,3023.0771,9990.3853,162,27,0.948047,5,2
8651,16,16,0,3670.3397,13606.6986,145,26,1.791579,7,2
8652,12,12,0,3209.4343,12047.1717,124,24,1.510181,6,2
8653,14,14,0,3885.2158,14466.0789,154,27,2.206945,7,2
8654,12,12,0,3780.6236,13728.1181,163,28,0.805273,7,2
8655,10,10,0,3555.4278,13507.1390,135,24,0.837777,7,2
8656,10,10,0,3813.4323,14457.1616,146,24,0.976529,7,2
8657,13,13,0,3403.8122,11859.0611,161,26,1.265438,6,2
8658,16,16,0,4374.7887,16278.9435,174,36,4.568514,7,2
8659,14,14,0,3968.5033,14447.5165,169,32,1.062456,7,2
8660,16,16,0,4227.8309,16039.1546,156,35,2.557024,7,2
8661,11,11,0,3754.1327,14530.6633,133,23,1.454975,7,2
8662,10,10,0,3076.3111,10651.5555,151,21,0.579977,7,2
8663,13,13,0,3406.2430,11856.2152,162,24,2.492060,7,2
8664,13,13,0,3516.7458,13098.7292,139,24,0.703475,6,2
8665,10,10,0,3532.4790,13437.3951,133,19,0.536218,6,2
8666,15,15,0,3766.7605,14473.8026,133,25,1.617520,7,2
8667,10,10,0,2856.3819,10331.9097,124,19,0.568496,5,2
8668,10,10,0,3689.6926,13858.4632,145,26,0.491177,7,2
8669,13,13,0,3775.9018,14129.5089,149,28,2.914176,6,2
8670,12,12,0,4366.7272,16968.6362,153,29,2.218567,7,2
8671,14,14,0,3778.5703,13347.8516,174,32,0.552083,7,3
8672,11,11,0,3501.2622,12616.3109,155,21,0.493014,7,3
8673,12,12,0,3903.7319,14823.6597,147,25,0.825871,7,3
8674,15,15,0,4169.5763,15682.8815,160,29,1.216631,7,2
8675,13,13,0,3971.8010,14879.0048,156,28,1.224229,7,2
8676,10,10,0,3333.9016,12024.5079,147,25,0.720250,6,2
8677,16,16,0,4683.6024,17268.0118,192,32,2.613617,7,2
8678,13,13,0,3902.4675,14557.3373,155,26,2.316474,7,2
8679,14,14,0,4422.9867,18029.9334,126,27,1.911026,7,2
8680,13,13,0,3544.3512,12851.7560,152,31,0.821460,7,2
8681,13,13,0,3510.4460,12682.2299,153,27,1.077693,7,2
8682,10,10,0,3227.4128,11277.0638,154,24,0.862067,7,2
8683,10,10,0,3133.2157,11676.0783,125,21,1.310628,5,2
8684,11,11,0,3648.1960,13815.9799,139,27,1.315915,7,2
8685,14,14,0,4081.0973,13695.4867,214,35,2.666633,7,2
8686,12,12,0,4171.7515,15628.7574,165,29,0.841607,7,2
8687,14,14,0,3652.5763,13612.8817,144,25,2.757223,7,2
8688,11,11,0,3238.6261,11913.1306,134,21,1.281154,6,2
8689,12,12,0,3629.2374,13421.1869,148,26,0.661042,7,2
8690,13,13,0,3841.4031,14187.0154,157,28,1.315979,7,3
8691,14,14,0,3485.7355,12533.6773,153,29,2.345681,7,3
8692,12,12,0,3931.3444,14931.7218,148,25,0.962374,7,2
8693,13,13,0,4280.4863,16847.4317,142,28,0.773387,7,2
8694,13,13,0,3857.2592,14871.2961,137,24,2.477555,7,2
8695,11,11,0,3611.0121,13475.0603,144,21,0.764638,7,2
8696,15,15,0,4137.7178,15758.5890,153,24,0.574902,7,3
8697,16,16,0,5136.0852,15735.4259,355,28,2.230560,7,2
8698,13,13,0,3537.1635,13695.8176,123,25,2.516725,6,2
8699,16,16,0,3227.3784,11886.8918,130,27,0.834903,7,2
8700,16,16,0,4112.8573,15119.2863,169,39,2.592167,7,2
8701,14,14,0,4420.9023,16609.5113,172,31,1.844118,7,2
8702,13,13,0,3450.1316,12170.6582,159,30,3.196572,7,2
8703,11,11,0,3276.3812,11211.9059,163,23,0.582013,7,4
8704,10,10,0,3991.8996,14829.4980,163,27,1.879077,7,2
8705,16,16,0,4273.1215,16580.6074,147,29,0.615909,7,3
8706,11,11,0,3874.4070,14752.0351,146,24,0.804843,7,2
8707,11,11,0,3748.1965,14485.9826,133,24,1.093263,6,2
8708,16,16,0,4147.5092,15647.5461,157,29,1.659260,7,2
8709,15,15,0,3981.5974,14547.9868,166,28,2.313107,7,2
8710,11,11,0,3722.9700,13449.8499,163,25,0.652231,6,3
8711,13,13,0,4044.9972,15269.9862,155,26,0.763015,7,2
8712,15,15,0,4250.3996,16871.9981,134,28,2.336845,7,2
8713,10,10,0,3853.6469,14398.2343,154,24,0.640642,7,3
8714,15,15,0,4354.1179,16510.5894,164,33,0.996504,7,2
8715,12,12,0,3299.3314,11771.6569,148,27,0.800179,6,2
8716,12,12,0,3480.6125,13133.0623,132,27,2.946224,6,2
8717,14,14,0,3730.6742,13818.3708,150,28,1.611032,7,2
8718,13,13,0,3883.5747,14387.8737,157,29,0.664203,7,2
8719,10,10,0,3712.8567,14449.2835,130,26,0.681421,6,2
8720,12,12,0,3335.1561,12515.7807,129,22,1.961657,7,2
8721,14,14,0,4151.9430,15834.7149,153,31,1.795787,7,2
8722,15,15,0,4111.5505,15147.7527,168,30,3.745549,7,2
8723,16,16,0,3822.6279,13698.1394,168,31,1.867380,7,2
8724,10,10,0,3726.0081,14060.0404,145,25,0.645110,7,2
8725,12,12,0,2998.7995,10208.9973,150,21,1.806181,7,3
8726,16,16,0,4046.6529,15453.2644,147,28,2.829710,7,2
8727,15,15,0,4484.1169,17820.5843,142,27,1.473233,7,3
8728,16,16,0,4479.6053,16688.0265,178,32,2.035788,7,2
8729,14,14,0,4523.3832,17366.9160,164,35,1.036209,7,3
8730,14,14,0,4505.1885,16535.9423,189,38,0.918144,7,2
8731,11,11,0,3526.8040,13154.0200,141,23,0.823723,7,2
8732,14,14,0,3664.2119,13576.0597,147,28,1.380130,7,2
8733,16,16,0,4282.7392,15958.6959,169,29,3.238637,7,2
8734,14,14,0,3386.8596,11229.2982,179,27,0.820852,7,2
8735,11,11,0,4573.2256,17516.1279,170,28,0.969490,7,2
8736,11,11,0,3414.9354,12889.6772,131,21,0.584123,7,2
8737,10,10,0,2878.3445,10011.7223,138,22,1.057700,5,2
8738,14,14,0,4194.7548,15978.7739,155,29,1.129343,7,2
8739,16,16,0,3602.4082,12777.0409,162,29,3.172556,7,2
8740,14,14,0,3415.6680,12543.3401,140,24,1.946136,7,2
8741,16,16,0,4391.7589,16813.7943,159,30,2.289786,7,2
8742,13,13,0,3299.2908,11966.4541,141,25,0.683486,6,2
8743,13,13,0,4146.5444,15597.7219,161,26,0.758776,7,2
8744,10,10,0,3249.5578,11767.7888,142,25,0.817858,5,2
8745,15,15,0,3932.2772,14831.3862,149,28,1.899112,6,3
8746,12,12,0,3265.1867,11415.9337,154,22,0.594443,7,2
8747,10,10,0,3852.8987,14284.4936,158,27,0.735119,7,2
8748,15,15,0,4342.1717,16040.8584,178,32,1.558892,7,2
8749,11,11,0,3496.0750,12430.3751,160,24,0.750921,7,2
8750,12,12,0,3525.8574,13124.2871,141,23,0.610155,7,2
8751,12,12,0,3497.3447,12551.7236,156,25,2.917067,7,2
8752,12,12,0,3237.9096,11124.5478,160,22,0.460733,7,3
8753,14,14,0,5135.8980,20344.4902,167,35,2.434322,7,2
8754,12,12,0,3379.7938,13203.9689,114,21,1.936496,5,2
8755,11,11,0,4041.6775,15123.3873,161,26,0.776316,7,3
8756,11,11,0,3344.4791,12797.3956,122,22,2.883588,6,2
8757,11,11,0,3681.1569,13820.7843,144,24,1.038998,7,2
8758,12,12,0,3595.8293,13434.1466,142,27,1.134806,6,2
8759,15,15,0,3848.4659,14027.3293,162,27,1.571333,7,2
8760,12,12,0,3874.2085,14676.0426,147,24,0.709047,6,2
8761,13,13,0,3489.0196,12905.0979,141,21,0.931724,7,2
8762,14,14,0,3974.4681,14977.3406,152,27,1.639373,6,2
8763,12,12,0,3551.1613,12390.8064,169,32,0.747869,7,2
8764,15,15,0,3747.2336,13731.1678,155,29,2.355472,6,2
8765,13,13,0,3608.7452,13738.7262,133,22,1.497404,7,2
8766,11,11,0,3368.8461,11769.2306,160,25,1.120734,7,2
8767,15,15,0,3801.3400,13616.7002,167,28,1.050875,7,2
8768,10,10,0,3006.3968,10861.9839,131,19,0.632603,5,2
8769,13,13,0,3836.0920,14300.4601,152,27,1.953659,7,2
8770,14,14,0,3929.0774,13730.3868,186,27,1.566504,7,2
8771,14,14,0,4060.4500,14977.2498,166,30,0.936975,7,2
8772,13,13,0,4061.2264,15926.1321,136,25,0.870136,7,2
8773,10,10,0,3827.4642,14302.3210,153,25,0.665638,7,3
8774,12,12,0,3617.8329,13224.1644,153,25,1.028791,7,2
8775,10,10,0,2812.5132,9662.5661,139,21,1.519696,6,2
8776,11,11,0,3691.5285,13927.6424,142,28,0.759008,7,3
8777,14,14,0,3856.0335,14680.1675,143,31,2.912180,7,2
8778,11,11,0,3586.3585,13366.7923,143,24,0.599756,6,2
8779,12,12,0,4000.6585,14848.2924,163,29,0.813832,7,2
8780,11,11,0,3835.4702,14297.3510,154,27,1.536777,7,2
8781,15,15,0,3955.7481,14173.7403,175,29,0.890656,7,2
8782,13,13,0,4089.1014,15840.5071,143,24,1.519414,7,2
8783,14,14,0,3916.4651,15022.3254,141,30,2.721606,7,2
8784,13,13,0,3559.7143,12408.5715,170,28,1.105126,7,2
8785,15,15,0,3574.9660,12719.8298,160,26,2.475570,7,2
8786,11,11,0,3505.4533,13007.2663,142,25,0.551363,7,2
8787,14,14,0,3468.8011,13014.0053,134,25,0.983572,6,2
8788,12,12,0,3573.1996,13475.9978,137,25,3.988875,7,2
8789,12,12,0,3631.8634,12819.3172,169,29,1.899561,6,2
8790,14,14,0,3649.7916,13493.9581,148,33,1.440013,7,2
8791,10,10,0,4104.2040,14586.0201,194,25,0.553724,7,3
8792,11,11,0,3562.0686,13020.3429,151,25,1.007086,6,2
8793,12,12,0,3363.1938,12100.9691,148,27,0.854009,6,2
8794,11,11,0,3145.3359,11056.6793,147,22,0.535950,6,2
8795,10,10,0,3472.7880,12573.9401,152,23,0.511014,7,2
8796,11,11,0,3655.6317,13338.1584,156,26,0.559911,7,3
8797,16,16,0,3553.4362,12552.1811,162,28,2.283158,7,3
8798,10,10,0,4146.6534,13423.2670,255,22,0.613198,7,2
8799,16,16,0,4758.6305,15448.1523,287,26,0.655734,7,3
8800,12,12,0,3572.4053,12697.0266,163,27,0.457338,7,2
8801,16,16,0,3958.3370,14816.6852,153,27,0.909589,7,2
8802,14,14,0,3298.8777,11664.3887,149,21,0.540437,6,2
8803,11,11,0,3647.2685,13531.3426,148,25,0.885828,7,2
8804,13,13,0,4423.5730,17532.8649,143,31,2.652951,7,2
8805,11,11,0,3745.8187,14009.0935,149,31,1.397562,6,2
8806,15,15,0,3611.1786,12595.8932,170,30,1.278607,7,2
8807,13,13,0,4134.3434,15856.7168,151,26,2.209289,7,3
8808,15,15,0,4128.0193,15950.0964,145,29,1.342843,7,3
8809,14,14,0,4154.8106,15469.0531,166,28,1.557922,7,2
8810,14,14,0,3828.1428,14060.7138,159,25,1.473582,6,2
8811,14,14,0,4168.1632,15950.8159,152,26,1.036103,7,2
8812,11,11,0,3301.1527,11660.7634,153,25,1.146744,6,2
8813,11,11,0,3589.5331,12647.6657,168,27,0.607014,7,2
8814,16,16,0,4233.6527,15343.2634,181,30,1.545504,7,2
8815,16,16,0,4707.4156,19237.0778,131,34,3.606681,7,2
8816,10,10,0,3753.5192,14232.5959,143,20,2.062591,7,2
8817,11,11,0,3433.7847,12573.9236,145,24,1.009011,7,2
8818,12,12,0,4413.4698,16922.3489,162,30,1.198412,7,3
8819,13,13,0,4368.6651,16258.3253,176,31,1.105739,7,2
8820,15,15,0,5046.7026,19573.5129,177,36,1.507402,7,2
8821,16,16,0,3577.4903,13257.4516,142,26,1.746627,7,3
8822,15,15,0,4103.8183,14989.0916,173,33,2.173081,7,2
8823,15,15,0,3938.6705,14963.3526,148,32,1.119554,7,2
8824,15,15,0,3992.5801,15417.9004,140,30,2.135668,7,2
8825,16,16,0,4115.4306,15992.1528,140,30,3.551522,7,2
8826,13,13,0,3722.5081,13622.5403,156,26,0.532808,7,2
8827,16,16,0,4006.0372,15050.1860,153,29,0.932134,7,2
8828,16,16,0,4050.4791,14502.3956,179,35,0.971792,7,2
8829,10,10,0,3681.1262,13720.6311,148,22,0.615398,7,3
8830,15,15,0,3729.8945,13709.4726,153,31,0.718162,7,2
8831,13,13,0,2989.0530,10185.2649,148,25,1.107012,6,2
8832,11,11,0,3421.6041,12428.0207,147,22,0.636790,7,2
8833,12,12,0,3689.8092,13664.0462,150,20,0.661555,7,2
8834,12,12,0,3519.4754,12502.3768,160,25,1.735872,7,2
8835,11,11,0,2946.6623,10333.3115,138,21,1.159236,7,2
8836,11,11,0,3248.1734,11895.8670,136,21,0.721318,7,2
8837,13,13,0,3794.6892,13478.4460,173,30,2.368482,7,2
8838,16,16,0,3958.1170,14545.5850,162,31,2.673879,7,2
8839,12,12,0,3678.7690,13393.8450,157,30,0.678356,7,2
8840,12,12,0,3293.3709,12211.8544,133,27,1.764646,5,2
8841,12,12,0,3580.0765,13575.3827,135,23,0.650031,7,3
8842,13,13,0,3891.9274,14759.6368,146,25,0.935985,7,2
8843,16,16,0,4370.5145,16122.5724,178,36,2.449998,7,2
8844,14,14,0,4165.7240,16533.6202,132,27,2.191213,7,2
8845,11,11,0,3331.4492,11907.2462,150,32,1.576999,6,2
8846,12,12,0,3765.7163,13798.5814,158,29,0.724623,7,3
8847,16,16,0,4097.4318,14767.1592,178,30,1.517750,7,2
8848,11,11,0,3799.1870,14385.9349,146,25,0.621195,7,2
8849,12,12,0,3470.1372,12475.6859,153,23,0.763743,7,2
8850,10,10,0,2986.3584,10581.7921,137,16,0.562947,6,3
8851,11,11,0,3642.6491,13528.2455,147,22,0.695774,7,3
8852,15,15,0,3950.9672,14334.8361,169,32,5.159581,7,2
8853,15,15,0,4160.4890,15317.4452,171,27,2.147832,7,2
8854,15,15,0,3810.6982,13933.4910,159,32,0.636145,7,3
8855,11,11,0,3864.2166,14006.0832,168,24,0.572164,7,2
8856,16,16,0,3603.2551,12876.2753,159,35,3.309573,7,2
8857,13,13,0,3604.5485,13002.7425,157,29,3.775878,7,2
8858,14,14,0,4044.6998,15353.4988,151,25,2.331868,6,2
8859,11,11,0,3478.1381,12665.6904,149,25,2.361277,7,2
8860,12,12,0,3357.3731,11416.8656,170,25,0.667144,7,2
8861,11,11,0,3470.1496,12950.7478,138,23,0.536445,7,2
8862,12,12,0,3946.4853,15332.4264,137,24,2.016948,6,3
8863,13,13,0,3801.0767,14300.3837,146,29,0.961839,7,2
8864,13,13,0,4135.5839,16742.9197,121,22,1.444060,7,2
8865,16,16,0,3824.9945,13434.9725,177,29,0.583894,7,2
8866,11,11,0,4265.9430,17094.7148,133,24,0.617067,7,2
8867,11,11,0,3288.8190,11709.0948,149,23,0.544012,7,2
8868,13,13,0,3153.2454,10941.2270,151,27,0.988771,7,2
8869,10,10,0,3086.9290,11219.6451,132,22,0.620541,5,3
8870,10,10,0,3432.5519,12562.7594,144,16,1.228635,7,2
8871,11,11,0,3175.9617,11494.8083,137,23,0.577442,6,2
8872,12,12,0,4400.6720,16683.3602,172,27,0.619068,7,2
8873,12,12,0,3411.1063,12240.5317,151,22,0.468128,7,3
8874,13,13,0,3531.6522,12728.2612,154,23,0.509223,7,2
8875,16,16,0,3855.7691,14078.8454,161,29,2.373634,7,3
8876,15,15,0,3966.5798,14832.8991,155,27,2.075930,7,2
8877,13,13,0,3749.5163,14597.5817,128,22,0.897652,7,2
8878,15,15,0,4159.8656,16169.3281,143,31,2.742915,7,2
8879,11,11,0,2759.3833,8911.9167,154,21,0.594274,6,3
8880,10,10,0,3236.4018,11762.0089,140,25,0.699534,6,2
8881,13,13,0,3517.3967,13026.9837,142,32,4.746046,6,2
8882,11,11,0,2991.5406,11172.7032,118,23,1.327558,5,2
8883,10,10,0,3529.3081,13141.5407,142,24,0.647825,7,2
8884,10,10,0,3476.3338,13116.6692,134,23,1.401879,7,2
8885,11,11,0,3720.2281,13776.1407,152,24,0.585720,7,2
8886,16,16,0,3831.7810,13863.9048,164,32,0.947825,7,3
8887,16,16,0,3978.6868,13663.4339,194,32,2.937439,7,2
8888,15,15,0,4041.8612,14419.3058,182,36,3.598268,7,3
8889,16,16,0,4105.8497,14729.2484,181,32,1.038887,7,2
8890,13,13,0,3506.4677,12977.3384,142,27,2.149402,6,2
8891,10,10,0,3310.5126,11882.5631,148,20,0.517404,7,2
8892,14,14,0,4402.4742,16372.3712,177,30,3.221930,7,2
8893,11,11,0,3413.6508,12033.2538,159,23,2.594767,7,2
8894,12,12,0,3119.9846,10669.9231,155,23,1.451886,7,2
8895,16,16,0,4158.7175,15813.5877,153,31,0.937980,7,2
8896,11,11,0,3531.2182,13266.0908,138,22,1.624178,7,2
8897,12,12,0,3797.5205,13587.6024,171,28,2.528427,7,2
8898,15,15,0,5099.5557,19687.7787,183,41,1.562494,7,2
8899,13,13,0,3758.9205,14174.6024,143,25,0.744700,7,2
8900,16,16,0,3590.7828,13213.9139,146,26,2.372488,7,2
8901,11,11,0,3850.2191,14461.0957,151,27,0.943173,7,2
8902,13,13,0,4563.8069,18149.0343,145,27,1.696008,7,2
8903,16,16,0,3933.3708,14986.8541,144,27,0.701415,7,2
8904,11,11,0,4116.0976,15915.4881,147,25,0.798911,7,2
8905,13,13,0,3402.9985,12109.9927,153,24,0.883481,7,2
8906,12,12,0,3893.2394,15006.1970,139,27,0.839962,7,2
8907,11,11,0,3372.4983,12202.4913,148,25,0.773611,7,2
8908,10,10,0,4313.7271,17073.6354,143,30,1.972628,7,2
8909,12,12,0,3798.7133,14688.5663,134,25,1.610004,7,2
8910,13,13,0,3643.5179,13907.5895,134,25,1.427357,7,2
8911,16,16,0,4107.3868,15496.9338,155,33,1.093072,7,2
8912,14,14,0,3993.8205,14319.1026,177,30,1.395751,7,2
8913,10,10,0,3666.8760,13629.3798,149,26,0.570701,7,3
8914,16,16,0,4476.0645,17335.3225,155,30,2.445028,7,2
8915,11,11,0,4109.7869,16193.9346,137,27,1.339201,7,2
8916,12,12,0,3473.4052,11752.0260,177,27,2.087739,7,2
8917,11,11,0,3477.7475,12713.7373,147,25,1.396813,7,2
8918,16,16,0,3611.5030,13357.5150,144,27,1.651956,7,2
8919,11,11,0,3708.7750,13733.8748,152,26,0.994173,7,2
8920,10,10,0,2960.7907,10588.9537,133,19,0.533856,5,2
8921,12,12,0,3837.1598,14320.7991,153,21,0.670875,6,2
8922,10,10,0,3773.4686,14277.3431,145,21,0.425784,7,3
8923,15,15,0,3597.3999,13216.9995,147,26,1.945504,7,2
8924,10,10,0,3494.9901,12764.9503,149,22,3.171374,7,2
8925,15,15,0,3857.3445,14221.7225,157,23,0.646189,7,2
8926,11,11,0,3076.2797,11391.3983,124,25,1.116057,6,2
8927,12,12,0,4062.9680,15674.8400,145,28,0.694174,7,2
8928,12,12,0,4229.2380,16176.1899,156,29,0.643663,7,2
8929,15,15,0,4280.5642,16517.8208,151,31,1.179348,7,2
8930,10,10,0,3610.9401,13524.7007,143,25,0.580619,7,2
8931,14,14,0,4954.4988,17877.4939,227,30,1.298886,7,3
8932,11,11,0,3394.9619,12679.8094,135,24,0.755252,6,2
8933,14,13,1,4943.1050,19715.5248,158,160,1.878522,7,2
8934,13,13,0,3452.7863,12433.9315,151,27,0.647489,7,2
8935,13,13,0,3815.9121,14499.5605,142,25,0.799912,7,2
8936,12,12,0,4079.4999,16027.4997,136,26,1.310885,7,2
8937,13,13,0,4120.2921,15366.4606,164,27,3.024397,7,2
8938,12,12,0,4156.0196,15560.0979,164,29,0.595057,7,2
8939,10,10,0,3152.9555,11294.7773,141,19,0.512568,6,2
8940,13,13,0,4008.4109,15412.0547,144,26,1.082633,7,2
8941,13,13,0,3901.4309,14362.1545,161,26,0.641431,7,2
8942,13,13,0,3768.0315,13880.1574,156,28,1.880263,7,2
8943,16,16,0,3771.9998,14759.9990,126,26,2.506606,7,2
8944,13,13,0,3837.2477,14256.2386,154,27,1.593937,7,2
8945,14,14,0,3627.2297,12871.1486,164,26,0.611279,7,2
8946,14,14,0,3699.9821,13399.9107,159,30,0.718461,7,2
8947,10,10,0,3030.4866,10357.4331,152,22,0.835141,7,2
8948,10,10,0,3010.9739,10619.8694,140,22,0.687245,6,2
8949,16,16,0,4023.6393,16083.1967,122,29,2.702616,7,2
8950,16,16,0,4463.9592,17099.7960,162,36,1.763959,7,3
8951,10,10,0,2906.2508,9956.2541,144,22,1.002293,5,2
8952,15,15,0,4245.8399,15689.1997,172,30,1.722991,7,2
8953,10,10,0,3794.9534,14184.7671,152,23,0.703026,7,2
8954,15,15,0,3664.6584,13028.2918,165,31,2.110192,7,2
8955,16,16,0,4476.0761,17630.3805,146,37,4.503057,7,2
8956,11,11,0,3572.6785,12703.3924,163,30,0.884199,7,2
8957,14,14,0,3340.7790,11608.8951,158,24,2.476550,7,2
8958,15,15,0,3349.2830,11651.4150,158,27,1.056251,6,2
8959,13,13,0,3598.7817,13228.9084,149,26,1.477470,6,2
8960,14,14,0,3608.4309,13217.1546,150,28,1.172798,6,2
8961,11,11,0,4066.0066,15395.0332,155,23,0.780955,7,2
8962,16,16,0,4329.9684,16674.8418,153,30,2.390388,7,2
8963,13,13,0,3649.6359,13693.1793,142,26,1.108291,7,2
8964,12,12,0,4000.0621,15475.3104,141,25,1.011120,7,2
8965,12,12,0,3897.8229,14364.1146,161,26,1.024450,6,3
8966,12,12,0,3011.3792,10066.8959,157,27,1.105663,5,2
8967,15,15,0,4258.1748,16530.8739,147,31,3.173677,7,2
8968,14,14,0,3333.1720,11700.8602,154,23,0.629052,6,2
8969,10,10,0,3335.2364,11911.1820,151,22,1.784826,7,2
8970,11,11,0,3309.7027,11908.5136,146,23,1.193406,7,2
8971,10,10,0,4867.5498,19487.7490,154,27,0.638688,7,3
8972,13,13,0,3973.4016,14817.0081,158,26,1.512050,7,2
8973,14,14,0,3737.0685,14155.3423,140,27,1.098972,7,2
8974,16,16,0,4514.8507,17754.2535,148,36,1.379670,7,2
8975,15,15,0,4097.1883,14890.9416,175,36,3.029575,7,2
8976,12,12,0,4065.6328,15618.1642,148,32,1.462424,7,2
8977,13,13,0,3742.1896,13625.9480,159,31,1.337412,7,2
8978,15,15,0,4647.3647,18416.8233,149,30,3.761022,7,2
8979,15,15,0,3636.9100,13649.5501,139,30,2.363622,6,2
8980,11,11,0,3782.5778,14117.8889,151,27,1.208624,7,2
8981,10,10,0,3719.5347,14287.6735,136,19,0.424360,7,2
8982,14,14,0,3998.8996,15409.4979,142,28,3.230634,7,3
8983,12,12,0,3857.9045,14794.5226,140,27,2.072770,7,2
8984,11,11,0,3950.0844,15260.4222,141,27,1.098420,7,2
8985,15,15,0,4421.9157,16819.5785,164,30,2.493605,7,2
8986,13,13,0,3780.7031,13938.5154,155,27,0.741643,7,2
8987,13,13,0,3826.5335,13682.6677,171,31,0.968801,5,2
8988,15,15,0,3980.3414,15246.7072,143,29,1.573873,7,2
8989,16,16,0,3840.1326,14625.6630,140,30,1.468185,7,3
8990,15,15,0,3853.0385,14850.1926,135,26,1.706110,7,2
8991,15,15,0,3829.2473,13551.2367,174,31,0.983536,7,2
8992,14,14,0,4264.3602,15401.8011,186,33,1.694247,7,2
8993,16,16,0,4380.8322,17079.1608,148,29,1.676927,7,2
8994,16,16,0,4778.2676,17631.3378,196,36,3.464003,7,2
8995,15,15,0,3631.6079,12768.0395,167,26,1.535127,7,2
8996,10,10,0,3083.8085,11134.0423,135,19,0.518927,6,2
8997,16,16,0,4119.1304,15360.6521,162,35,2.129964,7,2
8998,14,14,0,3665.1151,13190.5755,160,32,1.394138,7,2
8999,15,15,0,4260.5722,16147.8611,162,31,2.701709,7,2
9000,12,12,0,3842.4835,14427.4173,150,25,0.768898,7,2
9001,11,11,0,3357.5008,12677.5039,128,18,0.555004,6,2
9002,14,14,0,3666.6230,12863.1148,174,31,0.932714,6,3
9003,12,12,0,3593.1352,13095.6760,153,29,1.335285,7,2
9004,15,15,0,3650.3788,13191.8941,157,27,2.220364,7,2
9005,14,14,0,2975.6391,10513.1953,134,22,1.462327,5,2
9006,14,14,0,4213.0983,15185.4914,185,33,2.251975,7,2
9007,11,11,0,4062.4168,14807.0839,175,28,1.185666,7,3
9008,14,14,0,3984.7300,15143.6502,149,32,0.925529,7,2
9009,14,14,0,4512.9776,17039.8882,174,42,0.891882,7,2
9010,14,14,0,4018.6502,15293.2512,149,28,1.680606,7,2
9011,16,16,0,3975.3326,15221.6632,143,34,1.419429,7,2
9012,10,10,0,3376.1310,11855.6548,160,26,2.317025,7,2
9013,14,14,0,4056.0872,15005.4359,165,32,1.557126,7,2
9014,16,16,0,3826.4368,13342.1841,180,29,1.772762,7,2
9015,11,11,0,2808.6654,9853.3272,131,20,0.548153,6,2
9016,15,15,0,3994.2466,14751.2331,162,28,0.743903,7,2
9017,12,12,0,3844.4455,14547.2274,146,33,1.423940,7,2
9018,12,12,0,3117.1143,10290.5716,167,21,0.896532,6,2
9019,15,15,0,4144.2102,15441.0509,164,27,1.225222,7,3
9020,10,10,0,3976.1114,15400.5571,142,23,0.852722,7,2
9021,14,14,0,3622.4992,13247.4959,152,26,1.729768,6,2
9022,12,12,0,3568.6349,13063.1744,149,25,0.657137,7,2
9023,14,14,0,3769.8137,13524.0687,166,29,2.303619,7,2
9024,13,13,0,3738.8396,13634.1982,159,28,3.629181,6,2
9025,14,14,0,4301.5214,16187.6069,166,33,0.903048,7,2
9026,14,14,0,3248.7339,11433.6697,149,22,1.003588,6,2
9027,12,12,0,3362.7202,12013.6009,150,24,0.906891,7,2
9028,11,11,0,3943.8691,15209.3454,142,24,2.796060,7,2
9029,11,11,0,3277.3352,11791.6762,144,23,1.368179,7,2
9030,11,11,0,4420.5699,17717.8494,138,26,1.337178,7,2
9031,12,12,0,4037.9121,15454.5606,148,27,1.548710,7,2
9032,12,12,0,3617.1184,13635.5920,139,25,1.041340,6,2
9033,16,16,0,3949.6166,13868.0831,183,30,0.720832,7,2
9034,12,12,0,3829.5140,14702.5700,139,25,0.683545,7,2
9035,11,11,0,3957.1159,15620.5795,130,24,1.265710,7,3
9036,13,13,0,4323.9080,16624.5400,156,25,0.548189,7,3
9037,10,10,0,3473.4790,12907.3952,141,20,0.952735,7,2
9038,14,14,0,3739.2904,13471.4519,162,28,1.795619,7,2
9039,12,12,0,3764.3359,13491.6796,168,31,1.552146,7,2
9040,11,11,0,3376.9700,12394.8498,141,24,1.570071,6,2
9041,11,11,0,3932.3573,14791.7866,154,28,1.816331,7,2
9042,12,12,0,4225.4309,16097.1547,158,29,0.968333,7,2
9043,10,10,0,3233.0080,11495.0400,148,22,1.088390,7,2
9044,15,15,0,4511.9471,16824.7353,179,34,4.135266,7,2
9045,13,13,0,4266.1505,16650.7526,146,28,0.934680,7,2
9046,11,11,0,2900.1012,10050.5058,140,19,0.579610,6,2
9047,12,12,0,3341.9342,12139.6708,143,24,1.250774,7,2
9048,14,14,0,4186.3954,16316.9769,143,38,1.677487,7,2
9049,16,16,0,3681.4946,13782.4729,142,25,1.276940,7,2
9050,15,15,0,3849.6663,13743.3314,171,27,1.068369,7,2
9051,16,16,0,4409.9531,16844.7657,161,30,1.502606,7,2
9052,12,12,0,3646.3618,13376.8090,152,29,0.781875,7,2
9053,14,14,0,3829.0113,14175.0567,155,30,1.527813,7,2
9054,11,11,0,4097.0304,15840.1522,146,23,0.547820,7,2
9055,13,13,0,3792.4521,14337.2605,144,22,1.175275,7,3
9056,14,14,0,3424.4146,12577.0732,140,22,1.580834,6,2
9057,14,14,0,4650.9269,17029.6346,197,40,0.638101,7,2
9058,14,14,0,3921.5940,14382.9702,163,29,1.619261,7,2
9059,14,14,0,6209.7372,24918.6862,195,52,1.233008,7,2
9060,13,13,0,3961.7278,15078.6390,148,30,1.310787,7,2
9061,10,10,0,3451.9655,12669.8273,145,23,0.611888,7,2
9062,12,12,0,3682.1836,13120.9181,167,29,1.966576,7,2
9063,10,10,0,3293.2913,11841.4567,146,22,0.447267,7,2
9064,10,10,0,3532.2808,12896.4040,151,23,0.433492,7,2
9065,11,11,0,3560.6012,13138.0059,148,28,0.950094,7,2
9066,15,15,0,3611.6792,13578.3959,137,28,0.941284,6,2
9067,11,11,0,4247.0849,16210.4247,159,33,1.142788,7,2
9068,10,10,0,3622.0784,13765.3920,137,19,1.166160,7,2
9069,14,14,0,3320.3756,12526.8781,125,25,1.322241,7,2
9070,10,10,0,3518.4060,12957.0299,147,21,0.607376,7,2
9071,16,16,0,4569.3928,17631.9642,161,36,1.513442,7,2
9072,12,12,0,4054.8399,15629.1996,145,24,0.591367,7,2
9073,10,10,0,3194.6717,11168.3583,152,23,1.256544,6,2
9074,13,13,0,3207.4945,11277.4727,148,24,0.950654,6,2
9075,11,11,0,3819.2269,14561.1345,143,25,0.694822,7,2
9076,12,12,0,3624.4107,13672.0534,138,23,1.502839,7,2
9077,13,13,0,3559.0586,13250.2931,141,26,0.602674,7,2
9078,10,10,0,3180.4050,11272.0251,146,21,1.051799,7,2
9079,15,15,0,3610.6494,12773.2469,164,28,0.468322,7,2
9080,12,12,0,3424.7421,12713.7106,138,27,1.200213,5,3
9081,11,11,0,3514.7094,13293.5471,134,24,3.395014,7,2
9082,15,15,0,3965.5508,14187.7541,176,28,0.766344,7,2
9083,16,16,0,5072.6974,19133.4868,197,42,1.355872,7,3
9084,16,16,0,4473.7936,16278.9680,191,38,2.534355,7,2
9085,10,10,0,3419.2172,12286.0862,152,21,0.596403,7,2
9086,13,13,0,2937.3256,10621.6279,125,24,0.805680,6,2
9087,14,14,0,3958.5931,15077.9656,146,26,1.068521,7,2
9088,10,10,0,3802.7384,14453.6918,145,25,0.634542,7,2
9089,10,10,0,3341.7512,12088.7558,146,21,1.476201,7,2
9090,11,11,0,3515.9979,12164.9893,172,27,1.141703,7,2
9091,13,13,0,3263.2928,12136.4641,129,23,2.555486,7,2
9092,14,14,0,3563.9645,13069.8224,147,27,1.967889,7,2
9093,16,16,0,4457.4515,16832.2573,169,28,1.209532,7,3
9094,16,16,0,4361.2148,17246.0738,140,31,2.015165,7,2
9095,15,15,0,3907.0279,14015.1397,172,27,0.631150,7,3
9096,10,10,0,3444.1457,12655.7285,144,21,0.538383,6,2
9097,10,10,0,3182.9671,10919.8353,159,22,1.224396,7,2
9098,13,13,0,3687.6649,12878.3246,176,32,1.190763,7,3
9099,15,15,0,3912.4433,14202.2164,167,30,2.053432,7,2
9100,14,14,0,3650.1174,13615.5871,144,26,1.043331,7,2
9101,14,14,0,3836.2867,14361.4336,150,28,1.222420,7,2
9102,11,11,0,3502.3869,12731.9347,151,29,0.614681,7,3
9103,15,15,0,4021.0262,14775.1308,166,28,0.594672,7,3
9104,12,12,0,3870.5500,14567.7498,150,25,1.055963,7,2
9105,13,13,0,3385.8600,12294.3002,144,27,2.059631,7,2
9106,15,15,0,4160.0736,15725.3681,157,27,1.151201,7,3
9107,16,16,0,4060.1610,15325.8048,153,38,3.860351,7,2
9108,14,14,0,4397.8835,17204.4174,149,31,1.637922,7,2
9109,14,14,0,3935.3292,14516.6458,162,31,2.308771,6,2
9110,15,15,0,3398.4170,12442.0850,140,28,2.103483,7,2
9111,12,12,0,4095.8363,15509.1814,157,33,1.233665,7,2
9112,11,11,0,3785.7175,14343.5873,144,25,0.562895,7,3
9113,15,15,0,4272.3356,16036.6778,167,27,0.827899,7,2
9114,10,10,0,3216.9420,12059.7100,127,25,0.817592,6,2
9115,15,15,0,3419.8645,13014.3223,124,23,1.551665,5,2
9116,14,14,0,4602.4732,17952.3660,158,33,2.703464,7,2
9117,12,12,0,3243.7847,10583.9237,178,24,1.486369,6,2
9118,13,13,0,4135.2599,15361.2995,167,30,1.338237,7,2
9119,13,13,0,3456.2813,12456.4067,150,23,0.659279,7,2
9120,10,10,0,3258.0570,11845.2848,141,22,0.747550,7,2
9121,15,15,0,3205.6009,11068.0045,153,27,0.881563,6,2
9122,13,13,0,3427.6143,12618.0713,140,25,1.434930,6,2
9123,14,14,0,4467.1930,17045.9651,165,31,1.325393,7,3
9124,15,15,0,4369.0801,15800.4004,189,30,1.916943,7,2
9125,14,14,0,4550.9075,17799.5374,154,26,0.724410,7,2
9126,12,12,0,3762.9196,14059.5980,149,27,0.918207,7,2
9127,14,14,0,3586.9156,12124.5780,182,31,1.938866,7,2
9128,12,12,0,3393.4714,11892.3570,160,21,0.447149,7,2
9129,10,10,0,3225.8805,11114.4027,159,23,0.480652,7,2
9130,10,10,0,3595.5369,12732.6844,167,28,0.750058,7,3
9131,16,16,0,3449.6060,12983.0300,130,24,1.347833,7,2
9132,11,11,0,3751.3535,13941.7675,152,23,0.633019,7,2
9133,13,13,0,3916.3895,14866.9473,147,25,0.795644,7,2
9134,10,10,0,4342.2440,15756.2198,196,23,0.481813,7,2
9135,16,16,0,4522.4544,17442.2720,160,35,0.856546,7,2
9136,16,16,0,4172.5913,15742.9564,158,32,0.488032,7,2
9137,12,12,0,4158.0119,15105.0596,180,32,1.624531,7,2
9138,12,12,0,3463.6035,12933.0177,136,25,0.691740,7,2
9139,16,16,0,4853.6335,18218.1675,189,44,1.072737,7,2
9140,10,10,0,3391.5833,12007.9167,157,25,0.832995,7,2
9141,13,13,0,3968.0321,14675.1606,162,32,1.358367,7,2
9142,16,16,0,3868.3858,15481.9288,116,24,1.280012,7,2
9143,15,15,0,3766.1495,14145.7477,144,28,1.299230,5,2
9144,15,15,0,4778.6311,18643.1557,163,32,1.523072,7,3
9145,10,10,0,3561.3647,13461.8237,137,22,1.429508,6,2
9146,10,10,0,3249.2520,12071.2598,132,23,0.826761,6,2
9147,10,10,0,4222.3543,16576.7716,144,29,0.784979,7,2
9148,12,12,0,4164.1886,16175.9429,145,27,0.599625,7,2
9149,11,11,0,3079.9270,10999.6350,138,20,0.414392,6,2
9150,11,11,0,3772.3106,14136.5528,149,29,1.085747,7,2
9151,13,13,0,3758.6413,13918.2067,152,31,1.807911,6,2
9152,11,11,0,3519.8281,13164.1403,140,19,1.118114,7,2
9153,15,15,0,3919.5375,14582.6877,156,28,0.923215,7,2
9154,11,11,0,4148.9526,13184.7631,243,35,3.838098,6,2
9155,11,11,0,3516.4992,12522.4959,160,26,2.918172,7,2
9156,10,10,0,3463.4472,13337.2360,125,24,0.773003,6,2
9157,16,16,0,4033.8753,14689.3767,170,31,3.629892,7,2
9158,11,11,0,2747.4281,9497.1407,133,19,0.734662,6,2
9159,16,16,0,3929.9282,15049.6411,141,30,1.983577,7,2
9160,13,13,0,4520.4535,17167.2675,170,27,0.627403,7,3
9161,12,12,0,3715.0678,13595.3389,156,27,0.638688,7,3
9162,13,13,0,3882.5640,14122.8200,166,29,1.310224,7,2
9163,12,12,0,3602.4845,13592.4223,138,22,0.756649,7,2
9164,10,10,0,3815.8666,13919.3329,164,29,0.634752,7,3
9165,10,10,0,3805.9613,14399.8066,147,25,0.693745,7,2
9166,11,11,0,3735.7303,13378.6514,168,22,0.555615,7,3
9167,10,10,0,3872.7568,14688.7839,148,21,0.620006,7,2
9168,11,11,0,4112.4045,15562.0223,158,26,0.575707,7,2
9169,11,11,0,3588.8996,13349.4978,144,24,0.752210,6,2
9170,10,10,0,3512.8045,12404.0226,164,27,1.808952,7,2
9171,15,15,0,3828.7537,13743.7684,168,29,0.605562,6,2
9172,13,13,0,3261.6859,11743.4296,142,29,1.215227,6,2
9173,15,15,0,4057.7701,15928.8507,134,30,1.376234,7,3
9174,15,15,0,4399.0883,17045.4413,153,32,1.602101,7,2
9175,11,11,0,3712.4188,13612.0940,157,29,0.849799,7,2
9176,14,14,0,3481.7638,12768.8189,144,26,0.563029,6,3
9177,13,13,0,3960.0146,14625.0728,162,26,0.879389,7,2
9178,11,11,0,3175.9864,11564.9322,135,20,1.094370,7,2
9179,10,10,0,3643.3047,13751.5237,141,21,0.779382,7,2
9180,10,10,0,2648.9812,9029.9059,133,20,0.434813,5,2
9181,10,10,0,3304.0619,11925.3094,145,26,0.564461,7,2
9182,15,15,0,4161.5373,16447.6863,133,29,2.393715,6,2
9183,10,10,0,3654.2119,13551.0595,150,25,0.553303,7,2
9184,13,13,0,3626.0371,13640.1853,140,31,1.767285,7,2
9185,10,10,0,3653.0346,12670.1728,179,25,0.576030,7,2
9186,15,15,0,3391.8624,12089.3122,150,25,2.438959,7,2
9187,13,13,0,3877.0653,14310.3266,159,29,1.267120,7,2
9188,14,14,0,4142.5395,15437.6975,165,34,2.077992,7,2
9189,10,10,0,3544.8874,13249.4369,142,24,0.707765,7,2
9190,15,15,0,3821.9470,14579.7352,139,27,1.123426,7,2
9191,15,15,0,3810.5385,13332.6924,179,28,2.320634,7,2
9192,11,11,0,3646.8904,13464.4522,150,23,0.481874,7,2
9193,16,16,0,3693.1183,14055.5914,134,24,1.087713,7,2
9194,11,11,0,3391.3768,11881.8842,160,28,0.825196,7,2
9195,15,15,0,3998.6309,15318.1545,144,25,0.613401,7,2
9196,12,12,0,3546.9028,13059.5140,147,25,0.729387,7,2
9197,14,14,0,3313.6138,11738.0688,149,25,1.190883,6,2
9198,10,10,0,2571.7932,8153.9662,149,20,0.600421,6,2
9199,14,14,0,3599.1530,13055.7649,154,29,0.867630,7,2
9200,13,13,0,3925.3643,14711.8213,154,37,1.540544,6,2
9201,14,14,0,4038.8938,15324.4689,151,29,1.897379,7,2
9202,14,14,0,3729.7757,14028.8787,143,23,1.007182,7,2
9203,15,15,0,3888.7904,14683.9519,147,29,1.487105,6,2
9204,10,10,0,2928.2434,11026.2169,113,18,0.922395,6,2
9205,16,16,0,4419.1208,16885.6039,162,34,2.339511,7,2
9206,10,10,0,4181.6781,16553.3904,137,24,0.521658,7,2
9207,14,14,0,3241.8372,11309.1858,152,24,1.300410,6,3
9208,14,14,0,4091.0441,14300.2207,193,32,1.214900,7,2
9209,13,13,0,3643.1479,13820.7396,137,26,1.764236,7,2
9210,11,11,0,3275.2804,11736.4018,146,24,0.974290,6,2
9211,14,14,0,3950.6077,14578.0387,162,27,2.786188,7,2
9212,10,10,0,3582.8528,13359.2639,144,23,0.543609,7,2
9213,10,10,0,3357.0786,12140.3928,147,20,0.353260,7,3
9214,15,15,0,3796.1936,13555.9680,169,30,1.449222,7,2
9215,10,10,0,3525.0615,13025.3074,145,25,1.081876,7,2
9216,15,15,0,3557.1063,12925.5314,150,29,3.136238,7,2
9217,13,13,0,4010.5272,14922.6360,161,33,0.684197,7,2
9218,11,11,0,3742.9967,13959.9835,150,24,1.190500,7,3
9219,14,14,0,3719.4234,13252.1170,167,26,1.730590,7,2
9220,10,10,0,3040.7101,11008.5503,132,19,1.261362,7,2
9221,13,13,0,3559.5871,13187.9357,143,24,0.857360,7,2
9222,12,12,0,4166.0688,15890.3442,155,25,1.495753,7,2
9223,16,16,0,4183.9311,15914.6554,154,30,0.809903,7,2
9224,15,15,0,3582.0242,12450.1209,170,25,0.799683,7,3
9225,13,13,0,3825.2988,14186.4940,155,29,0.879255,7,3
9226,16,16,0,3690.3758,13466.8788,153,30,1.883113,7,2
9227,16,16,0,3950.8512,15279.2562,137,31,1.642919,7,2
9228,16,16,0,3575.3926,13626.9631,129,27,1.790326,7,2
9229,11,11,0,3405.1508,12830.7542,131,24,2.585871,7,2
9230,14,14,0,4034.4854,14897.4269,165,33,1.190961,7,2
9231,15,15,0,3828.4504,13322.2519,182,26,1.349458,7,3
9232,12,12,0,3173.8328,11254.1640,145,24,0.762456,6,2
9233,11,11,0,3677.7643,13923.8215,140,22,1.581805,7,2
9234,13,13,0,3987.1183,14535.5914,169,27,0.931819,7,2
9235,15,15,0,4327.5098,16147.5488,171,32,2.332302,7,2
9236,16,16,0,3720.4013,13232.0067,166,29,2.977413,7,2
9237,10,10,0,2947.5286,10717.6430,126,21,1.075158,7,2
9238,15,15,0,4304.8428,15899.2138,176,32,3.204182,7,3
9239,13,13,0,3545.6262,13283.1309,138,23,1.084786,7,2
9240,12,12,0,4121.3011,15901.5057,147,28,0.630552,7,2
9241,11,11,0,3031.0886,10830.4430,136,22,1.146432,7,2
9242,12,12,0,3138.8248,10854.1241,151,20,0.661341,6,2
9243,14,14,0,3785.5537,14222.7684,146,23,1.748971,5,2
9244,10,10,0,3674.0900,13785.4502,145,24,0.829332,7,2
9245,15,15,0,4234.5516,16437.7581,146,26,0.842438,6,2
9246,10,10,0,4025.1302,15290.6508,153,26,0.707369,7,2
9247,14,14,0,3770.6914,14303.4571,140,26,1.605454,7,2
9248,12,12,0,3316.6049,12043.0243,142,22,1.389616,6,3
9249,14,14,0,3761.6428,14463.2142,133,24,1.599639,7,2
9250,14,14,0,3767.2680,14186.3400,145,24,0.767131,7,2
9251,13,13,0,3918.0629,14745.3145,151,27,0.674016,7,2
9252,13,13,0,3758.5643,14297.8213,139,31,1.879611,6,2
9253,15,15,0,3673.7252,13618.6258,147,23,0.774568,7,2
9254,12,12,0,3321.1488,11615.7439,157,23,0.693833,7,2
9255,13,13,0,3850.7850,14408.9249,151,25,0.783995,7,3
9256,12,12,0,3825.5502,13137.7510,190,29,0.596866,7,2
9257,14,14,0,3785.5011,14462.5053,138,25,1.697066,7,2
9258,16,16,0,4076.9740,15324.8701,156,33,1.322972,7,2
9259,15,15,0,4114.7691,15013.8457,173,31,0.998640,7,2
9260,11,11,0,3634.4885,12902.4426,167,29,0.945078,7,2
9261,15,15,0,3846.5066,13412.5328,182,28,1.528227,6,2
9262,10,10,0,3599.5625,13587.8123,139,24,0.530846,7,2
9263,13,13,0,3862.2064,14566.0321,149,28,0.568633,7,2
9264,15,15,0,3707.9282,13654.6408,151,29,2.899402,7,2
9265,12,12,0,3601.5405,13422.7023,143,24,1.606095,7,2
9266,12,12,0,4229.7838,15158.9188,191,37,1.676014,7,2
9267,12,12,0,3663.0492,13840.2462,140,25,0.822550,7,2
9268,16,16,0,4357.1264,16770.6320,155,31,0.616168,7,2
9269,15,15,0,3818.1314,12930.6568,193,32,0.808514,7,2
9270,12,12,0,3688.9194,13504.5968,155,25,0.623207,7,2
9271,16,16,0,4113.9689,15334.8443,161,29,2.048733,7,2
9272,16,16,0,3548.7216,12448.6078,164,31,0.883125,7,2
9273,11,11,0,3599.4486,13927.2430,127,20,0.848506,7,2
9274,14,14,0,4675.8953,18599.4764,148,30,1.856085,6,2
9275,15,15,0,4353.5661,15797.8303,187,32,1.333929,7,3
9276,15,15,0,3458.4364,10942.1820,200,31,2.141300,6,2
9277,10,10,0,3100.5251,10762.6253,150,23,0.462746,6,3
9278,13,13,0,4241.9134,16824.5670,136,25,0.538392,7,2
9279,13,13,0,3758.5406,13947.7029,151,24,0.687679,7,3
9280,14,14,0,4213.9832,16064.9160,155,28,1.543829,7,2
9281,14,14,0,3398.7109,12488.5543,140,29,1.340622,7,2
9282,15,15,0,3959.4603,14717.3017,157,32,2.663815,7,2
9283,13,13,0,3255.4925,11147.4626,161,24,0.496965,7,2
9284,14,14,0,4723.6600,18558.2998,159,35,1.761066,7,2
9285,12,12,0,4482.7415,15768.7076,226,21,0.510764,7,2
9286,15,15,0,2918.0947,9635.4736,153,22,1.360729,6,2
9287,12,12,0,3843.5259,14182.6297,158,26,1.974380,7,3
9288,14,14,0,3572.8915,13309.4576,141,24,1.679114,7,2
9289,15,15,0,4083.8046,15699.0232,145,28,1.024848,7,2
9290,15,15,0,3826.9865,13724.9325,168,29,0.660720,6,3
9291,13,13,0,3514.7517,12528.7586,158,23,0.937687,6,4
9292,12,12,0,3968.8043,14644.0214,164,29,0.618241,7,2
9293,11,11,0,3326.4898,11962.4491,147,22,0.696870,7,2
9294,12,12,0,3065.5236,10622.6179,147,20,0.853053,7,2
9295,15,15,0,4001.6725,14793.3625,162,25,1.526942,7,2
9296,11,11,0,2893.1573,9760.7865,148,23,0.756183,5,2
9297,15,15,0,3709.6582,13033.2910,171,34,3.301037,7,2
9298,16,16,0,4108.3058,15856.5289,143,29,2.696918,7,2
9299,12,12,0,3560.4117,13132.0586,146,27,0.753745,7,2
9300,16,16,0,4086.7103,15318.5517,159,34,1.469008,7,2
9301,15,15,0,3704.6170,12993.0850,173,31,2.893723,6,2
9302,16,16,0,3958.5718,14377.8590,168,32,1.124860,7,2
9303,15,15,0,3687.9027,13249.5136,161,29,1.328105,7,2
9304,16,16,0,4223.9433,15884.7164,161,27,1.391194,7,2
9305,11,11,0,3482.4457,11807.2284,178,28,1.974962,6,2
9306,13,13,0,3794.6602,13703.3011,166,30,2.507145,6,2
9307,13,13,0,4061.9662,15679.8311,144,24,1.039519,7,3
9308,10,10,0,3599.9730,13404.8650,145,25,0.625812,7,2
9309,14,14,0,3948.6323,15263.1617,138,28,0.702821,7,2
9310,14,14,0,3891.4434,14547.2169,153,30,0.953121,7,2
9311,15,15,0,3722.1717,13240.8584,167,29,0.970328,7,2
9312,14,14,0,3728.6844,13043.4219,175,28,0.899203,7,2
9313,13,13,0,3281.5867,11757.9333,145,24,0.549109,6,2
9314,11,11,0,3593.4819,13872.4097,128,21,0.751928,7,2
9315,15,15,0,3430.0385,12275.1927,150,28,1.643160,7,2
9316,13,13,0,3974.4272,15487.1360,136,27,0.767335,7,2
9317,12,12,0,4071.2596,15611.2979,148,28,1.226584,7,2
9318,16,16,0,3806.5261,14437.6303,141,29,1.282000,7,2
9319,13,13,0,3664.8653,13554.3265,149,27,0.546886,7,2
9320,10,10,0,3329.0749,12210.3745,140,27,0.669666,6,2
9321,10,10,0,3349.5837,12002.9185,150,22,0.463407,7,3
9322,16,16,0,4367.4951,16447.4754,167,31,1.484389,7,2
9323,11,11,0,3176.1192,11235.5962,146,23,0.606070,6,2
9324,16,16,0,3996.9651,15069.8255,151,32,1.443039,7,2
9325,11,11,0,2586.3492,8501.7459,139,17,0.421704,6,2
9326,16,16,0,3614.9262,12709.6310,166,26,1.146478,7,2
9327,14,14,0,4092.6797,15423.3987,156,31,1.364540,7,2
9328,15,15,0,4352.4334,15317.1669,203,39,1.163951,7,2
9329,12,12,0,3478.2812,12646.4060,149,24,0.681467,6,2
9330,14,14,0,3899.2750,13071.3749,203,30,3.328653,7,2
9331,13,13,0,4349.8153,17094.0764,145,30,0.859692,7,2
9332,11,11,0,3183.8268,11129.1339,151,25,0.977597,7,2
9333,11,11,0,4203.0614,15885.3071,162,25,0.460498,7,4
9334,14,14,0,4503.1629,17440.8145,158,29,0.672634,7,3
9335,16,16,0,4584.4748,17447.3739,169,31,0.748756,7,2
9336,16,16,0,4112.2779,14936.3893,175,29,1.123727,7,2
9337,10,10,0,3801.2824,14071.4122,157,30,0.504162,7,3
9338,14,14,0,4070.4950,15302.4750,157,28,1.486799,7,2
9339,15,15,0,3105.6114,10943.0569,142,22,1.236496,5,2
9340,11,11,0,3146.8759,11634.3797,128,20,1.188785,6,2
9341,14,14,0,3975.9240,14654.6198,163,30,0.726205,7,2
9342,11,11,0,3907.4527,14682.2634,153,26,0.488872,7,3
9343,15,15,0,4097.4070,13807.0351,211,32,2.286863,7,2
9344,13,13,0,3484.7304,12673.6521,148,26,0.994867,7,2
9345,11,11,0,3499.9119,13069.5595,139,22,0.880946,7,2
9346,16,16,0,4035.0587,14915.2935,163,31,1.830002,7,2
9347,14,14,0,3816.0332,13780.1658,165,28,1.166432,7,2
9348,11,11,0,3467.9238,12769.6190,144,24,0.980316,7,2
9349,16,16,0,4032.0944,14660.4721,170,28,1.113225,7,2
9350,15,15,0,4233.1813,16285.9063,151,30,0.802354,7,2
9351,12,12,0,3893.9467,14679.7335,150,22,0.491767,7,3
9352,15,15,0,3924.3303,14481.6513,159,24,0.817012,7,2
9353,14,14,0,3821.6129,14148.0647,154,32,0.732557,7,2
9354,15,15,0,4332.2319,15766.1593,184,31,1.571240,7,2
9355,14,14,0,3418.0417,12285.2084,149,27,0.859169,6,3
9356,10,10,0,3102.7354,10498.6769,159,23,0.567896,7,2
9357,12,12,0,3656.0945,13470.4727,151,26,1.236711,7,2
9358,10,10,0,3188.5654,11717.8271,133,25,1.119633,6,2
9359,10,10,0,3230.6986,11768.4931,139,25,0.618553,6,2
9360,10,10,0,3829.2943,14691.4714,141,28,1.031349,7,2
9361,12,12,0,4855.3582,16351.7908,278,28,1.408842,7,2
9362,12,12,0,3862.0011,14530.0055,150,26,0.585695,7,2
9363,12,12,0,3339.5729,11797.8645,154,24,0.665930,7,2
9364,12,12,0,3463.0334,12475.1672,152,24,1.016765,7,2
9365,15,15,0,4210.8792,15814.3959,163,35,0.966689,7,2
9366,12,12,0,3419.6109,12543.0545,142,23,0.717493,7,2
9367,10,10,0,3363.4508,11987.2538,153,23,0.638702,7,2
9368,14,14,0,3727.0376,13510.1880,160,30,0.736800,7,3
9369,12,12,0,3784.4926,14317.4629,144,25,1.390442,7,2
9370,11,11,0,2984.0501,10060.2506,153,25,1.391225,6,2
9371,15,15,0,3670.6220,13158.1101,163,26,1.587646,7,2
9372,16,16,0,4427.6868,15978.4339,193,30,1.517323,7,3
9373,15,15,0,3963.3850,15601.9248,129,31,1.119160,7,2
9374,16,16,0,4410.3523,16336.7616,179,33,1.812902,7,2
9375,12,12,0,3556.2942,12821.4709,156,26,1.625105,7,2
9376,13,13,0,3436.9056,12604.5278,143,27,1.213794,7,2
9377,15,15,0,3759.9715,14304.8576,138,27,2.059684,7,2
9378,16,16,0,3404.1401,12900.7003,125,30,1.474482,7,2
9379,16,16,0,4080.3403,14411.7015,187,38,0.887039,7,2
9380,12,12,0,3957.1643,15860.8213,121,21,1.061465,7,4
9381,15,15,0,4380.8743,16304.3716,175,31,0.548659,7,2
9382,13,13,0,3642.9143,12649.5716,175,27,1.020829,7,2
9383,15,15,0,4176.2129,15456.0647,170,33,1.109086,7,2
9384,12,12,0,3959.6578,15178.2891,144,24,1.267575,6,2
9385,16,16,0,4522.7778,17143.8888,170,33,2.002039,7,2
9386,13,13,0,3683.9302,13684.6509,147,23,0.677963,6,2
9387,13,13,0,3564.3138,12751.5688,159,29,1.497796,7,2
9388,11,11,0,3195.9331,11339.6655,145,21,1.184062,7,2
9389,11,11,0,3389.1952,12320.9758,146,24,0.538707,7,2
9390,10,10,0,3352.2784,12211.3921,144,22,1.050297,7,2
9391,14,14,0,4304.7966,16318.9831,162,29,1.398839,6,2
9392,13,13,0,3439.1610,12745.8049,138,21,0.583198,7,2
9393,15,15,0,4266.5075,16122.5373,162,37,1.094173,7,2
9394,12,12,0,4279.6113,16083.0566,168,29,0.952060,7,2
9395,13,13,0,4083.4014,15182.0071,164,31,1.133733,7,2
9396,12,11,1,6864.1876,26770.9381,227,160,1.773493,7,4
9397,13,13,0,3923.7651,13928.8254,180,30,1.095877,7,2
9398,11,11,0,3085.5182,11142.5908,134,18,0.531813,6,2
9399,13,13,0,4055.4009,15302.0046,156,27,1.248132,7,2
9400,15,15,0,4091.3297,15736.6485,144,27,1.386477,7,2
9401,10,10,0,3789.6640,14483.3199,141,25,0.744760,7,2
9402,11,11,0,4582.9228,18254.6140,147,26,0.536404,7,2
9403,13,13,0,3768.0237,13905.1187,154,33,2.542661,5,2
9404,13,13,0,4132.3391,14951.6955,180,30,0.661704,7,4
9405,10,10,0,4256.2384,16791.1922,141,23,0.926556,7,2
9406,11,11,0,3409.3803,12411.9016,145,21,0.601200,6,2
9407,12,12,0,4721.4776,16377.3878,252,24,1.232001,7,2
9408,14,14,0,3313.6398,12303.1989,131,29,0.778299,6,2
9409,12,12,0,4159.6858,15988.4288,151,23,0.962104,7,2
9410,16,16,0,3730.8175,13309.0876,166,29,1.512258,7,2
9411,11,11,0,3270.2682,11566.3412,151,23,1.241848,7,2
9412,13,13,0,3868.8906,14239.4530,160,30,3.418034,7,2
9413,12,12,0,3804.3125,14251.5623,149,26,0.976157,7,2
9414,12,12,0,3334.6101,11613.0504,159,26,1.914784,7,2
9415,11,11,0,4048.7592,15873.7958,137,24,0.804718,7,2
9416,10,10,0,2982.4710,10622.3548,135,20,0.605397,6,2
9417,10,10,0,2973.4622,10517.3112,136,21,0.559532,6,2
9418,14,14,0,4081.3718,15276.8592,160,30,1.909091,7,2
9419,13,13,0,3711.4286,13832.1430,147,26,1.631435,7,2
9420,14,14,0,3493.1205,12550.6026,153,27,0.657005,6,2
9421,13,13,0,4429.0904,17000.4520,161,30,2.096436,7,2
9422,15,15,0,3600.2578,12621.2892,168,31,1.779977,7,2
9423,14,14,0,3883.9834,14439.9168,154,22,0.731944,7,2
9424,16,16,0,4107.3567,15331.7834,161,33,2.309699,7,2
9425,11,11,0,3242.9531,12049.7656,130,25,0.689411,5,2
9426,14,14,0,3884.7903,14818.9515,142,25,1.862832,7,2
9427,16,16,0,4019.9090,14874.5449,162,31,1.368958,7,2
9428,12,12,0,3213.6131,12273.0656,117,23,0.651031,5,2
9429,16,16,0,4979.6535,16533.2677,284,35,0.730571,7,2
9430,13,13,0,3654.1455,13790.7274,139,28,0.949429,7,2
9431,16,16,0,4102.3151,15141.5755,167,40,3.530901,7,2
9432,13,13,0,3858.1426,14760.7129,141,25,1.619752,7,2
9433,10,10,0,3316.4370,12367.1850,133,21,1.207260,7,2
9434,11,11,0,3262.7306,11793.6532,142,22,0.794485,7,4
9435,12,12,0,3444.0974,12815.4872,137,26,1.197785,7,2
9436,16,16,0,4312.1365,15755.6827,181,30,2.777834,7,2
9437,12,12,0,3577.1149,13275.5747,145,28,0.857316,7,2
9438,12,12,0,4337.5548,16372.7742,168,27,0.832935,7,3
9439,16,16,0,4119.4183,15572.0916,155,34,5.234715,7,2
9440,15,15,0,3799.4040,13532.0198,170,33,4.000544,7,2
9441,10,10,0,3753.9573,14439.7863,137,25,0.962224,7,2
9442,16,16,0,3214.7999,10558.9994,171,26,1.533021,7,2
9443,15,15,0,3538.5691,12892.8453,149,30,2.431248,7,2
9444,15,15,0,4555.0083,16505.0415,198,43,2.771907,7,2
9445,16,16,0,4317.6454,16203.2268,167,31,2.311997,7,2
9446,11,11,0,3889.4509,14712.2544,149,27,0.675343,7,2
9447,11,11,0,3650.9589,13789.7944,140,28,1.637812,7,2
9448,13,13,0,3364.1738,12660.8691,129,24,2.072060,6,2
9449,16,16,0,3684.8962,13519.4812,151,35,1.432138,7,2
9450,12,12,0,3922.4362,14212.1810,171,32,2.572157,7,2
9451,15,15,0,4261.2235,15641.1177,178,35,2.453987,7,2
9452,10,10,0,3354.2728,12241.3639,143,20,0.599870,7,3
9453,12,11,1,5497.3947,22391.9733,162,160,1.231682,7,2
9454,11,11,0,3579.8831,13424.4156,141,26,0.620780,6,2
9455,11,11,0,3733.1535,14115.7674,144,25,0.786885,7,2
9456,10,10,0,3078.8307,11369.1533,126,22,0.645810,6,2
9457,13,13,0,4267.6963,15983.4814,168,29,0.954826,7,3
9458,15,15,0,3938.0387,15165.1933,139,27,1.846890,7,2
9459,14,14,0,4584.1461,17875.7304,157,34,1.605014,7,2
9460,15,15,0,3893.5760,13802.8801,177,30,1.525911,7,2
9461,11,11,0,3676.7345,13543.6724,153,25,0.702512,7,2
9462,14,14,0,3489.4463,12912.2316,140,25,1.740643,6,2
9463,10,10,0,2940.6068,10498.0342,132,18,0.457670,6,2
9464,10,10,0,2991.0630,10355.3148,145,20,0.647781,6,2
9465,11,11,0,3381.1792,12215.8959,148,20,0.442998,7,2
9466,15,15,0,4315.3319,16041.6594,173,28,0.572478,7,2
9467,16,16,0,4274.9529,15539.7643,182,37,1.060798,7,2
9468,10,10,0,3571.5480,13407.7399,140,20,0.580405,7,2
9469,11,11,0,3723.5326,14247.6629,137,24,1.989147,7,2
9470,15,15,0,3740.7376,13228.6882,170,32,0.759323,7,2
9471,12,12,0,3651.2991,13181.4956,162,23,0.482209,7,3
9472,14,14,0,3895.5822,14477.9109,156,31,1.395684,7,2
9473,10,10,0,3255.9698,11524.8491,151,24,2.142787,7,2
9474,14,14,0,3912.3345,14421.6724,160,26,0.766875,7,2
9475,12,12,0,3526.5601,12957.8003,146,24,0.513647,7,2
9476,15,15,0,4535.1680,17550.8400,159,34,0.855042,7,2
9477,15,15,0,4014.4066,15452.0332,142,37,3.257469,7,2
9478,10,10,0,3108.0235,11330.1177,133,25,0.590827,5,2
9479,15,15,0,3250.5719,11297.8595,153,27,0.586419,7,2
9480,12,12,0,3455.4319,12692.1594,144,24,0.732467,7,2
9481,14,14,0,3590.0244,13880.1222,124,23,1.925951,5,2
9482,15,15,0,3856.6464,14768.2319,139,30,1.336631,7,2
9483,14,14,0,4067.8674,15119.3369,163,31,1.182551,7,2
9484,13,13,0,3625.7298,12548.6488,176,29,4.955594,7,2
9485,15,15,0,3874.6382,14033.1909,166,32,3.174548,7,2
9486,16,16,0,3740.6700,13973.3500,145,27,2.752433,7,2
9487,13,13,0,4169.3233,15701.6167,161,23,0.705329,7,3
9488,15,15,0,4565.3127,16366.5636,209,28,1.017408,7,2
9489,15,15,0,4762.6231,17908.1153,185,38,3.177546,7,2
9490,15,15,0,3795.2590,13841.2949,159,28,0.700997,7,2
9491,15,15,0,3641.1494,13335.7469,150,26,1.651513,7,2
9492,11,11,0,4205.8883,16409.4414,145,23,0.691466,7,2
9493,15,15,0,4009.2666,14711.3328,166,34,0.961533,7,2
9494,13,13,0,4278.8648,16289.3240,160,31,0.966162,7,2
9495,13,13,0,3256.4757,11887.3787,136,22,0.783774,6,2
9496,16,16,0,4486.7332,18198.6659,128,28,2.005008,7,2
9497,16,16,0,4649.9131,18099.5657,159,36,5.460227,7,2
9498,12,12,0,3240.1447,11935.7236,133,29,3.734412,5,2
9499,15,15,0,4177.1870,15220.9351,177,34,2.036745,7,2
9500,16,16,0,4834.6748,18538.3738,175,37,1.290733,7,2
9501,14,14,0,4908.6750,18833.3752,180,36,1.482449,7,2
9502,14,14,0,3864.6823,14463.4113,151,31,3.950830,7,2
9503,16,16,0,3946.4089,14562.0447,160,33,2.080116,7,2
9504,13,13,0,3470.2072,12541.0361,150,23,0.827850,7,2
9505,14,14,0,4248.6442,16288.2209,154,28,1.631130,7,3
9506,13,13,0,3335.0434,12135.2169,141,26,2.729628,7,2
9507,10,10,0,3161.7353,11193.6765,145,20,2.718489,5,2
9508,16,16,0,4384.3517,16161.7587,180,35,1.276913,7,2
9509,11,11,0,3188.4166,10602.0829,169,23,0.899410,7,2
9510,10,10,0,4077.6057,15363.0284,161,34,1.744476,7,2
9511,10,10,0,3561.7399,12198.6994,180,32,2.115530,6,2
9512,14,14,0,4007.7849,14888.9245,161,30,2.045708,7,2
9513,14,14,0,4051.3855,15226.9275,157,29,2.215552,7,2
9514,10,10,0,3913.2573,14096.2864,174,30,1.110692,7,2
9515,14,14,0,4077.3726,15541.8632,151,31,0.967680,7,2
9516,15,15,0,3976.9326,14539.6630,167,29,1.478218,7,2
9517,13,13,0,3563.1417,12700.7087,160,28,0.771440,7,2
9518,13,13,0,3636.0286,12760.1431,171,31,1.397604,7,2
9519,12,12,0,3918.4744,14077.3722,174,30,1.130246,7,2
9520,12,12,0,4123.5408,15082.7041,175,29,1.165026,7,2
9521,16,16,0,3874.3168,13541.5840,182,34,3.206671,7,2
9522,14,14,0,4076.9930,15364.9652,156,30,1.351222,7,2
9523,15,15,0,3749.3283,13276.6415,170,26,1.294392,7,2
9524,13,13,0,3168.3896,11086.9478,149,27,0.575817,6,2
9525,12,12,0,3483.1497,12455.7483,156,27,1.021964,7,2
9526,14,14,0,4152.0739,15585.3695,162,31,2.422449,7,2
9527,11,11,0,3387.0273,11785.1365,163,25,1.613565,7,2
9528,14,14,0,4068.4068,15537.0341,148,26,1.481070,7,2
9529,13,13,0,3954.2189,14461.0944,167,32,1.342992,7,2
9530,13,13,0,3831.0406,13585.2028,175,29,0.871106,7,2
9531,12,12,0,3620.7349,13428.6747,146,23,1.463280,7,3
9532,11,11,0,4398.8074,14579.0370,255,24,0.664582,7,2
9533,15,15,0,4277.5869,16177.9347,163,38,1.377662,7,2
9534,15,15,0,4170.3387,15061.6934,181,33,1.749802,7,2
9535,15,15,0,3990.4111,13972.0553,187,31,0.540238,7,2
9536,12,12,0,4156.6289,16073.1444,148,30,0.998816,7,2
9537,14,14,0,4788.9649,19184.8243,148,35,1.077049,7,2
9538,10,10,0,3568.8787,13854.3935,125,22,1.062347,7,2
9539,15,15,0,4419.0842,16875.4211,162,27,1.912325,7,2
9540,15,15,0,3398.8917,11099.4586,184,29,2.804799,7,2
9541,11,11,0,3474.6515,12273.2577,161,23,1.812520,7,2
9542,10,10,0,3436.5070,12812.5352,138,24,0.829264,7,2
9543,15,15,0,3758.4158,13657.0789,159,26,2.159485,7,2
9544,11,11,0,3612.9019,13229.5097,152,22,0.930612,7,2
9545,11,11,0,3449.7546,12648.7729,146,26,1.785006,7,2
9546,14,14,0,3557.7729,13173.8645,143,25,2.814338,6,2
9547,12,12,0,3746.3848,13911.9241,151,26,1.212553,6,2
9548,15,15,0,3716.1517,14020.7583,140,28,2.746840,7,2
9549,13,13,0,4002.7911,15378.9555,144,28,1.900278,7,2
9550,11,11,0,3768.2739,14091.3694,150,23,0.798181,7,2
9551,16,16,0,4138.8532,16164.2662,138,29,1.903765,7,2
9552,14,14,0,4202.8711,16034.3557,155,26,0.906165,7,2
9553,12,12,0,3784.4194,14207.0971,148,28,2.824350,7,2
9554,12,12,0,3653.5543,13537.7717,148,26,1.157623,7,2
9555,15,15,0,4427.1017,15740.5087,201,34,3.732523,7,2
9556,16,16,0,4020.2199,15676.0994,135,26,1.387317,7,2
9557,13,13,0,3778.2597,13956.2985,154,29,0.902402,7,2
9558,15,15,0,4263.9463,15749.7316,174,35,2.911557,7,2
9559,13,13,0,3766.4849,14032.4244,150,26,0.849947,7,2
9560,10,10,0,4009.9727,14859.8634,166,27,1.035759,7,2
9561,15,15,0,3623.0435,12885.2177,162,24,2.147218,7,2
9562,12,12,0,3388.8916,11859.4582,160,23,0.599017,7,2
9563,15,15,0,5031.3789,18626.8943,206,38,2.483237,7,3
9564,10,10,0,3526.5352,12812.6758,153,21,0.719725,7,2
9565,11,11,0,3730.4916,13962.4581,148,28,1.858630,7,2
9566,15,15,0,3803.1462,13940.7310,157,29,1.150150,6,2
9567,10,10,0,2296.8416,8149.2079,103,14,2.596592,4,2
9568,15,15,0,4454.7043,16513.5217,180,31,3.375588,7,3
9569,16,16,0,4085.2553,15221.2764,161,33,1.712632,7,2
9570,16,16,0,4086.8203,16219.1017,128,26,2.949960,7,3
9571,15,15,0,3328.8577,12104.2884,139,26,2.500956,6,2
9572,12,12,0,3978.7707,14818.8534,159,25,1.684670,7,2
9573,13,13,0,3800.5086,13262.5430,181,31,1.605782,7,3
9574,14,14,0,3833.3682,14036.8411,160,29,1.458718,6,2
9575,11,11,0,3482.2801,12671.4006,150,26,1.607049,7,2
9576,16,16,0,4957.1040,19250.5198,172,31,3.684975,7,2
9577,11,11,0,3628.5753,12997.8766,163,27,3.212506,7,2
9578,11,11,0,3011.6042,10328.0211,149,24,1.446624,7,2
9579,10,10,0,3153.8876,11359.4378,139,21,1.272235,7,2
9580,16,16,0,3730.9473,13314.7366,165,27,3.414137,7,2
9581,16,16,0,3893.6812,14453.4060,155,28,1.954469,7,2
9582,12,12,0,4324.4525,16912.2623,148,30,1.008978,7,2
9583,11,11,0,3502.8469,12879.2345,145,24,1.548581,7,2
9584,15,15,0,4019.4156,14932.0781,161,32,5.108125,6,2
9585,12,12,0,3649.1480,13655.7400,144,24,1.463593,6,2
9586,12,12,0,4467.4657,17312.3283,160,37,1.170868,7,2
9587,11,11,0,4100.4036,15052.0179,173,25,0.726722,7,4
9588,14,14,0,3209.8160,11644.0798,136,24,2.498363,6,2
9589,15,15,0,4251.5461,16747.7304,139,31,0.724641,7,2
9590,16,16,0,3648.0837,13295.4187,152,25,0.954194,7,2
9591,16,16,0,3498.0648,12475.3240,154,27,0.733253,7,2
9592,12,12,0,3590.6978,13143.4892,151,27,1.064674,6,3
9593,13,13,0,4222.0634,16360.3172,149,31,0.682342,7,2
9594,16,16,0,4927.6784,18478.3920,193,35,2.304900,7,2
9595,12,12,0,4084.1839,14760.9196,179,31,1.667705,7,2
9596,11,11,0,3707.1303,13170.6516,170,24,0.465331,7,2
9597,13,13,0,3981.0179,15535.0893,137,34,3.229669,7,2
9598,16,16,0,3636.7559,13633.7795,139,29,1.251389,7,2
9599,15,15,0,4838.4769,18892.3847,166,38,2.770965,7,2
9600,15,15,0,3801.9881,14759.9403,130,25,1.096111,7,2
9601,15,15,0,4050.6061,15883.0303,134,27,2.478880,6,2
9602,13,13,0,3775.2751,13981.3757,153,27,1.561872,6,2
9603,10,10,0,3464.2934,12701.4669,146,23,2.118347,7,2
9604,12,12,0,4463.4035,14427.0173,276,22,2.506021,7,3
9605,15,15,0,3618.0549,12700.2746,168,27,3.562749,7,2
9606,10,10,0,3595.8540,13399.2700,145,23,1.083921,7,2
9607,11,11,0,3337.9828,12064.9140,145,23,0.785379,7,2
9608,13,13,0,3715.0255,13550.1274,157,25,2.982495,7,2
9609,13,13,0,4008.5079,15432.5395,143,29,1.946069,7,2
9610,15,15,0,4334.7470,16253.7349,168,34,2.101202,7,2
9611,15,15,0,3902.3732,13821.8662,178,30,2.325299,7,2
9612,13,13,0,4141.5083,16552.5414,128,31,5.137458,7,2
9613,15,15,0,4358.3317,16151.6583,177,34,1.486666,7,2
9614,11,11,0,4048.4774,15252.3871,159,32,1.200294,7,2
9615,16,16,0,4516.7040,17178.5199,168,32,2.713504,7,2
9616,16,16,0,3886.2305,14376.1527,155,27,0.712519,7,3
9617,15,15,0,3389.1524,10295.7621,210,27,2.453184,6,2
9618,10,10,0,3568.0584,13315.2922,143,23,2.372149,7,2
9619,12,12,0,3932.5931,14877.9654,150,23,1.677876,7,2
9620,13,13,0,4133.5116,14927.5582,182,32,1.335290,7,2
9621,14,14,0,3944.5888,14882.9438,150,24,2.394192,7,2
9622,15,15,0,3726.1699,13590.8495,156,28,2.506102,7,2
9623,14,14,0,4404.3946,16761.9731,164,27,2.577301,7,2
9624,15,15,0,3955.4109,13822.0543,187,35,5.900736,7,2
9625,16,16,0,4163.1604,15940.8018,150,30,4.462363,7,2
9626,16,16,0,3690.3204,13996.6020,136,24,1.388105,7,2
9627,16,16,0,3527.7877,12893.9383,145,27,2.374356,7,2
9628,12,12,0,4074.8927,15574.4633,151,30,1.366185,7,2
9629,15,15,0,3735.5640,13862.8198,149,25,3.606641,6,2
9630,11,11,0,3766.5333,13677.6666,164,26,0.699468,7,2
9631,14,14,0,3935.0376,14735.1882,154,31,1.333154,7,2
9632,13,13,0,3956.6350,14733.1751,158,33,2.470631,7,2
9633,10,10,0,3754.8421,13774.2106,159,23,1.288475,7,2
9634,11,11,0,3446.2700,12826.3502,138,22,1.528101,7,2
9635,16,16,0,5308.1348,21060.6739,171,34,3.268238,7,2
9636,11,11,0,3562.9635,12894.8174,155,23,3.896105,7,3
9637,16,16,0,4478.5280,16827.6400,174,41,1.449706,7,2
9638,13,13,0,4802.6757,19078.3784,154,29,1.192706,7,2
9639,12,12,0,3347.7703,12458.8515,133,23,0.759045,6,2
9640,12,12,0,3370.7954,12033.9771,151,23,1.849204,6,2
9641,10,10,0,3638.8913,13509.4566,148,22,0.710510,7,3
9642,15,15,0,4877.4523,18192.2616,194,34,1.313642,7,2
9643,13,13,0,3738.9586,13514.7931,163,29,2.267631,7,2
9644,11,11,0,3096.8171,10149.0855,169,23,0.830553,6,2
9645,14,14,0,3854.6800,13793.3998,171,29,1.518919,7,2
9646,10,10,0,3253.5734,11902.8668,138,23,0.801701,7,2
9647,16,16,0,4078.1754,15075.8768,165,30,0.981747,7,2
9648,16,16,0,4083.3863,15286.9313,158,30,1.721228,7,2
9649,16,16,0,3760.7594,13168.7968,175,29,1.428758,7,2
9650,15,15,0,4056.0172,15760.0862,139,28,1.119502,7,2
9651,16,16,0,4309.7545,16368.7723,160,30,1.789194,7,2
9652,15,15,0,4530.8943,17264.4714,167,31,0.911138,7,2
9653,14,14,0,3111.7393,10843.6967,146,24,1.942979,6,2
9654,16,16,0,4059.3215,13791.6074,204,31,2.204330,7,4
9655,10,10,0,3537.3961,12881.9803,153,30,1.216540,6,2
9656,16,16,0,4486.8953,16474.4764,186,32,1.281304,7,2
9657,14,14,0,3775.3907,13611.9533,165,32,1.464672,7,2
9658,15,15,0,4431.4192,17372.0962,148,29,1.011193,7,2
9659,14,14,0,3844.5486,14567.7428,144,34,1.980333,6,2
9660,14,14,0,3774.7355,14068.6775,149,29,0.879099,7,2
9661,13,13,0,4159.3668,14646.8339,203,25,0.433251,7,2
9662,12,12,0,3497.5237,12247.6185,165,26,0.515637,6,2
9663,16,16,0,3811.9184,14354.5922,145,38,3.611613,7,2
9664,11,11,0,3798.2206,13976.1030,159,25,3.529879,7,2
9665,11,11,0,3504.1905,12875.9527,146,24,1.285729,6,3
9666,12,12,0,3976.7527,15138.7635,149,27,0.808980,7,2
9667,15,15,0,3918.5428,14812.7141,149,35,1.811432,7,2
9668,14,14,0,3590.9921,12969.9607,155,28,1.162847,6,2
9669,12,12,0,3199.6470,12058.2352,122,21,1.862206,6,2
9670,16,16,0,4555.1594,17815.7972,153,31,2.695543,7,2
9671,12,12,0,3653.5393,13797.6966,139,18,0.559122,7,2
9672,13,13,0,3693.1164,14595.5821,119,28,4.283914,7,2
9673,15,15,0,3836.5671,14502.8353,145,27,1.105414,7,3
9674,11,11,0,3476.0556,12775.2779,145,23,1.407986,7,2
9675,15,15,0,3806.1808,14300.9041,146,28,2.720187,7,2
9676,11,11,0,3601.0490,13605.2450,138,24,0.919944,7,2
9677,12,12,0,3358.0004,11475.0020,167,28,1.196086,6,2
9678,11,11,0,3384.4393,11902.1965,159,33,1.142167,7,2
9679,12,12,0,4233.4465,16362.2325,151,32,1.116384,7,2
9680,16,16,0,3950.7489,15513.7445,129,32,2.980253,7,2
9681,15,15,0,3948.3745,15546.8724,128,30,4.025618,7,2
9682,12,12,0,3450.0390,12450.1950,151,25,2.735909,7,2
9683,16,16,0,3682.1976,13390.9878,154,28,2.226551,7,2
9684,16,16,0,4644.9054,17264.5269,186,34,5.608883,7,2
9685,16,16,0,3572.3460,12241.7298,175,29,2.223044,7,3
9686,14,14,0,3404.4931,12362.4655,144,24,2.803147,7,2
9687,16,16,0,3994.6802,14273.4009,177,34,1.695193,7,2
9688,14,14,0,4656.6436,18103.2182,161,29,2.611851,7,2
9689,10,10,0,3334.5172,11597.5861,161,23,1.352001,7,2
9690,13,13,0,3495.1200,12575.6001,153,27,1.403520,6,2
9691,13,13,0,4119.2854,15626.4268,155,29,4.316762,7,2
9692,11,11,0,3294.0646,12040.3232,139,23,2.757656,6,2
9693,15,15,0,4367.4851,16687.4257,160,28,1.440991,7,2
9694,14,14,0,3174.6582,11488.2911,135,24,1.415392,6,2
9695,10,10,0,2910.4895,10302.4476,134,20,1.137080,6,2
9696,11,11,0,4184.8604,15859.3022,160,27,1.373454,7,4
9697,16,16,0,3876.7358,14313.6789,156,29,6.773025,7,2
9698,12,12,0,4237.7019,15858.5095,168,27,1.147245,7,2
9699,15,15,0,3774.1324,14435.6618,136,24,2.374515,7,2
9700,15,15,0,5034.1250,16565.6252,296,33,3.818315,7,2
9701,14,14,0,4492.5413,17632.7066,150,29,1.870869,7,3
9702,13,13,0,3688.8186,13609.0928,152,26,1.439517,6,2
9703,10,10,0,3203.8335,11949.1674,128,19,0.979011,6,2
9704,15,15,0,4171.8342,15194.1708,177,33,2.558370,7,2
9705,14,14,0,4023.5185,15142.5926,155,32,3.235157,7,2
9706,15,15,0,4039.6993,15108.4963,158,34,3.518330,7,2
9707,12,12,0,3624.8591,13299.2956,151,22,1.149693,7,3
9708,11,11,0,3465.0867,12815.4333,142,25,0.966155,7,2
9709,14,14,0,3341.7899,11783.9496,153,26,1.232421,7,2
9710,15,15,0,3838.3970,14646.9851,140,26,1.051829,6,2
9711,12,12,0,3573.7055,12218.5275,179,26,1.497984,7,2
9712,14,14,0,4003.7849,14868.9243,160,23,0.748604,7,2
9713,14,14,0,4212.5008,16517.5042,140,25,1.241805,7,2
9714,11,11,0,3533.6378,12938.1891,149,27,0.540226,7,4
9715,15,15,0,3368.7990,11908.9950,153,27,2.263712,7,2
9716,16,16,0,3904.3523,13646.7616,183,32,3.347906,7,2
9717,11,11,0,3140.7098,11118.5489,144,23,0.669804,6,2
9718,10,10,0,3465.6182,12908.0909,140,23,0.641568,7,3
9719,16,16,0,4067.8369,14764.1845,174,30,0.656354,7,3
9720,12,12,0,3407.3647,12641.8236,137,24,1.417264,7,2
9721,12,12,0,3547.5041,13347.5207,137,26,0.694358,6,2
9722,15,14,1,4622.7158,17778.5790,167,160,1.776978,7,2
9723,13,13,0,4122.8332,15229.1658,169,29,2.627931,7,2
9724,10,10,0,2864.6174,9868.0872,141,23,0.563791,7,2
9725,11,11,0,4152.1589,15285.7947,173,28,0.681731,7,2
9726,12,12,0,4300.2625,16621.3125,154,25,0.451239,7,2
9727,13,13,0,4063.1512,15740.7560,142,25,0.599608,7,2
9728,12,12,0,4110.3819,15281.9096,166,31,0.772308,7,2
9729,13,13,0,3463.7402,12833.7011,139,24,1.480564,7,2
9730,16,16,0,3978.1199,14940.5993,153,28,0.693113,7,2
9731,15,15,0,4358.2282,16361.1409,169,35,0.795704,7,2
9732,10,10,0,3398.2090,12586.0448,140,28,1.027007,7,2
9733,10,10,0,3096.9613,11129.8066,137,23,1.299530,6,2
9734,15,15,0,3971.2697,14776.3485,158,30,3.546665,7,2
9735,11,11,0,3723.0844,13640.4222,156,25,0.663583,7,2
9736,10,10,0,3819.1458,13940.7291,164,28,1.292285,7,2
9737,15,15,0,3712.2357,14051.1784,139,24,3.687884,7,2
9738,15,15,0,3886.5787,13562.8936,184,30,2.114998,7,2
9739,10,10,0,3482.3291,12826.6453,145,26,0.850385,7,2
9740,12,12,0,3283.0780,11380.3902,158,26,2.601645,7,2
9741,11,11,0,3572.4841,13552.4205,135,22,1.946465,7,2
9742,16,16,0,3794.7064,13913.5318,156,28,1.326438,7,2
9743,16,16,0,3869.4350,13467.1752,184,34,1.646250,7,2
9744,14,14,0,4030.2927,15226.4634,153,29,2.698311,7,2
9745,14,14,0,3642.2252,14696.1259,106,25,1.720395,7,2
9746,10,10,0,3766.7339,14808.6697,126,21,0.599544,7,2
9747,13,13,0,3822.9627,14459.8134,145,25,0.856326,7,2
9748,15,15,0,3995.7755,14983.8775,154,32,1.407585,7,2
9749,15,15,0,3529.5036,13017.5182,143,28,2.014240,6,2
9750,14,14,0,3763.8477,13734.2385,159,26,0.780254,7,3
9751,10,10,0,3327.2292,11896.1461,150,25,1.121520,7,2
9752,11,11,0,3295.5402,10942.7010,176,26,1.482939,7,2
9753,12,12,0,3204.6146,11288.0731,149,21,1.735299,7,3
9754,12,12,0,4698.9537,18289.7684,164,34,1.216636,7,2
9755,15,15,0,4278.8944,15089.4722,198,37,4.332257,7,2
9756,11,11,0,3663.5365,13867.6824,140,20,2.276974,7,2
9757,10,10,0,3841.4437,14787.2187,140,26,1.402791,7,2
9758,15,15,0,3512.6956,12743.4782,149,28,1.290374,7,2
9759,11,11,0,3720.9436,14064.7180,143,25,1.510164,7,2
9760,14,14,0,3895.7320,14518.6601,154,28,1.913317,7,2
9761,13,13,0,3579.8860,12994.4299,154,27,1.269518,6,2
9762,12,12,0,3527.0168,12975.0842,146,28,3.003578,7,2
9763,16,16,0,4033.4406,14867.2029,164,35,2.956796,7,2
9764,14,14,0,3623.4910,13532.4550,142,29,1.892088,5,2
9765,13,13,0,3953.3752,15101.8759,146,29,1.164657,7,2
9766,15,15,0,3828.4043,14397.0214,146,28,3.091177,7,2
9767,12,12,0,4121.3873,16146.9363,139,25,1.158828,7,3
9768,12,12,0,3415.8115,12339.0577,149,24,1.213418,6,2
9769,14,14,0,4554.8818,17179.4090,176,46,2.828972,7,2
9770,13,13,0,3548.1261,12375.6306,168,27,1.042728,7,2
9771,16,16,0,4141.8275,15549.1376,160,34,3.917646,7,2
9772,12,12,0,3532.4507,12997.2535,146,24,1.472267,7,2
9773,10,10,0,3467.3681,12896.8405,140,22,1.291239,6,2
9774,11,11,0,3692.5603,14522.8016,123,23,0.980596,6,2
9775,13,13,0,4027.8547,15254.2736,153,32,1.585039,7,2
9776,11,11,0,3182.9815,11219.9074,148,23,1.284323,7,2
9777,15,15,0,3687.6393,12878.1966,173,26,0.786341,7,2
9778,14,14,0,3370.1940,12470.9698,136,25,2.159600,7,3
9779,14,14,0,4628.1505,17895.7526,163,25,3.217537,7,2
9780,15,15,0,4427.0654,16555.3269,174,34,5.300623,7,2
9781,12,12,0,3280.8390,12039.1948,136,24,0.920094,6,2
9782,13,13,0,3785.4816,13827.4082,160,27,1.181086,7,2
9783,12,12,0,3627.2875,13256.4373,153,27,0.900435,7,2
9784,11,11,0,3441.2455,13101.2273,128,21,0.771917,6,2
9785,13,13,0,3608.7042,14003.5208,125,25,1.132117,6,2
9786,16,16,0,3817.8716,13749.3581,165,28,2.300481,7,2
9787,15,15,0,3567.9552,11924.7758,185,31,2.477448,7,2
9788,16,16,0,3108.6740,10638.3699,151,28,0.731801,7,2
9789,12,12,0,3424.5026,12217.5129,154,24,0.725950,7,2
9790,16,16,0,3575.0005,13120.0025,146,28,1.405502,7,2
9791,12,12,0,3592.3277,13181.6386,150,23,2.847427,6,2
9792,14,14,0,4194.7692,16288.8460,145,30,3.383228,7,2
9793,16,16,0,3722.1911,13885.9553,144,29,1.685275,7,2
9794,12,12,0,3714.9233,13464.6163,161,32,1.060366,7,2
9795,16,16,0,3508.6962,12683.4810,150,28,1.488207,7,2
9796,12,12,0,3319.2552,12496.2761,127,25,4.020477,6,2
9797,12,12,0,3392.3493,12571.7464,137,25,1.352696,7,2
9798,16,16,0,3634.9532,12949.7658,162,31,3.938390,7,2
9799,15,15,0,3892.7173,14233.5866,163,30,2.345310,7,2
9800,15,15,0,3581.6202,12933.1011,154,28,2.091155,7,2
9801,11,11,0,3582.1952,13850.9761,127,25,1.196967,7,2
9802,10,10,0,3532.4993,13522.4963,130,23,0.879899,7,2
9803,12,12,0,3652.3106,13216.5531,159,26,0.671199,7,3
9804,12,12,0,3957.3143,14831.5714,156,29,1.467629,7,3
9805,14,14,0,3906.3042,15006.5212,140,29,1.786400,7,2
9806,10,10,0,3305.2277,12036.1386,141,22,0.720172,7,2
9807,11,11,0,3867.1059,14960.5294,138,25,1.781273,7,2
9808,16,16,0,3388.5781,12742.8905,128,27,1.473357,7,2
9809,10,10,0,3890.1560,14855.7801,145,22,0.807336,7,2
9810,10,10,0,3946.5526,14287.7628,173,26,0.906766,7,2
9811,15,15,0,4356.8277,16244.1387,173,29,3.120820,7,2
9812,10,10,0,3116.8637,11144.3184,140,19,0.989511,7,2
9813,15,15,0,4472.8025,16909.0123,170,31,2.466534,7,2
9814,15,15,0,4142.2568,15241.2840,171,31,4.534453,7,2
9815,13,13,0,3349.2362,12381.1809,135,22,2.915064,7,2
9816,14,14,0,3699.2496,13521.2481,155,24,0.806492,7,2
9817,14,14,0,3978.6764,14788.3820,159,31,2.783820,7,2
9818,11,11,0,3201.3532,11216.7658,151,24,1.181983,7,2
9819,15,15,0,3764.6305,13683.1527,159,31,2.493668,7,2
9820,16,16,0,4115.2600,15421.3000,160,34,1.487136,7,2
9821,12,12,0,3731.1190,14005.5949,146,26,0.775628,7,2
9822,16,16,0,3553.6433,13043.2165,145,24,1.569218,7,2
9823,11,11,0,3965.0894,15175.4471,147,28,1.267842,7,2
9824,15,15,0,4886.3097,19266.5483,160,35,5.997562,7,2
9825,15,15,0,3892.9417,14459.7085,156,29,4.258528,7,2
9826,12,12,0,3215.6389,11573.1944,141,25,1.345207,6,2
9827,16,16,0,3488.7345,13083.6726,133,31,2.761520,7,2
9828,15,15,0,3833.5621,14182.8104,154,30,5.515007,7,2
9829,11,11,0,3621.2158,13236.0788,154,22,1.155302,7,2
9830,16,16,0,3943.2950,14881.4751,148,29,3.056399,7,2
9831,16,16,0,3864.6110,14078.0552,162,31,2.040130,7,2
9832,13,13,0,3750.2973,14101.4866,145,24,2.014901,7,2
9833,11,11,0,3360.8050,12249.0249,143,29,2.350255,7,2
9834,12,12,0,3551.1290,12840.6452,154,25,0.960961,7,2
9835,11,11,0,3755.1811,14340.9053,139,24,1.213425,7,2
9836,11,11,0,3255.0670,11355.3348,155,21,0.813301,6,2
9837,15,15,0,4189.8368,16144.1840,148,26,0.765730,7,2
9838,13,13,0,3959.1717,14590.8583,163,26,1.169419,7,2
9839,14,14,0,3789.4272,13987.1360,154,29,1.101757,7,3
9840,12,12,0,4049.5181,15542.5903,147,26,1.067536,7,2
9841,16,16,0,4667.9268,16564.6338,213,42,3.235252,7,2
9842,12,12,0,3169.3072,10746.5361,161,23,0.798836,6,2
9843,10,10,0,3816.3170,14161.5851,157,31,0.788711,7,2
9844,11,11,0,3555.1349,12565.6743,165,23,0.831648,7,2
9845,10,10,0,3646.7458,14003.7292,133,21,1.099228,7,2
9846,14,14,0,3771.2585,14381.2926,138,27,2.055503,7,2
9847,12,12,0,3843.8691,14474.3453,148,24,1.718456,7,2
9848,16,16,0,3548.2269,12541.1347,161,27,0.997632,7,2
9849,10,10,0,3438.0403,13130.2016,128,21,0.951857,6,2
9850,16,16,0,3949.5298,15127.6491,141,31,0.820747,7,2
9851,15,15,0,4645.5576,17737.7878,172,44,1.992135,7,2
9852,12,12,0,3748.0155,13820.0777,155,29,1.226178,7,2
9853,15,15,0,3869.5806,14437.9029,152,29,1.725983,7,2
9854,11,11,0,3147.5699,11427.8495,135,24,0.697618,6,2
9855,16,16,0,4252.2946,14651.4730,207,37,2.191086,7,2
9856,12,12,0,3806.3564,13916.7822,160,27,0.879047,7,2
9857,12,12,0,3305.1156,11920.5782,144,25,1.104856,7,2
9858,14,14,0,4053.9195,15424.5977,150,28,2.191563,7,2
9859,12,12,0,3706.8035,14009.0175,141,25,2.054945,7,2
9860,11,11,0,3928.3953,14311.9767,169,23,0.497903,7,2
9861,14,14,0,3847.4673,14457.3363,148,30,1.608654,7,2
9862,14,14,0,3987.1416,14880.7079,157,31,2.775511,7,2
9863,12,12,0,3377.4565,11472.2826,171,26,2.048863,7,2
9864,13,13,0,3625.0521,13975.2606,128,23,1.434659,7,2
9865,12,12,0,3748.3719,14081.8597,145,24,0.743175,7,2
9866,12,12,0,3782.4090,14497.0448,138,28,0.753767,7,2
9867,11,11,0,4082.1029,15685.5147,149,28,1.223150,7,2
9868,13,13,0,3580.0393,13200.1963,146,28,0.824593,7,2
9869,12,12,0,3731.6731,14388.3657,133,24,0.755011,7,2
9870,12,12,0,3301.8677,12089.3385,138,23,0.708110,6,2
9871,10,10,0,3067.7424,10968.7119,138,20,1.029971,7,2
9872,11,11,0,3404.2836,12606.4182,139,23,1.468995,7,3
9873,13,13,0,3861.9127,14369.5637,154,28,2.237610,7,2
9874,10,10,0,4219.8759,16589.3795,143,31,1.715828,7,3
9875,11,11,0,2868.4552,10002.2761,136,22,1.287278,6,2
9876,16,16,0,4433.6797,16398.3983,179,33,2.753660,7,2
9877,16,16,0,4526.9205,17074.6023,173,38,3.612497,7,2
9878,16,16,0,4143.9243,15564.6213,159,30,4.916940,7,2
9879,15,15,0,4503.7888,17283.9439,162,34,2.165987,7,2
9880,15,15,0,4035.6228,14588.1142,175,32,2.195252,7,3
9881,10,10,0,3496.5819,12492.9093,159,27,1.029578,7,2
9882,15,15,0,4388.3102,16191.5510,180,37,3.221937,7,2
9883,10,10,0,3226.5261,11447.6304,148,24,1.244408,6,2
9884,10,10,0,4628.7783,15808.8914,255,23,2.110218,7,2
9885,10,10,0,3455.8100,12004.0500,168,23,1.383404,7,2
9886,15,15,0,4119.6497,14153.2485,203,31,4.212190,7,2
9887,16,16,0,4601.3468,17036.7338,186,31,1.327037,7,3
9888,16,16,0,3821.9434,13774.7172,165,30,3.273601,7,2
9889,12,12,0,4173.1073,16060.5363,151,24,0.765454,7,2
9890,13,13,0,3798.1140,13970.5698,157,25,1.410428,7,2
9891,15,15,0,3990.2175,14376.0873,174,28,5.616951,7,2
9892,11,11,0,3648.2416,13231.2080,158,25,1.082096,7,2
9893,15,15,0,4535.0549,17405.2746,164,34,2.496702,7,2
9894,16,16,0,3611.4209,12172.1046,183,29,1.584516,7,2
9895,11,11,0,4009.1584,15090.7920,157,26,0.918180,7,3
9896,10,10,0,3335.7008,12038.5039,147,23,1.031494,7,2
9897,14,14,0,3493.9569,12449.7843,156,24,3.018809,7,2
9898,13,13,0,4339.3619,15861.8095,185,40,1.094818,7,2
9899,10,10,0,3327.0350,12190.1750,140,21,1.598890,6,2
9900,14,14,0,4042.0479,15185.2393,156,29,2.021958,7,2
9901,10,10,0,3139.8778,11449.3892,134,26,1.600289,6,2
9902,10,10,0,3589.2982,13306.4911,147,21,0.588441,7,2
9903,13,13,0,3641.8519,14249.2593,122,27,1.546890,6,2
9904,14,14,0,3859.8312,14544.1559,148,29,3.766711,7,2
9905,13,13,0,4269.1418,16325.7090,156,27,0.988284,7,2
9906,16,16,0,3923.3753,14706.8763,151,32,1.980838,7,2
9907,10,10,0,3923.7240,15003.6199,146,23,1.629006,7,2
9908,15,15,0,3772.8533,14134.2665,146,31,4.592670,7,2
9909,11,11,0,3189.2504,11691.2518,133,24,0.724815,6,2
9910,12,12,0,4350.9462,17359.7312,137,27,0.641532,7,3
9911,12,12,0,3412.6074,12088.0369,156,22,0.521638,7,3
9912,16,16,0,3666.5622,13717.8109,143,30,2.035171,7,2
9913,14,14,0,3864.6089,12523.0445,215,33,2.765878,7,2
9914,14,14,0,4024.1254,14710.6270,169,31,2.673421,7,2
9915,13,13,0,3810.6385,13873.1927,162,28,1.103537,7,2
9916,11,11,0,3288.6021,11838.0103,145,24,1.528602,7,2
9917,16,16,0,3686.0089,14070.0446,133,29,2.210549,7,2
9918,16,16,0,3658.2728,13256.3641,156,28,1.604665,7,2
9919,12,12,0,3759.4384,13892.1919,154,26,0.559305,7,2
9920,16,16,0,3194.2589,11156.2946,148,26,1.136141,7,2
9921,10,10,0,4018.2775,15831.3877,134,21,0.317294,7,2
9922,11,11,0,3480.2610,12361.3052,160,23,0.578653,6,2
9923,15,15,0,3616.9982,12379.9909,178,28,1.895298,7,2
9924,11,11,0,2834.9533,9859.7667,135,20,0.624080,6,2
9925,15,15,0,3557.5547,12707.7735,158,29,0.381768,6,2
9926,12,12,0,3718.7306,13688.6530,153,26,0.515792,6,2
9927,13,13,0,4184.5596,15792.7978,161,31,0.899668,7,2
9928,10,10,0,3124.4660,11457.3302,131,20,0.520499,7,3
9929,10,10,0,3598.9947,13194.9736,152,21,0.260359,7,3
9930,13,13,0,3404.6361,12348.1805,146,26,0.452785,6,2
9931,12,12,0,3621.7448,13233.7239,153,25,0.583734,7,2
9932,13,13,0,3617.2614,13751.3072,135,27,0.476135,7,2
9933,13,13,0,3582.3177,13416.5887,139,20,0.260206,6,2
9934,10,10,0,2896.6797,10163.3983,136,18,0.321965,6,3
9935,16,16,0,3651.5351,13347.6756,151,26,1.112026,7,2
9936,11,11,0,3902.2056,15061.0278,140,27,0.572605,7,2
9937,14,14,0,3569.7584,13278.7920,141,25,0.438524,7,2
9938,10,10,0,2912.2919,10451.4597,129,25,0.383382,6,2
9939,15,15,0,3627.6932,13343.4662,148,36,0.720367,6,2
9940,13,13,0,3939.0215,14770.1073,154,24,0.797045,7,2
9941,14,14,0,3708.4227,13487.1137,158,27,1.248457,7,2
9942,10,10,0,3673.3306,13631.6532,151,23,2.270469,7,2
9943,15,15,0,3991.2890,14896.4452,158,34,2.701684,7,2
9944,14,14,0,4392.4556,17097.2782,151,31,4.914570,7,2
9945,10,10,0,3721.4374,14057.1870,144,23,0.812855,7,2
9946,12,12,0,3164.8535,11054.2675,149,22,1.506629,7,2
9947,12,12,0,4184.1738,15570.8690,169,29,1.476052,7,2
9948,16,16,0,3718.7097,13478.5486,158,28,2.492747,7,2
9949,13,13,0,3467.3506,12566.7532,148,21,0.728550,6,2
9950,13,13,0,3592.8482,13424.2410,141,24,1.142848,7,2
9951,13,13,0,3632.5408,13117.7039,158,28,1.370352,6,2
9952,13,13,0,3179.5617,10627.8085,165,23,2.463386,7,2
9953,13,13,0,3729.8168,13034.0840,177,30,2.015509,7,3
9954,13,13,0,4099.3793,15066.8964,170,30,2.418740,7,2
9955,16,16,0,4258.5770,16472.8852,148,30,4.300157,7,2
9956,16,16,0,3725.2149,14086.0746,139,28,2.603381,7,2
9957,15,15,0,3797.1581,14340.7906,143,28,2.688127,7,2
9958,11,11,0,3256.6833,11368.4164,155,19,0.914360,6,3
9959,13,13,0,3586.7205,13438.6027,140,31,0.794641,6,2
9960,11,11,0,3347.8816,12494.4082,133,26,0.894582,7,2
9961,12,12,0,3662.5635,13402.8176,154,26,0.647097,7,2
9962,15,15,0,3949.1328,14820.6642,152,27,2.726255,6,2
9963,15,15,0,3970.4793,14487.3963,167,31,1.869072,6,2
9964,14,14,0,3741.4642,14207.3211,139,24,1.300723,7,2
9965,12,12,0,4127.7565,16338.7825,134,26,1.231241,7,2
9966,14,14,0,3099.1696,10725.8480,148,21,1.555279,7,2
9967,16,16,0,4080.0752,14740.3759,176,31,1.840038,7,2
9968,15,15,0,3895.6125,14408.0623,157,30,1.692969,7,2
9969,13,13,0,3593.0506,13035.2528,154,25,0.941721,7,2
9970,15,15,0,3631.6720,13088.3600,157,34,1.148093,7,2
9971,10,10,0,4043.4791,15922.3956,135,21,0.682362,7,2
9972,12,12,0,4075.5829,14402.9143,190,33,0.926389,7,2
9973,13,13,0,3787.1132,14485.5662,138,26,1.416360,6,2
9974,10,10,0,3107.4668,11257.3340,135,20,0.327866,6,2
9975,16,16,0,4464.6348,16733.1739,174,34,2.954480,7,2
9976,16,16,0,3737.2654,13296.3270,166,32,1.411250,7,2
9977,10,10,0,3247.9963,11509.9817,150,22,0.238754,7,2
9978,13,13,0,4153.4359,15742.1796,158,33,1.275444,7,2
9979,11,11,0,3670.4643,13802.3216,143,25,0.443687,7,2
9980,13,13,0,3673.0231,13690.1153,146,26,0.378525,7,2
9981,13,13,0,3990.7410,14583.7052,170,26,0.299125,7,3
9982,11,11,0,3143.2888,11346.4438,137,20,0.459101,6,2
9983,11,11,0,3583.1647,12930.8235,157,20,0.407341,7,2
9984,12,12,0,3692.4537,13762.2687,147,28,0.332497,7,2
9985,11,11,0,3471.1918,12445.9590,155,24,0.382889,7,2
9986,16,16,0,3446.0015,12365.0075,149,26,0.414503,7,2
9987,13,13,0,3118.6950,11808.4752,116,21,0.688648,5,2
9988,16,16,0,4190.6134,15008.0672,186,33,1.425733,7,3
9989,13,13,0,3472.4836,11592.4180,182,26,0.414595,7,3
9990,14,14,0,4058.4272,15547.1360,147,23,0.749127,7,2
9991,12,12,0,3169.3214,11346.6069,141,22,0.679767,7,2
9992,16,16,0,2725.0256,9390.1281,129,22,1.086310,7,2
9993,11,11,0,3746.2987,13991.4933,149,27,0.391446,7,2
9994,16,16,0,3600.8804,11944.4022,188,30,0.561380,7,2
9995,10,10,0,3475.5063,13187.5317,132,21,0.827716,7,2
9996,14,14,0,4117.8156,16169.0782,136,24,0.293518,7,3
9997,16,16,0,4285.1133,16570.5663,149,32,0.847725,7,2
9998,15,15,0,4646.6381,17928.1907,165,35,0.813104,7,2
9999,14,14,0,3574.3427,13291.7135,142,27,0.241565,6,2
