trial,n_sources,cleared,remaining,time_s,walk_m,measures,replans,wall_s,cover_visits,cover_visits_at_first_clear,cover_snaps,n_cover_moves,stop_reason
0,11,11,0,3368.0290,13215.1452,112,18,0.284068,7,2,7,6,certificate
1,10,10,0,2993.7707,11068.8537,122,18,0.229474,7,2,7,6,certificate
2,15,15,0,3661.1061,14680.5303,109,23,0.240751,7,2,7,6,certificate
3,12,12,0,3471.1745,13265.8726,127,20,0.290054,7,2,7,6,certificate
4,14,14,0,3607.9149,14169.5744,118,24,0.256672,7,2,7,6,certificate
5,12,12,0,3846.5942,15087.9710,129,23,0.266889,7,2,7,6,certificate
6,11,11,0,3230.2306,12301.1529,119,19,0.254074,7,2,7,6,certificate
7,12,12,0,3348.8883,12714.4414,125,22,0.464024,7,3,7,6,certificate
8,13,13,0,3023.1508,11290.7539,117,21,0.296053,7,2,7,6,certificate
9,13,13,0,4003.8536,15564.2678,138,22,0.304642,7,3,7,6,certificate
10,11,11,0,2948.1106,11000.5528,116,21,0.284017,7,2,7,6,certificate
11,11,11,0,3198.8818,12129.4092,120,21,0.280947,7,2,7,6,certificate
12,12,12,0,3189.1554,11695.7768,132,21,0.285887,7,2,7,6,certificate
13,14,14,0,3123.8568,12004.2841,109,21,0.220082,7,2,7,6,certificate
14,10,10,0,3067.2353,11551.1764,118,17,0.238839,7,2,7,6,certificate
15,10,10,0,3177.5009,11947.5047,123,16,0.255157,7,2,7,6,certificate
16,13,13,0,3383.9395,12934.6975,123,26,0.539031,7,2,7,6,certificate
17,10,10,0,3019.2377,11341.1883,117,18,0.288533,7,2,7,6,certificate
18,11,11,0,2896.4593,10722.2965,117,21,0.305284,7,2,7,6,certificate
19,15,15,0,3608.3205,14111.6023,119,26,0.389032,7,2,7,6,certificate
20,11,11,0,3260.0778,12240.3890,126,21,0.254701,7,2,7,6,certificate
21,13,13,0,3598.9017,14399.5086,109,21,0.329067,7,2,7,6,certificate
22,11,11,0,2867.4174,10387.0871,123,21,0.360694,7,2,7,6,certificate
23,13,13,0,3338.7232,12988.6161,113,19,0.248094,7,2,7,6,certificate
24,15,15,0,3582.0554,14175.2768,112,24,0.274511,7,2,7,6,certificate
25,16,16,0,3156.4905,12132.4527,108,24,0.305670,7,2,6,5,certificate
26,10,10,0,3168.5472,12037.7361,119,18,0.210870,7,2,7,6,certificate
27,11,11,0,2962.2650,11271.3251,109,18,0.291944,7,2,7,6,certificate
28,12,12,0,3694.6725,14653.3625,118,21,0.286364,7,2,7,6,certificate
29,12,12,0,3046.1035,11200.5175,125,21,0.310583,7,2,7,6,certificate
30,16,16,0,3406.1367,13260.6835,113,25,0.262185,7,2,6,5,certificate
31,10,10,0,3357.6916,12353.4581,140,21,0.285578,7,2,7,6,certificate
32,16,16,0,3578.7590,14353.7951,105,24,0.693667,7,2,7,6,certificate
33,11,11,0,3497.1931,13415.9657,127,19,0.251867,7,2,7,6,certificate
34,16,16,0,3145.8971,12414.4856,98,24,0.287715,7,2,7,6,certificate
35,15,15,0,3339.9004,12834.5021,117,24,0.413892,7,2,7,6,certificate
36,10,10,0,3154.0690,11805.3450,124,18,0.234956,7,2,7,6,certificate
37,10,10,0,3522.8502,13429.2511,132,18,0.230438,7,3,7,6,certificate
38,15,15,0,3633.2848,14351.4240,115,25,0.260396,7,2,7,6,certificate
39,14,14,0,3397.3478,13076.7392,119,23,0.293209,7,2,7,6,certificate
40,16,16,0,3157.8690,12429.3448,99,25,0.246860,7,2,5,3,certificate
41,12,12,0,3787.6267,15133.1336,117,23,0.334206,7,2,7,6,certificate
42,11,11,0,3295.4984,12637.4921,119,20,0.279839,7,2,7,6,certificate
43,15,15,0,3246.0490,12390.2450,116,25,0.384833,7,2,7,6,certificate
44,13,13,0,3784.1886,15030.9432,119,22,0.223707,7,2,7,6,certificate
45,11,11,0,3736.5641,14782.8205,121,19,0.255293,7,2,7,6,certificate
46,14,14,0,3566.2313,14206.1563,110,25,0.298960,7,2,7,6,certificate
47,12,12,0,3849.6753,15233.3765,124,23,0.338522,7,2,7,6,certificate
48,15,15,0,3439.4247,13477.1234,112,24,0.378579,7,2,7,6,certificate
49,11,11,0,3688.1304,14255.6519,131,21,0.236743,7,2,7,6,certificate
50,11,11,0,3574.4640,13972.3200,121,19,0.244479,7,2,7,6,certificate
51,12,12,0,3268.1182,12390.5911,122,22,0.276794,7,2,7,6,certificate
52,16,16,0,3971.0473,15990.2367,116,26,0.254267,7,2,6,5,certificate
53,15,15,0,3910.0678,15360.3391,128,26,0.272419,7,2,7,6,certificate
54,10,10,0,3185.4761,11842.3807,128,18,0.319614,7,2,7,6,certificate
55,15,15,0,3508.4970,13482.4850,124,25,0.584102,7,2,7,6,certificate
56,14,14,0,3181.1287,12125.6436,115,22,0.247024,7,2,7,6,certificate
57,15,15,0,3662.5719,14002.8593,132,26,0.307882,7,2,7,6,certificate
58,16,16,0,3375.2038,12476.0189,134,26,0.240283,7,2,6,5,certificate
59,11,11,0,4507.8989,18524.4946,125,19,0.194003,7,2,7,6,certificate
60,13,13,0,3405.1733,13170.8666,118,21,0.303195,7,2,7,6,certificate
61,16,16,0,3815.3037,14866.5186,127,25,0.241510,7,2,6,5,certificate
62,16,16,0,3652.3606,14381.8028,117,26,0.267371,7,2,6,5,certificate
63,16,16,0,4217.1770,16840.8850,129,26,0.252302,7,2,7,6,certificate
64,12,12,0,3467.5337,13477.6685,119,21,0.299296,7,2,7,6,certificate
65,15,15,0,3308.7325,12553.6625,121,22,0.232241,7,2,7,6,certificate
66,12,12,0,3298.4502,12582.2512,122,23,0.263954,7,2,7,6,certificate
67,11,11,0,3052.5135,11342.5677,122,23,0.304750,7,2,7,6,certificate
68,16,16,0,3453.8169,13884.0847,100,22,0.294620,7,2,4,3,certificate
69,13,13,0,2740.1558,10235.7789,105,20,0.828316,7,2,7,6,certificate
70,13,13,0,3563.5777,14027.8887,116,23,0.366486,7,2,7,6,certificate
71,13,13,0,3389.7914,13363.9570,109,22,0.276425,7,2,7,6,certificate
72,10,10,0,3243.3010,12311.5051,122,18,0.226411,7,2,7,6,certificate
73,11,11,0,3179.4456,12187.2280,115,20,0.203577,7,2,7,6,certificate
74,13,13,0,3587.2708,14046.3542,119,19,0.229782,7,2,7,6,certificate
75,15,15,0,3372.8938,12644.4691,129,26,0.230951,7,2,7,6,certificate
76,15,15,0,3609.9836,13829.9179,129,25,0.366141,7,2,7,6,certificate
77,12,12,0,3614.8268,14069.1338,124,22,0.276653,7,2,7,6,certificate
78,14,14,0,3718.3739,14256.8696,133,23,0.363263,7,2,7,6,certificate
79,12,12,0,3152.8018,11929.0091,118,19,0.262727,7,2,7,6,certificate
80,13,13,0,2877.1223,10735.6113,111,21,0.235470,7,2,7,6,certificate
81,13,13,0,3561.4629,14202.3144,110,25,0.271015,7,2,7,6,certificate
82,16,16,0,3203.7347,12148.6734,116,23,0.381288,7,2,6,5,certificate
83,11,11,0,3115.0384,11655.1919,122,21,0.260674,7,2,7,6,certificate
84,16,16,0,3516.5200,14082.5999,104,24,0.316669,7,2,6,5,certificate
85,10,10,0,3190.8124,11779.0622,131,19,0.257331,7,2,7,6,certificate
86,16,16,0,3415.4308,13452.1542,108,25,0.231676,7,2,7,6,certificate
87,13,13,0,2919.6994,10303.4972,133,23,0.380400,7,2,7,6,certificate
88,10,10,0,3595.5389,14327.6946,114,19,0.318152,7,2,7,6,certificate
89,13,13,0,3585.3631,14546.8153,102,23,0.384079,7,2,7,6,certificate
90,10,10,0,3325.5357,12772.6783,120,18,0.234724,7,2,7,6,certificate
91,16,16,0,2822.8237,10809.1184,98,23,0.947090,7,2,5,4,certificate
92,15,15,0,4230.3584,17411.7918,113,28,0.533788,7,2,7,6,certificate
93,12,12,0,2992.9705,11159.8525,117,22,0.711656,7,2,7,6,certificate
94,14,14,0,3349.4727,12712.3637,123,22,0.316101,7,3,7,6,certificate
95,15,15,0,3237.3750,11941.8748,129,25,0.339995,7,2,7,6,certificate
96,12,12,0,2995.2810,11056.4049,121,21,0.312185,7,2,7,6,certificate
97,13,13,0,3357.8153,13274.0765,107,21,0.262670,7,2,7,6,certificate
98,15,15,0,3978.8538,16269.2688,109,23,0.249630,7,2,7,6,certificate
99,13,13,0,2904.3754,10756.8770,115,22,0.286040,7,2,7,6,certificate
100,13,13,0,3221.0327,12340.1637,115,22,0.251246,7,2,7,6,certificate
101,13,13,0,3544.1222,13730.6110,123,22,0.324990,7,2,7,6,certificate
102,12,12,0,3566.5948,13357.9742,139,21,0.252722,7,2,7,6,certificate
103,15,15,0,3808.0089,15045.0444,121,24,0.301309,7,3,7,6,certificate
104,12,12,0,4350.9182,17949.5909,117,20,0.252656,7,2,7,6,certificate
105,16,16,0,3491.5474,13717.7369,112,27,0.317985,7,2,6,5,certificate
106,16,16,0,4165.2392,17011.1962,115,25,0.224401,7,2,7,6,certificate
107,15,15,0,3964.6392,15943.1962,117,23,0.206010,7,2,7,6,certificate
108,11,11,0,3240.2807,12246.4035,123,18,0.284303,7,2,7,6,certificate
109,12,12,0,3592.8524,13759.2618,131,20,0.252650,7,2,7,6,certificate
110,12,12,0,3159.7516,12023.7578,116,20,0.196166,7,2,7,6,certificate
111,12,12,0,3849.1935,15090.9676,129,23,0.339183,7,2,7,6,certificate
112,16,16,0,3498.5943,14257.9715,95,22,0.492290,7,2,5,4,certificate
113,15,15,0,3763.7315,15023.6577,115,24,0.389731,7,2,7,6,certificate
114,13,13,0,4061.4347,16597.1737,113,22,0.340710,7,2,7,6,certificate
115,11,11,0,3038.9274,11029.6368,130,23,0.361563,7,2,7,6,certificate
116,12,12,0,3848.3162,15121.5808,128,20,0.263154,7,2,7,6,certificate
117,14,14,0,4005.3517,16156.7585,118,27,0.313563,7,2,7,6,certificate
118,16,16,0,4233.2098,17656.0490,104,27,0.243294,7,2,7,5,certificate
119,12,12,0,3132.1527,11840.7634,117,19,0.213316,7,2,7,6,certificate
120,10,10,0,3043.8485,11194.2426,126,17,0.204715,7,2,7,6,certificate
121,12,12,0,3265.2962,12411.4811,121,22,0.278589,7,2,7,6,certificate
122,12,12,0,3189.3166,12001.5829,122,21,0.310180,7,2,7,6,certificate
123,11,11,0,3451.9818,13374.9089,121,22,0.302755,7,2,7,6,certificate
124,10,10,0,2935.8235,10789.1174,122,17,0.301873,7,3,7,6,certificate
125,10,10,0,3469.2988,13151.4941,133,18,0.234178,7,3,7,6,certificate
126,10,10,0,2624.1062,9045.5311,128,18,0.191272,7,2,7,6,certificate
127,15,15,0,3571.5788,13567.8940,131,26,0.260508,7,2,7,6,certificate
128,11,11,0,3697.6271,14393.1357,128,20,0.250376,7,2,7,6,certificate
129,16,16,0,4225.4988,17202.4940,118,27,0.443794,7,2,7,6,certificate
130,16,16,0,4344.1129,18020.5643,111,28,0.489552,7,2,6,5,certificate
131,10,10,0,3524.9062,13644.5309,125,21,0.295683,7,2,7,6,certificate
132,16,16,0,3740.6613,14848.3064,116,25,0.319268,7,2,6,5,certificate
133,11,11,0,3000.0352,11285.1760,115,18,0.297204,7,2,7,6,certificate
134,13,13,0,3193.9361,12039.6805,121,24,0.252979,7,2,7,6,certificate
135,13,13,0,3419.8428,13014.2139,126,24,0.289815,7,2,7,6,certificate
136,10,10,0,3333.4849,12922.4244,117,20,0.332493,7,2,7,6,certificate
137,13,13,0,3113.5256,11777.6280,116,22,0.749368,7,2,7,6,certificate
138,15,15,0,3936.9195,15904.5974,114,27,0.350853,7,2,7,6,certificate
139,12,12,0,3485.9512,13764.7562,112,20,0.522378,7,2,7,6,certificate
140,16,16,0,4283.9725,17414.8626,120,24,0.258755,7,3,6,5,certificate
141,15,15,0,3445.3685,13556.8425,110,27,0.289998,7,2,7,6,certificate
142,13,13,0,3120.2759,11656.3796,122,22,0.267913,7,2,7,6,certificate
143,16,16,0,3703.5377,15077.6884,102,22,0.245783,7,2,5,4,certificate
144,16,16,0,4063.6223,16338.1115,120,24,0.228384,7,2,7,6,certificate
145,14,14,0,3462.5375,13447.6877,118,24,0.320997,7,3,7,6,certificate
146,15,15,0,3759.7590,15013.7949,114,25,0.333953,7,2,7,6,certificate
147,16,16,0,3413.8512,13134.2558,120,24,0.247609,7,2,6,5,certificate
148,15,15,0,3167.8382,11759.1912,124,24,0.299956,7,2,7,6,certificate
149,14,14,0,3451.8515,13114.2575,127,25,0.357812,7,2,7,6,certificate
150,11,11,0,3577.7767,14148.8835,116,18,0.211596,7,3,7,6,certificate
151,12,12,0,3549.2989,14006.4947,115,22,0.268377,7,2,7,6,certificate
152,12,12,0,3283.8726,12679.3632,115,22,0.306593,7,2,7,6,certificate
153,16,16,0,4012.4938,16287.4691,113,23,0.292169,7,2,6,5,certificate
154,15,15,0,3490.8751,13734.3754,111,24,0.257462,7,3,7,6,certificate
155,13,13,0,3156.0593,11720.2965,125,23,0.335631,7,2,7,6,certificate
156,10,10,0,3307.2840,12471.4201,128,18,0.251404,7,3,7,6,certificate
157,12,12,0,2934.3330,10856.6650,118,20,0.270020,7,2,7,6,certificate
158,11,11,0,3528.2669,13761.3347,121,21,0.256958,7,2,7,6,certificate
159,14,14,0,3234.7978,12763.9890,103,23,0.485634,7,2,7,6,certificate
160,14,14,0,3712.7204,14703.6022,118,23,0.374500,7,2,7,6,certificate
161,15,15,0,4048.3387,16521.6934,112,24,0.287694,7,2,7,6,certificate
162,14,14,0,3918.2405,15776.2025,116,23,0.345116,7,2,7,6,certificate
163,13,13,0,3304.3240,12776.6202,114,22,0.289625,7,2,7,6,certificate
164,15,15,0,3791.2473,15351.2364,108,26,0.250269,7,2,7,6,certificate
165,11,11,0,3309.2113,12526.0565,125,19,0.339178,7,2,7,6,certificate
166,15,15,0,3529.5280,13632.6402,122,22,0.253768,7,2,7,6,certificate
167,16,16,0,3443.8280,13709.1399,104,23,0.336024,7,2,7,6,certificate
168,11,11,0,3740.0763,14800.3813,121,19,0.306352,7,2,7,6,certificate
169,15,15,0,3234.1935,12650.9677,105,25,0.269361,7,3,7,6,certificate
170,12,12,0,3074.5712,11632.8562,115,19,0.293291,7,3,7,6,certificate
171,10,10,0,3683.8005,14524.0023,122,21,0.309412,7,2,7,6,certificate
172,16,16,0,3049.6239,11653.1194,107,26,0.256138,7,2,7,6,certificate
173,14,14,0,3536.9358,13834.6792,118,24,0.262039,7,2,7,6,certificate
174,13,13,0,3764.2722,14636.3608,129,21,0.254050,7,3,7,6,certificate
175,16,16,0,3911.6923,15628.4613,118,25,0.281033,7,2,6,5,certificate
176,14,14,0,3020.6133,11283.0664,116,24,0.288060,7,2,7,6,certificate
177,11,11,0,2836.6193,10433.0966,116,18,0.227702,7,2,7,6,certificate
178,10,10,0,3523.2260,13816.1299,119,20,0.263258,7,2,7,6,certificate
179,11,11,0,3817.3239,14861.6195,132,21,0.284206,7,2,7,5,certificate
180,16,16,0,3959.0227,15710.1133,123,24,0.243636,7,2,6,5,certificate
181,13,13,0,3726.5980,14722.9901,120,24,0.376167,7,2,7,6,certificate
182,14,14,0,2897.2541,10666.2704,116,23,0.335225,7,2,7,6,certificate
183,10,10,0,3530.3183,13501.5916,131,19,0.313834,7,3,7,6,certificate
184,16,16,0,4555.2024,19116.0121,111,32,0.493293,7,2,6,5,certificate
185,12,12,0,3760.3019,15116.5096,113,21,0.448816,7,2,7,6,certificate
186,16,16,0,3523.9378,13704.6890,118,27,0.217690,7,2,7,6,certificate
187,14,14,0,3229.9723,12524.8614,110,22,0.309691,7,2,7,6,certificate
188,16,16,0,3108.9322,12164.6610,100,24,0.305833,7,2,6,5,certificate
189,13,13,0,3139.1481,11775.7403,120,21,0.291492,7,2,7,6,certificate
190,14,14,0,3476.4260,13437.1302,120,22,0.268829,7,2,7,6,certificate
191,15,15,0,3788.4721,15277.3605,110,21,0.206874,7,3,7,6,certificate
192,11,11,0,3371.1332,12870.6659,124,18,0.220259,7,3,7,6,certificate
193,13,13,0,2698.8945,9784.4725,113,22,0.325623,7,2,7,6,certificate
194,11,11,0,2986.5418,11257.7091,114,19,0.327056,7,2,7,6,certificate
195,10,10,0,3090.3250,11276.6248,131,19,0.284963,7,2,7,6,certificate
196,12,12,0,3387.1015,13110.5074,118,20,0.346381,7,2,7,6,certificate
197,10,10,0,3697.0596,14635.2980,121,20,0.213039,7,3,7,6,certificate
198,13,13,0,3971.9625,15714.8124,127,20,0.203274,7,3,7,6,certificate
199,14,14,0,3842.3725,15371.8624,117,24,0.445189,7,2,7,6,certificate
200,16,16,0,3516.4996,13857.4980,111,23,0.263759,7,2,6,5,certificate
201,13,13,0,3734.3568,14686.7838,123,20,0.205301,7,3,7,6,certificate
202,11,11,0,2872.4733,10787.3665,111,18,0.297921,7,2,7,6,certificate
203,16,16,0,4246.0808,17330.4041,118,26,0.393493,7,2,7,6,certificate
204,14,14,0,3008.9029,11289.5146,114,23,0.263884,7,2,7,6,certificate
205,16,16,0,3526.6688,13848.3442,113,27,0.305326,7,2,7,6,certificate
206,13,13,0,3415.9831,13084.9153,123,22,0.255560,7,2,7,6,certificate
207,12,12,0,3645.8228,14184.1142,125,22,0.233373,7,2,7,6,certificate
208,12,12,0,2964.9696,10999.8480,118,20,0.269116,7,2,7,6,certificate
209,14,14,0,3745.2942,14936.4712,115,22,0.243637,7,2,7,6,certificate
210,10,10,0,3110.4881,11487.4403,128,18,0.284697,7,2,7,6,certificate
211,10,10,0,3546.0688,13775.3438,124,20,0.266265,7,2,7,6,certificate
212,16,16,0,4162.0436,17020.2179,114,27,0.281779,7,2,6,5,certificate
213,14,14,0,3381.9804,13024.9018,118,23,0.245200,7,2,7,6,certificate
214,16,16,0,3710.9396,14184.6982,132,24,0.253796,7,2,7,6,certificate
215,12,12,0,3299.5502,12817.7508,113,21,0.244597,7,2,7,6,certificate
216,16,16,0,3071.6183,11933.0914,102,23,0.348613,7,2,6,5,certificate
217,14,14,0,3580.8488,13779.2441,126,22,0.359074,7,2,7,6,certificate
218,15,15,0,3852.6228,15263.1138,122,25,0.462072,7,2,7,6,certificate
219,10,10,0,3417.0025,13360.0127,116,20,0.264540,7,2,7,6,certificate
220,14,14,0,3703.0950,14585.4748,119,23,0.216212,7,2,7,6,certificate
221,16,16,0,3537.1906,13630.9529,122,25,0.283299,7,2,6,5,certificate
222,14,14,0,3478.3817,13701.9087,112,25,0.298101,7,2,7,6,certificate
223,10,10,0,3703.3816,14366.9081,130,19,0.256675,7,2,7,6,certificate
224,13,13,0,3477.8961,13459.4805,121,22,0.211471,7,2,7,6,certificate
225,11,11,0,3494.7588,13828.7941,113,20,0.257011,7,2,7,6,certificate
226,13,13,0,2708.3859,9866.9296,112,23,0.246253,7,2,7,6,certificate
227,11,11,0,3180.7128,12038.5641,120,19,0.246403,7,2,7,6,certificate
228,11,11,0,3397.1210,13120.6052,120,19,0.214937,7,2,7,6,certificate
229,13,13,0,3122.5235,12002.6177,110,20,0.430654,7,2,7,6,certificate
230,16,16,0,3169.7514,12118.7569,112,23,0.268963,7,2,7,6,certificate
231,16,16,0,3071.1102,11620.5508,112,24,0.276777,7,2,5,4,certificate
232,16,16,0,3728.5474,14952.7371,112,27,0.331876,7,2,6,5,certificate
233,16,16,0,3319.8391,12829.1956,113,26,0.311711,7,2,7,6,certificate
234,14,14,0,3468.1505,13255.7523,125,23,0.266420,7,2,7,6,certificate
235,11,11,0,3844.6535,15478.2673,116,19,0.197981,7,2,7,6,certificate
236,11,11,0,3050.2422,11456.2109,118,19,0.291348,7,2,7,6,certificate
237,12,12,0,3164.8054,11734.0272,127,20,0.232688,7,3,7,6,certificate
238,13,13,0,3619.1224,14390.6122,113,23,0.249601,7,2,7,6,certificate
239,12,12,0,3515.6657,13588.3283,124,22,0.364838,7,2,7,6,certificate
240,15,15,0,3415.7753,12948.8765,126,24,0.338599,7,2,7,6,certificate
241,12,12,0,3249.4149,12937.0747,101,20,0.276122,7,2,7,6,certificate
242,14,14,0,3355.9276,12814.6379,121,25,0.386723,7,2,7,6,certificate
243,13,13,0,3570.9717,14114.8583,114,22,0.302669,7,2,7,6,certificate
244,14,14,0,3709.1038,14820.5190,113,23,0.246804,7,2,7,6,certificate
245,16,16,0,3748.6017,15143.0084,107,25,0.225169,7,2,6,5,certificate
246,16,16,0,3030.9809,11639.9043,104,23,0.242439,7,2,6,5,certificate
247,16,16,0,3392.3919,13086.9595,116,24,0.373134,7,2,6,5,certificate
248,12,12,0,3454.5064,13447.5321,118,20,0.238103,7,2,7,6,certificate
249,13,13,0,3230.5308,11792.6540,135,22,0.321658,7,2,7,6,certificate
250,13,13,0,3653.6333,14023.1664,131,22,0.296357,7,2,7,6,certificate
251,16,16,0,4001.6496,16163.2482,116,26,0.432993,7,2,7,6,certificate
252,10,10,0,3573.1662,13705.8309,131,20,0.307796,7,2,7,6,certificate
253,10,10,0,2967.2430,10811.2149,126,18,0.247064,7,2,7,6,certificate
254,15,15,0,3552.0102,13870.0511,118,25,0.296685,7,2,7,6,certificate
255,12,12,0,3062.8829,11514.4146,117,22,0.341524,7,2,7,6,certificate
256,16,16,0,3586.9668,13774.8340,125,28,0.271062,7,2,6,5,certificate
257,16,16,0,3503.5741,13497.8706,121,25,0.404073,7,2,7,6,certificate
258,13,13,0,3296.3392,12416.6958,125,21,0.312344,7,2,7,6,certificate
259,14,14,0,3612.8231,14164.1154,119,26,0.506988,7,2,7,6,certificate
260,13,13,0,3412.7191,12888.5954,129,23,0.303596,7,2,7,6,certificate
261,14,14,0,3301.2572,12536.2858,121,26,0.377000,7,2,7,6,certificate
262,13,13,0,3205.0718,12085.3591,121,20,0.347297,7,2,7,6,certificate
263,11,11,0,3256.2603,12236.3015,126,21,0.380258,7,2,7,6,certificate
264,10,10,0,2765.8098,9999.0490,120,18,0.344129,7,2,7,6,certificate
265,10,10,0,2844.4383,10332.1917,122,20,0.335523,7,2,7,6,certificate
266,12,12,0,3386.1012,12925.5059,124,20,0.364264,7,2,7,6,certificate
267,15,15,0,4638.8819,18819.4097,134,25,0.333533,7,2,7,6,certificate
268,10,10,0,3122.6654,11668.3270,123,20,0.318590,7,2,7,6,certificate
269,13,13,0,3520.8846,13654.4229,121,22,0.325106,7,2,7,6,certificate
270,16,16,0,4039.2492,16571.2459,108,25,0.344050,7,2,6,5,certificate
271,14,14,0,3660.3700,14541.8502,114,23,0.273504,7,2,7,6,certificate
272,16,16,0,3911.9876,15414.9378,125,23,0.280202,7,2,6,5,certificate
273,10,10,0,3660.2247,14256.1234,127,21,0.416468,7,2,7,6,certificate
274,15,15,0,3703.7966,14448.9830,124,26,0.350711,7,2,7,6,certificate
275,14,14,0,3022.1701,11415.8507,112,22,0.337222,7,2,7,6,certificate
276,12,12,0,3359.6686,12978.3428,118,21,0.296091,7,2,7,6,certificate
277,10,10,0,2942.3272,10866.6362,120,20,0.333773,7,2,7,6,certificate
278,12,12,0,3302.9882,12464.9409,126,19,0.276754,7,2,7,6,certificate
279,16,16,0,3801.7056,14973.5282,122,29,0.369023,7,2,7,6,certificate
280,12,12,0,3352.9631,12474.8153,134,20,0.251444,7,2,7,6,certificate
281,15,15,0,3783.1184,15160.5919,113,24,0.249995,7,3,7,6,certificate
282,14,14,0,3829.3124,15276.5621,118,25,0.275814,7,2,7,6,certificate
283,12,12,0,3035.4841,11397.4205,117,20,0.274880,7,2,7,6,certificate
284,15,15,0,3140.9072,11959.5359,113,23,0.241489,7,2,7,6,certificate
285,10,10,0,3612.6359,14278.1793,118,19,0.267752,7,2,7,6,certificate
286,15,15,0,3570.5684,14102.8419,113,23,0.429972,7,2,7,6,certificate
287,14,14,0,3420.4270,13097.1350,122,21,0.302913,7,2,7,6,certificate
288,16,16,0,2916.2463,10601.2314,120,24,0.639032,7,2,6,5,certificate
289,13,13,0,3226.4440,12497.2198,110,22,0.287445,7,2,7,6,certificate
290,12,12,0,3410.9371,13169.6853,120,21,0.255842,7,2,7,6,certificate
291,15,15,0,3213.0801,12180.4007,117,23,0.306718,7,2,7,6,certificate
292,11,11,0,2837.2270,10521.1352,114,19,0.365749,7,2,7,6,certificate
293,15,15,0,3477.7732,13453.8658,119,25,0.367637,7,2,7,6,certificate
294,16,16,0,3915.0309,16190.1545,100,26,0.353507,7,2,6,5,certificate
295,15,15,0,3719.6111,14693.0554,118,25,0.339325,7,2,7,6,certificate
296,13,13,0,3182.8918,12389.4588,107,23,0.639824,7,2,7,6,certificate
297,16,16,0,3518.7471,14063.7357,105,25,0.361020,7,2,6,5,certificate
298,11,11,0,2904.2063,10416.0316,128,20,0.292076,7,2,7,6,certificate
299,16,16,0,3544.1462,13790.7312,118,26,0.311507,7,2,7,6,certificate
300,10,10,0,3828.9128,15164.5642,125,20,0.348086,7,2,7,6,certificate
301,16,16,0,3677.5917,14817.9585,106,25,0.302418,7,2,7,6,certificate
302,16,16,0,3745.0427,14350.2136,133,27,0.335833,7,2,7,6,certificate
303,10,10,0,3090.2493,11756.2463,115,18,0.292887,7,2,7,6,certificate
304,10,10,0,3427.4124,12932.0621,132,19,0.298608,7,2,7,6,certificate
305,13,13,0,3219.3159,12431.5793,112,23,0.309952,7,2,7,6,certificate
306,12,12,0,2582.7487,9358.7437,109,19,0.258600,7,3,7,6,certificate
307,10,10,0,3460.5737,13157.8687,130,18,0.266504,7,2,7,6,certificate
308,11,11,0,3276.3651,12581.8257,118,18,0.347771,7,2,7,6,certificate
309,12,12,0,2962.0617,10895.3084,121,21,0.269491,7,2,7,6,certificate
310,13,13,0,3541.4804,13302.4019,136,22,0.272547,7,2,7,6,certificate
311,11,11,0,3647.5627,14152.8133,128,22,0.339663,7,2,7,6,certificate
312,10,10,0,3743.2166,14576.0829,130,21,0.326898,7,2,7,6,certificate
313,13,13,0,3412.8003,13409.0016,111,24,0.362328,7,2,7,6,certificate
314,15,15,0,3777.0993,14705.4966,127,26,0.338405,7,2,7,6,certificate
315,16,16,0,3783.9900,15319.9500,107,26,0.253175,7,2,7,6,certificate
316,15,15,0,3557.5962,13712.9812,124,29,0.345998,7,2,7,6,certificate
317,14,14,0,2755.9124,10064.5618,112,22,0.401005,7,2,7,6,certificate
318,13,13,0,3557.1895,14000.9476,116,25,0.324558,7,2,7,6,certificate
319,16,16,0,3496.4828,14117.4138,99,24,0.212012,7,2,4,3,certificate
320,16,16,0,3467.7031,13768.5156,106,26,0.279352,7,2,6,5,certificate
321,15,15,0,4265.5657,17357.8287,120,23,0.280684,7,2,7,6,certificate
322,12,12,0,3013.3172,11261.5859,117,20,0.312589,7,2,7,6,certificate
323,12,12,0,3558.6708,13593.3539,131,25,0.278600,7,3,7,6,certificate
324,10,10,0,3412.6518,13298.2590,117,18,0.258353,7,2,7,6,certificate
325,16,16,0,4093.2091,16356.0453,125,28,0.331086,7,2,7,6,certificate
326,11,11,0,3236.6347,12353.1734,119,20,0.284605,7,3,7,6,certificate
327,15,15,0,3641.9524,13989.7619,129,25,0.614755,7,2,7,6,certificate
328,12,12,0,3515.7630,13843.8152,115,21,0.363089,7,2,7,6,certificate
329,16,16,0,3809.9631,15274.8157,113,25,0.331932,7,2,6,5,certificate
330,15,15,0,3865.3765,15201.8825,125,24,0.340204,7,2,7,6,certificate
331,15,15,0,3011.4728,11267.3642,114,25,0.346731,7,2,7,6,certificate
332,16,16,0,2616.2227,9936.1135,92,24,0.903533,7,2,5,4,certificate
333,14,14,0,3531.2310,13786.1550,118,23,0.323703,7,2,7,6,certificate
334,12,12,0,3549.7117,13928.5584,118,23,0.339182,7,2,7,6,certificate
335,14,14,0,4111.7163,16503.5817,124,24,0.391944,7,2,7,6,certificate
336,15,15,0,4169.3598,16596.7990,130,23,0.293080,7,2,7,6,certificate
337,16,16,0,3503.1809,14130.9046,100,25,0.340388,7,2,5,4,certificate
338,11,11,0,3259.0887,12585.4434,115,20,0.387364,7,2,7,6,certificate
339,10,10,0,3737.6253,14823.1264,121,19,0.341387,7,2,7,6,certificate
340,15,15,0,3390.1710,13030.8552,120,23,0.290347,7,2,7,6,certificate
341,15,15,0,3398.6944,13058.4719,119,23,0.334649,7,2,7,6,certificate
342,11,11,0,3416.5092,13427.5458,113,21,0.368819,7,2,7,6,certificate
343,15,15,0,3652.6646,14573.3232,111,23,0.269291,7,3,7,6,certificate
344,11,11,0,3030.4960,11407.4801,116,19,0.288249,7,2,7,6,certificate
345,16,16,0,4028.6542,16348.2711,114,24,0.356149,7,2,6,5,certificate
346,16,16,0,3910.5294,15852.6468,111,25,0.269279,7,2,5,4,certificate
347,12,12,0,3062.7183,11448.5916,119,21,0.350655,7,2,7,6,certificate
348,11,11,0,3392.1931,13230.9655,116,17,0.269713,7,2,7,6,certificate
349,12,12,0,3514.4592,13887.2959,113,22,0.318230,7,2,7,6,certificate
350,11,11,0,3308.1428,12705.7142,119,19,0.351989,7,2,7,6,certificate
351,13,13,0,3511.2473,13496.2363,125,23,0.308353,7,2,7,6,certificate
352,16,16,0,3206.2656,12396.3279,109,27,0.688878,7,2,6,5,certificate
353,15,15,0,3596.1675,13900.8376,124,27,0.407029,7,2,7,6,certificate
354,14,14,0,3802.9141,14929.5706,125,26,0.345262,7,3,7,6,certificate
355,15,15,0,3834.4647,15507.3237,110,22,0.279992,7,3,7,6,certificate
356,15,15,0,3749.8065,14884.0325,117,25,0.317879,7,2,7,6,certificate
357,16,16,0,3559.0085,14435.0425,99,25,0.559302,7,2,6,5,certificate
358,16,16,0,3773.6921,14368.4603,138,28,0.416545,7,2,7,6,certificate
359,12,12,0,3276.9151,12224.5755,129,21,0.342952,7,2,7,6,certificate
360,13,13,0,2822.4255,10482.1274,111,23,0.375261,7,2,7,6,certificate
361,12,12,0,3142.2721,11671.3607,125,21,0.316857,7,2,7,6,certificate
362,14,14,0,3477.0084,13785.0422,109,20,0.374044,7,2,7,6,certificate
363,10,10,0,2899.7022,10448.5109,127,19,0.367069,7,2,7,6,certificate
364,10,10,0,3138.6429,11663.2146,127,18,0.299979,7,2,7,6,certificate
365,14,14,0,3211.0467,12560.2336,105,20,0.230936,7,2,7,6,certificate
366,16,16,0,3611.7949,14423.9745,108,25,0.318802,7,2,5,4,certificate
367,11,11,0,3363.6422,12793.2112,126,21,0.290539,7,2,7,6,certificate
368,16,16,0,3326.0026,13370.0132,96,22,0.381015,7,2,5,4,certificate
369,10,10,0,3321.9549,12904.7746,115,22,0.392639,7,2,7,6,certificate
370,16,16,0,3702.2519,14731.2593,113,25,0.239052,7,2,6,5,certificate
371,16,16,0,3206.2796,12126.3981,118,24,0.364112,7,2,6,5,certificate
372,13,13,0,3816.6070,14958.0351,127,22,0.320341,7,2,7,6,certificate
373,16,16,0,4173.9644,16619.8222,129,26,0.333094,7,2,7,6,certificate
374,16,16,0,3544.5231,14007.6154,111,24,0.425005,7,2,7,6,certificate
375,14,14,0,3169.0924,11800.4621,124,27,0.351607,7,2,7,6,certificate
376,15,15,0,3798.2207,15091.1034,118,24,0.347760,7,2,7,6,certificate
377,14,14,0,3535.3922,13556.9611,126,23,0.306533,7,2,7,6,certificate
378,14,14,0,3009.0822,11440.4112,109,23,0.299067,7,3,7,6,certificate
379,13,13,0,3668.2204,14511.1018,117,21,0.284949,7,2,7,6,certificate
380,10,10,0,3154.0517,12080.2585,115,19,0.361932,7,2,7,6,certificate
381,16,16,0,3480.9025,13979.5126,102,25,0.521252,7,2,6,5,certificate
382,10,10,0,3124.3397,11741.6985,121,17,0.276574,7,3,7,6,certificate
383,12,12,0,3800.7012,15008.5060,124,25,0.378505,7,2,7,6,certificate
384,15,15,0,3452.3620,12911.8100,133,26,0.345863,7,2,7,6,certificate
385,12,12,0,3356.0253,12950.1266,118,20,0.273685,7,3,7,6,certificate
386,12,12,0,3500.0116,13445.0579,126,23,0.303523,7,2,7,6,certificate
387,10,10,0,3154.1787,12050.8937,116,18,0.268859,7,3,7,6,certificate
388,14,14,0,3420.8053,13709.0265,102,25,0.287011,7,2,7,6,certificate
389,15,15,0,3722.6429,14738.2147,117,24,0.348258,7,2,7,6,certificate
390,11,11,0,3209.7905,12448.9523,111,19,0.287023,7,2,7,6,certificate
391,14,14,0,4514.0339,18635.1693,120,23,0.363280,7,2,7,6,certificate
392,12,12,0,3404.4694,13247.3469,116,19,0.337554,7,2,7,6,certificate
393,16,16,0,3646.9372,14724.6858,104,22,0.292868,7,2,6,5,certificate
394,14,14,0,3690.2829,14521.4143,120,22,0.323131,7,2,7,6,certificate
395,14,14,0,3894.8323,15429.1616,123,24,0.330940,7,2,7,6,certificate
396,11,11,0,3364.2197,13111.0983,115,20,0.339964,7,2,7,6,certificate
397,16,16,0,3193.0911,12535.4554,101,21,0.250105,7,2,5,4,certificate
398,14,14,0,3917.0132,15465.0659,127,27,0.424786,7,2,7,6,certificate
399,11,11,0,2908.4792,10822.3962,115,17,0.337228,7,2,7,5,certificate
400,16,16,0,3918.4093,15687.0465,117,25,0.318349,7,2,7,6,certificate
401,14,14,0,3159.4956,12122.4782,111,25,0.404101,7,2,7,6,certificate
402,10,10,0,3767.6906,14638.4531,132,19,0.275083,7,2,7,6,certificate
403,11,11,0,3748.4238,14202.1192,143,23,0.341981,7,2,7,6,certificate
404,10,10,0,3113.0261,11635.1306,123,20,0.316966,7,2,7,6,certificate
405,14,14,0,3261.4733,12427.3664,118,21,0.327274,7,2,7,6,certificate
406,16,16,0,3894.2366,15671.1830,114,26,0.317460,7,2,6,5,certificate
407,10,10,0,3352.6515,12958.2574,119,17,0.264243,7,2,7,6,certificate
408,13,13,0,3621.2593,14126.2964,122,23,0.323335,7,2,7,6,certificate
409,14,14,0,3062.8763,11434.3813,118,24,0.291201,7,2,7,6,certificate
410,11,11,0,3215.9852,11884.9262,131,19,0.352029,7,2,7,6,certificate
411,15,15,0,4047.1231,16080.6154,127,24,0.308133,7,2,7,6,certificate
412,15,15,0,3216.3523,12506.7613,107,22,0.340190,7,2,7,6,certificate
413,13,13,0,3292.6568,12778.2838,112,22,0.323139,7,2,7,6,certificate
414,11,11,0,2891.3252,11016.6258,106,18,0.315618,7,2,7,6,certificate
415,16,16,0,3836.9000,15934.4998,95,22,0.397107,7,2,5,4,certificate
416,14,14,0,3413.2615,13551.3075,106,21,0.288061,7,2,7,6,certificate
417,14,14,0,3583.1691,13890.8457,123,22,0.318635,7,3,7,6,certificate
418,10,10,0,3420.5133,13207.5665,122,19,0.312236,7,2,7,6,certificate
419,15,15,0,3561.6706,13693.3531,125,24,0.411473,7,2,7,6,certificate
420,10,10,0,2628.1488,9130.7441,126,18,0.288139,7,3,7,6,certificate
421,11,11,0,3378.4572,13167.2860,116,19,0.312655,7,2,7,6,certificate
422,13,13,0,3482.4971,13112.4853,133,24,0.303889,7,2,7,6,certificate
423,14,14,0,3489.4146,13412.0731,123,26,0.333960,7,2,7,6,certificate
424,15,15,0,3003.6975,11293.4877,112,22,0.422742,7,2,7,6,certificate
425,13,13,0,3322.9922,12494.9609,127,23,0.362287,7,2,7,6,certificate
426,10,10,0,3160.8929,11599.4645,132,16,0.249406,7,2,7,6,certificate
427,13,13,0,3122.0354,11805.1771,117,23,0.300032,7,2,7,6,certificate
428,15,15,0,3016.5842,11292.9208,114,24,0.264137,7,2,7,6,certificate
429,11,11,0,3287.7529,12513.7645,122,20,0.327312,7,3,7,6,certificate
430,16,16,0,3643.5983,14502.9916,111,22,0.364028,7,2,6,5,certificate
431,16,16,0,3582.2319,13771.1596,127,24,0.303434,7,2,6,5,certificate
432,10,10,0,3050.9505,11289.7524,124,22,0.400805,7,2,7,6,certificate
433,14,14,0,3953.7516,15733.7582,123,22,0.282039,7,2,7,6,certificate
434,15,15,0,3459.8530,13699.2650,108,24,0.349803,7,2,7,6,certificate
435,14,14,0,3185.7073,12053.5363,118,22,0.313821,7,2,7,6,certificate
436,11,11,0,3243.7254,12483.6271,116,19,0.341320,7,2,7,6,certificate
437,14,14,0,2898.9404,10439.7022,123,21,0.291378,7,2,7,6,certificate
438,14,14,0,3398.9443,12694.7217,132,27,0.400013,7,3,7,6,certificate
439,16,16,0,3933.9720,16054.8600,108,25,0.340730,7,2,7,6,certificate
440,15,15,0,3853.5490,15427.7449,116,22,0.322434,7,3,7,6,certificate
441,13,13,0,3414.8768,13344.3840,114,21,0.285097,7,2,7,6,certificate
442,13,13,0,3256.1148,12815.5739,105,22,0.279089,7,2,7,6,certificate
443,16,16,0,3834.0607,15360.3035,114,24,0.352690,7,3,7,6,certificate
444,16,16,0,3604.5107,14557.5534,103,24,0.275321,7,2,6,5,certificate
445,12,12,0,3059.1800,11675.8999,111,21,0.294061,7,2,7,6,certificate
446,11,11,0,3223.8354,12339.1768,117,20,0.328393,7,2,7,6,certificate
447,10,10,0,3216.6808,11958.4041,131,21,0.334630,7,2,7,6,certificate
448,11,11,0,2878.2850,10701.4252,114,17,0.285069,7,3,7,6,certificate
449,10,10,0,3231.0142,12390.0709,117,16,0.226624,7,2,7,6,certificate
450,10,10,0,3173.0518,11780.2588,128,21,0.345450,7,2,7,6,certificate
451,12,12,0,3277.6268,12643.1342,115,20,0.315086,7,2,7,6,certificate
452,10,10,0,3504.1613,13705.8066,119,19,0.324532,7,2,7,6,certificate
453,10,10,0,3574.0161,13990.0804,121,18,0.273864,7,2,7,6,certificate
454,10,10,0,3855.2355,15316.1775,124,19,0.326777,7,2,7,6,certificate
455,15,15,0,3237.6899,12313.4495,117,23,0.267071,7,2,7,6,certificate
456,11,11,0,2920.4054,10702.0271,121,20,0.264685,7,2,7,6,certificate
457,13,13,0,3283.2789,12566.3944,118,21,0.288267,7,3,7,6,certificate
458,11,11,0,3647.2517,14376.2586,120,21,0.278430,7,2,7,6,certificate
459,16,16,0,3380.6559,13268.2793,109,22,0.240454,7,2,6,5,certificate
460,15,15,0,3831.4198,15172.0988,121,23,0.300106,7,2,7,6,certificate
461,14,14,0,3651.0135,14320.0674,120,22,0.326522,7,2,7,6,certificate
462,11,11,0,3228.0801,12075.4005,127,19,0.270191,7,2,7,6,certificate
463,13,13,0,3649.7180,13998.5902,131,21,0.254937,7,2,7,6,certificate
464,13,13,0,3485.7875,13318.9376,126,20,0.300939,7,2,7,6,certificate
465,16,16,0,3005.4326,11427.1629,107,23,0.313859,7,2,7,6,certificate
466,15,15,0,3109.8573,11979.2864,107,23,0.297231,7,2,7,6,certificate
467,15,15,0,2974.1180,11385.5902,104,22,0.399106,7,2,7,6,certificate
468,16,16,0,3789.0587,15900.2937,89,24,0.507135,7,2,5,4,certificate
469,14,14,0,3500.2810,13456.4048,123,25,0.321273,7,2,7,6,certificate
470,12,12,0,3435.6014,13258.0070,121,22,0.305136,7,2,7,6,certificate
471,16,16,0,3600.4723,14382.3613,108,28,0.444268,7,2,5,4,certificate
472,12,12,0,3898.2748,15496.3742,123,23,0.357465,7,2,7,6,certificate
473,10,10,0,2853.4641,10517.3203,117,16,0.293440,7,2,7,6,certificate
474,11,11,0,3143.1584,11900.7920,118,18,0.234361,7,3,7,6,certificate
475,14,14,0,3917.1131,15480.5654,125,24,0.351017,7,2,7,6,certificate
476,11,11,0,3195.4720,12077.3601,121,19,0.331661,7,2,7,6,certificate
477,11,11,0,3430.8630,13379.3149,117,20,0.279115,7,2,7,6,certificate
478,16,16,0,3413.5244,13407.6219,109,27,0.362760,7,2,7,6,certificate
479,11,11,0,3133.2479,11561.2396,128,20,0.333953,7,2,7,6,certificate
480,12,12,0,3209.6925,11948.4627,127,20,0.349254,7,3,7,6,certificate
481,15,15,0,3470.7218,13473.6091,117,25,0.514092,7,2,7,6,certificate
482,12,12,0,3474.6428,13698.2138,113,21,0.338611,7,2,7,6,certificate
483,15,15,0,4333.9884,17274.9422,134,25,0.343296,7,2,7,6,certificate
484,14,14,0,3381.5954,12942.9772,121,22,0.328174,7,2,7,6,certificate
485,12,12,0,3726.0176,14475.0879,129,21,0.351108,7,2,7,6,certificate
486,14,14,0,3442.5720,13487.8598,113,26,0.353588,7,2,7,6,certificate
487,10,10,0,3365.2465,12616.2325,132,18,0.316013,7,2,7,6,certificate
488,14,14,0,3314.5686,12642.8432,120,23,0.251301,7,2,7,6,certificate
489,15,15,0,4578.7724,18608.8618,130,25,0.317318,7,2,7,6,certificate
490,14,14,0,2839.1059,10305.5295,118,23,0.293613,7,2,7,6,certificate
491,16,16,0,3659.8687,14669.3437,108,25,0.371501,7,2,7,6,certificate
492,16,16,0,3961.7474,15848.7369,119,27,0.362010,7,3,7,6,certificate
493,11,11,0,3174.9046,12164.5232,115,20,0.362217,7,2,7,5,certificate
494,14,14,0,3227.5393,12212.6967,120,24,0.362022,7,2,7,6,certificate
495,10,10,0,2727.3935,9801.9675,120,17,0.317947,7,2,7,6,certificate
496,12,12,0,3051.7267,11408.6335,119,22,0.310508,7,2,7,6,certificate
497,11,11,0,2961.1007,10515.5035,134,18,0.301872,7,2,7,6,certificate
498,11,11,0,3445.9200,13329.5998,121,19,0.393156,7,2,7,6,certificate
499,16,16,0,3557.1501,14005.7503,113,28,0.330001,7,3,6,5,certificate
500,10,10,0,3111.3987,11926.9936,113,20,0.276794,7,2,7,6,certificate
501,12,12,0,3519.4618,13867.3089,115,22,0.293820,7,2,7,6,certificate
502,12,12,0,2963.8198,11039.0989,117,21,0.400682,7,2,7,6,certificate
503,14,14,0,3319.5807,12757.9034,117,25,0.318191,7,2,7,6,certificate
504,10,10,0,3134.2431,11961.2157,116,17,0.282906,7,2,7,6,certificate
505,11,11,0,3168.5864,11712.9320,129,19,0.286161,7,3,7,6,certificate
506,14,14,0,3979.8116,16179.0580,114,23,0.301086,7,2,7,6,certificate
507,11,11,0,3232.6890,12293.4450,120,18,0.301740,7,3,7,6,certificate
508,11,11,0,3488.4272,13662.1361,117,20,0.328388,7,2,7,6,certificate
509,15,15,0,3588.9820,13884.9102,123,25,0.432188,7,2,7,6,certificate
510,13,13,0,3555.7515,13663.7575,127,22,0.360787,7,2,7,6,certificate
511,10,10,0,3072.6854,11543.4272,120,22,0.429509,7,2,7,6,certificate
512,13,13,0,3086.4010,11917.0050,107,19,0.328717,7,2,7,6,certificate
513,12,12,0,3409.5280,13187.6399,119,19,0.282281,7,2,7,6,certificate
514,16,16,0,3465.9591,13139.7956,127,25,0.391819,7,2,6,5,certificate
515,11,11,0,4284.7364,17348.6819,127,19,0.320762,7,2,7,6,certificate
516,10,10,0,2519.1652,8905.8260,115,17,0.262011,7,2,7,6,certificate
517,14,14,0,3340.6207,12888.1034,116,23,0.360545,7,2,7,6,certificate
518,12,12,0,3028.2272,11276.1361,119,22,0.347521,7,4,7,6,certificate
519,12,12,0,3370.8798,12394.3990,139,23,0.319114,7,4,7,6,certificate
520,10,10,0,2920.7493,10673.7464,123,18,0.283789,7,2,7,6,certificate
521,10,10,0,2836.0331,10435.1657,117,19,0.333355,7,3,7,6,certificate
522,12,12,0,3012.6046,11258.0229,117,21,0.347028,7,2,7,6,certificate
523,15,15,0,3807.3921,15101.9605,119,27,0.548919,7,2,7,6,certificate
524,14,14,0,3613.2378,14131.1892,120,20,0.287633,7,2,7,6,certificate
525,10,10,0,3506.0045,13610.0227,123,17,0.298132,7,2,7,6,certificate
526,15,15,0,3977.7028,15933.5142,120,26,0.342111,7,2,7,6,certificate
527,12,12,0,3316.2971,12016.4855,142,22,0.338966,7,2,7,6,certificate
528,16,16,0,3936.3632,15546.8160,125,26,0.375999,7,2,7,6,certificate
529,11,11,0,3205.8480,12134.2398,121,18,0.307695,7,2,7,6,certificate
530,10,10,0,3092.9079,11684.5397,118,19,0.306416,7,2,7,6,certificate
531,12,12,0,3778.6077,14848.0385,125,20,0.321975,7,3,7,6,certificate
532,16,16,0,3313.9261,12484.6306,123,25,0.322440,7,2,7,6,certificate
533,12,12,0,3633.1853,13880.9267,133,20,0.315597,7,3,7,6,certificate
534,10,10,0,2948.6773,10863.3865,122,19,0.310155,7,2,7,6,certificate
535,14,14,0,3680.2082,14421.0412,122,29,0.384599,7,2,7,6,certificate
536,12,12,0,3332.8298,12559.1488,127,19,0.259251,7,2,7,6,certificate
537,12,12,0,4744.0390,19720.1949,124,23,0.370240,7,3,7,6,certificate
538,13,13,0,3319.9775,12349.8876,131,23,0.341651,7,2,7,6,certificate
539,13,13,0,3405.2020,13316.0098,114,23,0.307796,7,2,7,6,certificate
540,16,16,0,3834.0466,15545.2331,108,25,0.290324,7,2,6,5,certificate
541,14,14,0,3598.6419,14318.2093,111,22,0.305441,7,2,7,6,certificate
542,16,16,0,3711.1216,14365.6078,127,27,0.378775,7,2,6,5,certificate
543,16,16,0,3079.9303,11684.6517,111,23,0.250302,7,2,6,5,certificate
544,12,12,0,3334.4235,12797.1175,120,21,0.333040,7,2,7,6,certificate
545,12,12,0,3432.9322,13309.6612,119,24,0.322014,7,2,7,6,certificate
546,13,13,0,3617.4780,14062.3899,124,24,0.309709,7,2,7,6,certificate
547,14,14,0,3080.2169,11216.0847,128,23,0.319765,7,2,7,6,certificate
548,10,10,0,3522.7365,13213.6823,139,20,0.346738,7,4,7,6,certificate
549,12,12,0,3525.4474,13832.2368,117,22,0.434577,7,2,7,6,certificate
550,14,14,0,3515.6096,13703.0480,118,22,0.311800,7,2,7,6,certificate
551,16,16,0,3617.4445,14027.2225,123,25,0.469133,7,2,7,6,certificate
552,11,11,0,2911.3384,10631.6921,122,21,0.342369,7,2,7,6,certificate
553,12,12,0,3911.9011,15254.5054,134,24,0.294634,7,2,7,6,certificate
554,13,13,0,3620.8868,14239.4340,118,23,0.346142,7,2,7,6,certificate
555,13,13,0,3835.1123,15365.5616,117,22,0.282569,7,2,7,6,certificate
556,12,12,0,3385.6127,12923.0637,124,19,0.278889,7,2,7,6,certificate
557,16,16,0,4397.1898,18015.9492,120,27,0.368027,7,2,7,6,certificate
558,11,11,0,2970.1337,11285.6683,110,18,0.261185,7,2,7,6,certificate
559,10,10,0,2583.9694,9254.8470,114,16,0.276646,7,2,7,6,certificate
560,12,12,0,2624.0118,9585.0591,108,21,0.291620,7,2,7,6,certificate
561,16,16,0,3662.3750,14561.8750,112,29,0.411371,7,2,7,6,certificate
562,15,15,0,3454.2326,13206.1632,123,23,0.278973,7,2,7,6,certificate
563,11,11,0,3505.7485,13633.7425,121,19,0.315462,7,2,7,6,certificate
564,10,10,0,3080.9992,11599.9958,119,18,0.277392,7,3,7,6,certificate
565,12,12,0,2999.7947,11183.9733,118,23,0.354145,7,2,7,6,certificate
566,11,11,0,3214.6013,11788.0065,134,21,0.336061,7,2,7,6,certificate
567,14,14,0,4032.9441,16139.7207,123,26,0.322343,7,2,7,6,certificate
568,14,14,0,3663.3150,14536.5749,115,23,0.289982,7,2,7,6,certificate
569,14,14,0,3634.9405,14239.7025,120,25,0.363739,7,2,7,6,certificate
570,12,12,0,3539.1115,13835.5577,119,22,0.408118,7,2,7,6,certificate
571,16,16,0,3576.9013,14434.5066,102,24,0.262251,7,2,5,4,certificate
572,13,13,0,2944.2482,10721.2411,123,21,0.277985,7,2,7,6,certificate
573,11,11,0,3327.2628,12831.3142,118,21,0.340210,7,2,7,6,certificate
574,10,10,0,3393.2701,13311.3505,114,18,0.321640,7,2,7,6,certificate
575,13,13,0,3286.4427,12952.2137,106,27,0.393733,7,2,7,6,certificate
576,10,10,0,2992.9719,11064.8596,122,19,0.296697,7,3,7,6,certificate
577,16,16,0,3405.7437,13028.7187,121,25,0.370249,7,2,6,5,certificate
578,14,14,0,2969.9328,11219.6641,110,24,0.274428,7,2,7,6,certificate
579,16,16,0,4233.9160,16659.5801,138,28,0.397495,7,2,7,6,certificate
580,16,16,0,3744.0856,15055.4278,110,23,0.275720,7,2,5,4,certificate
581,13,13,0,3109.0293,11390.1464,128,20,0.436951,7,2,7,6,certificate
582,13,13,0,3494.8150,13739.0751,114,24,0.347987,7,2,7,6,certificate
583,13,13,0,3123.9156,11689.5779,120,21,0.305549,7,2,7,6,certificate
584,14,14,0,3769.1029,15180.5146,111,23,0.315901,7,2,7,6,certificate
585,10,10,0,3007.2100,11286.0501,117,19,0.300038,7,2,7,6,certificate
586,16,16,0,3600.5612,14072.8061,118,25,0.331887,7,2,7,6,certificate
587,15,15,0,3837.1555,15225.7776,120,25,0.368344,7,2,7,6,certificate
588,16,16,0,3188.6816,12158.4079,113,24,0.323397,7,2,6,5,certificate
589,12,12,0,3338.1730,13035.8650,112,20,0.339094,7,2,7,6,certificate
590,12,12,0,3418.1281,13410.6403,113,22,0.347641,7,2,7,6,certificate
591,13,13,0,3557.1574,13400.7871,136,24,0.342265,7,2,7,6,certificate
592,13,13,0,3370.7686,13178.8430,112,23,0.385674,7,2,7,6,certificate
593,12,12,0,3662.2117,14281.0586,125,20,0.311094,7,3,7,6,certificate
594,11,11,0,3653.5161,14162.5807,128,17,0.270722,7,3,7,6,certificate
595,13,13,0,3297.8036,12909.0178,109,19,0.299412,7,2,7,6,certificate
596,14,14,0,3291.2884,12701.4419,114,21,0.322148,7,2,7,6,certificate
597,14,14,0,3193.7828,12178.9138,115,24,0.365869,7,2,7,6,certificate
598,11,11,0,3345.6081,12103.0405,145,22,0.363032,7,2,7,6,certificate
599,11,11,0,3609.9426,14184.7131,120,17,0.289074,7,3,7,6,certificate
600,13,13,0,2943.7546,11318.7731,103,20,0.301053,7,2,7,6,certificate
601,10,10,0,2730.2544,10116.2718,110,18,0.350056,7,2,7,6,certificate
602,15,15,0,4000.0757,16050.3787,120,25,0.384797,7,2,7,6,certificate
603,15,15,0,3157.9934,12064.9669,112,22,0.312949,7,2,7,6,certificate
604,14,14,0,3387.9934,12984.9672,121,22,0.282639,7,2,7,6,certificate
605,15,15,0,3284.3961,12571.9806,116,23,0.324362,7,2,7,6,certificate
606,13,13,0,3471.3688,13246.8439,127,23,0.344798,7,2,7,6,certificate
607,13,13,0,3074.2461,11521.2307,118,22,0.354929,7,2,7,6,certificate
608,13,13,0,3570.4132,13862.0661,123,21,0.292166,7,3,7,6,certificate
609,15,15,0,3592.2245,13996.1227,120,25,0.338681,7,2,7,6,certificate
610,13,13,0,4118.7002,16498.5010,126,21,0.279210,7,3,7,6,certificate
611,10,10,0,3199.9731,12314.8655,115,18,0.387476,7,3,7,6,certificate
612,11,11,0,2633.8452,9389.2258,117,21,0.341152,7,2,7,6,certificate
613,13,13,0,3212.0766,11850.3828,130,24,0.343955,7,3,7,6,certificate
614,14,14,0,3911.3884,15586.9420,121,24,0.360932,7,2,7,6,certificate
615,10,10,0,3534.2756,13666.3781,126,19,0.283091,7,2,7,6,certificate
616,12,12,0,3570.9504,13809.7521,125,19,0.284936,7,2,7,6,certificate
617,10,10,0,3422.5119,13187.5597,123,20,0.311100,7,2,7,6,certificate
618,10,10,0,3270.2270,12511.1351,120,16,0.308134,7,3,7,6,certificate
619,12,12,0,2951.8987,10989.4936,116,19,0.323831,7,2,7,6,certificate
620,10,10,0,3156.6525,11698.2626,128,19,0.348578,7,2,7,6,certificate
621,15,15,0,4417.3637,17971.8185,125,23,0.297754,7,2,7,6,certificate
622,15,15,0,3583.8402,14294.2010,109,25,0.343007,7,2,7,6,certificate
623,16,16,0,3450.8606,13384.3031,116,24,0.279755,7,2,6,5,certificate
624,12,12,0,3933.4793,15552.3967,128,21,0.336980,7,2,7,6,certificate
625,13,13,0,3181.8770,12084.3852,117,20,0.323006,7,2,7,6,certificate
626,12,12,0,3601.7041,14273.5207,115,22,0.387730,7,2,7,6,certificate
627,14,14,0,4012.4776,15862.3882,129,28,0.437827,7,2,7,6,certificate
628,16,16,0,3793.7296,14988.6479,120,23,0.272288,7,2,7,6,certificate
629,10,10,0,2890.9679,10649.8393,119,20,0.376875,7,2,7,6,certificate
630,14,14,0,3197.1848,12495.9240,105,22,0.290514,7,2,7,6,certificate
631,11,11,0,2853.0064,10555.0320,115,19,0.303980,7,2,7,6,certificate
632,11,11,0,3378.2953,13031.4764,120,20,0.288134,7,2,7,6,certificate
633,15,15,0,3692.2831,14671.4153,113,25,0.344971,7,2,7,6,certificate
634,14,14,0,3950.6103,15938.0517,116,23,0.316833,7,2,7,6,certificate
635,10,10,0,3593.2860,14061.4301,122,19,0.331262,7,2,7,6,certificate
636,12,12,0,3625.3341,14366.6706,116,22,0.298611,7,2,7,6,certificate
637,10,10,0,3573.0254,13845.1272,126,20,0.299934,7,2,7,6,certificate
638,16,16,0,3918.0479,15550.2395,122,24,0.316978,7,2,7,6,certificate
639,16,16,0,3168.1739,12000.8695,115,25,0.343368,7,2,7,6,certificate
640,15,15,0,3611.1834,14280.9170,114,23,0.295236,7,2,7,6,certificate
641,13,13,0,2970.3657,10696.8287,128,21,0.278803,7,2,7,6,certificate
642,12,12,0,3546.9814,13764.9070,123,20,0.363587,7,2,7,6,certificate
643,11,11,0,3112.6792,11848.3959,115,19,0.374463,7,2,7,6,certificate
644,15,15,0,3549.3887,13956.9435,114,22,0.447648,7,2,7,6,certificate
645,13,13,0,3482.6237,13643.1185,115,21,0.282702,7,2,7,6,certificate
646,13,13,0,3426.4212,13197.1060,121,20,0.279846,7,2,7,6,certificate
647,13,13,0,3487.0081,13515.0405,120,24,0.332400,7,2,7,6,certificate
648,15,15,0,3633.7108,13963.5542,128,25,0.348851,7,3,7,6,certificate
649,15,15,0,4038.0325,16190.1623,122,27,0.377231,7,2,7,6,certificate
650,11,11,0,2762.0534,10300.2672,108,18,0.300364,7,2,7,6,certificate
651,11,11,0,3659.4924,14172.4618,129,20,0.361411,7,2,7,6,certificate
652,11,11,0,2988.1334,11050.6669,121,18,0.277767,7,2,7,6,certificate
653,16,16,0,2952.8070,11434.0349,99,23,0.344519,7,2,4,3,certificate
654,12,12,0,3306.6825,12573.4127,123,19,0.323321,7,2,7,6,certificate
655,13,13,0,2992.9135,10979.5675,123,21,0.264972,7,2,7,6,certificate
656,16,16,0,4387.6183,18258.0915,110,29,0.419996,7,2,7,6,certificate
657,16,16,0,3395.0809,13025.4045,119,24,0.352617,7,2,7,6,certificate
658,10,10,0,3434.0828,13240.4141,123,22,0.333464,7,2,7,6,certificate
659,15,15,0,4191.7081,17018.5404,120,23,0.350303,7,2,7,6,certificate
660,14,14,0,3769.6566,14868.2831,121,25,0.342853,7,2,7,6,certificate
661,13,13,0,3659.9882,14189.9410,127,28,0.594678,7,2,7,6,certificate
662,15,15,0,3196.0501,11855.2507,125,23,0.328115,7,2,7,6,certificate
663,16,16,0,2983.9104,11474.5519,102,24,0.319568,7,2,6,5,certificate
664,10,10,0,3363.6347,12713.1736,129,20,0.376956,7,2,7,6,certificate
665,16,16,0,3663.0971,14675.4855,108,23,0.285614,7,2,6,5,certificate
666,13,13,0,3173.8646,12349.3229,107,23,0.328821,7,2,7,6,certificate
667,11,11,0,2789.1071,10060.5356,121,18,0.245614,7,2,7,6,certificate
668,14,14,0,3504.6720,13553.3598,121,24,0.312796,7,2,7,6,certificate
669,14,14,0,3790.1894,14720.9471,130,24,0.330019,7,2,7,6,certificate
670,11,11,0,3978.6974,15918.4871,124,20,0.311999,7,2,7,6,certificate
671,12,12,0,3473.5550,13562.7751,117,24,0.314478,7,2,7,6,certificate
672,10,10,0,3299.7054,12333.5270,132,20,0.381107,7,2,7,6,certificate
673,13,13,0,3459.2363,13751.1816,108,23,0.361074,7,2,7,6,certificate
674,11,11,0,3041.9693,11554.8465,113,20,0.293426,7,2,7,6,certificate
675,15,15,0,3459.0563,13605.2814,111,22,0.418488,7,2,7,6,certificate
676,13,13,0,3009.0046,11185.0228,118,21,0.282952,7,2,7,6,certificate
677,14,14,0,3260.6403,12143.2013,127,22,0.333061,7,2,7,6,certificate
678,13,13,0,4054.7780,16753.8902,107,22,0.309261,7,2,7,6,certificate
679,10,10,0,3225.5361,12172.6803,124,18,0.304669,7,2,7,6,certificate
680,12,12,0,3580.6769,13903.3846,124,22,0.271366,7,2,7,6,certificate
681,12,12,0,3404.5385,13227.6926,117,19,0.316699,7,2,7,6,certificate
682,15,15,0,3740.4270,14707.1349,121,25,0.332474,7,2,7,6,certificate
683,11,11,0,2872.8319,10654.1596,115,18,0.322594,7,2,7,6,certificate
684,10,10,0,2991.4206,10877.1032,128,19,0.302435,7,2,7,6,certificate
685,12,12,0,3633.0021,14305.0107,119,19,0.314090,7,2,7,6,certificate
686,10,10,0,3166.2000,12171.0002,114,19,0.377374,7,2,7,6,certificate
687,11,11,0,3195.4975,11797.4873,131,21,0.374346,7,2,7,6,certificate
688,12,12,0,3503.7029,13688.5146,118,23,0.330444,7,2,7,6,certificate
689,12,12,0,3035.0682,11580.3412,110,20,0.302410,7,2,7,6,certificate
690,14,14,0,3583.1610,13375.8050,140,28,0.400270,7,2,7,6,certificate
691,11,11,0,3141.3153,12111.5764,111,19,0.379479,7,2,7,6,certificate
692,13,13,0,3344.7553,12803.7766,121,23,0.574429,7,2,7,6,certificate
693,12,12,0,3458.0669,13225.3347,126,20,0.292319,7,4,7,6,certificate
694,10,10,0,3306.1535,12485.7673,127,20,0.328735,7,2,7,6,certificate
695,15,15,0,3502.9960,13384.9801,126,26,0.354730,7,2,7,6,certificate
696,15,15,0,3859.5976,15047.9878,130,22,0.269502,7,2,7,6,certificate
697,15,15,0,3503.4107,13587.0534,119,23,0.323827,7,4,7,6,certificate
698,10,10,0,3294.2643,12686.3215,118,18,0.235382,7,2,7,6,certificate
699,16,16,0,4397.0786,17990.3929,121,30,0.424364,7,2,7,6,certificate
700,13,13,0,4019.8645,15674.3225,137,26,0.357968,7,2,7,6,certificate
701,14,14,0,3719.3689,14631.8446,121,25,0.327734,7,2,7,6,certificate
702,10,10,0,3537.3037,13811.5187,121,20,0.307909,7,2,7,6,certificate
703,16,16,0,3666.1254,14280.6268,122,25,0.367516,7,3,7,6,certificate
704,12,12,0,3114.5673,11832.8367,115,19,0.255620,7,2,7,6,certificate
705,11,11,0,3464.8107,13344.0535,124,19,0.366798,7,2,7,6,certificate
706,14,14,0,3350.2062,13071.0310,111,24,0.387532,7,2,7,6,certificate
707,12,12,0,3337.9188,12764.5940,121,21,0.322642,7,2,7,6,certificate
708,15,15,0,3331.1702,12380.8511,130,25,0.385418,7,2,7,6,certificate
709,16,16,0,3862.5708,15432.8540,117,25,0.350907,7,2,7,6,certificate
710,13,13,0,3346.6721,13013.3607,114,24,0.346131,7,2,7,6,certificate
711,11,11,0,2895.9551,10789.7756,114,18,0.256221,7,3,7,6,certificate
712,11,11,0,3044.9793,11324.8967,121,24,0.462068,7,2,7,6,certificate
713,11,11,0,3401.2091,13056.0453,123,19,0.304519,7,2,7,6,certificate
714,13,13,0,3389.2501,12451.2506,139,20,0.322194,7,2,7,6,certificate
715,12,12,0,3265.7284,12533.6421,117,22,0.322477,7,2,7,6,certificate
716,10,10,0,3129.6012,11798.0059,120,17,0.265913,7,3,7,6,certificate
717,15,15,0,3339.1750,12340.8751,133,22,0.289480,7,2,7,6,certificate
718,12,12,0,3597.3789,14126.8943,119,21,0.292194,7,2,7,6,certificate
719,10,10,0,3166.0143,11630.0717,131,22,0.387041,7,2,7,6,certificate
720,14,14,0,3769.5425,14552.7125,132,24,0.366966,7,2,7,6,certificate
721,11,11,0,3247.9605,12399.8026,119,21,0.388011,7,2,7,6,certificate
722,12,12,0,3605.1909,14170.9544,119,19,0.293326,7,3,7,6,certificate
723,13,13,0,3294.0862,12460.4309,123,21,0.454296,7,2,7,6,certificate
724,13,13,0,3229.9917,12024.9583,127,20,0.263747,7,2,7,6,certificate
725,15,15,0,3940.0476,15865.2380,116,25,0.401394,7,2,7,6,certificate
726,11,11,0,3769.9208,14714.6041,129,22,0.396102,7,2,7,6,certificate
727,12,12,0,3101.1612,11760.8058,115,19,0.252299,7,3,7,6,certificate
728,16,16,0,3962.4502,16157.2511,109,23,0.306892,7,2,6,5,certificate
729,13,13,0,3678.9253,14244.6267,128,24,0.366410,7,2,7,6,certificate
730,12,12,0,2985.4099,11287.0496,112,22,0.429701,7,2,7,6,certificate
731,13,13,0,2991.2673,11076.3365,119,23,0.309779,7,2,7,6,certificate
732,16,16,0,3777.9483,14814.7416,123,24,0.340129,7,2,7,6,certificate
733,10,10,0,3129.6377,11863.1883,118,18,0.260586,7,2,7,6,certificate
734,11,11,0,3266.0889,12460.4443,121,21,0.317807,7,3,7,6,certificate
735,10,10,0,3029.0974,11220.4871,123,20,0.403616,7,2,7,6,certificate
736,15,15,0,3768.7182,14998.5909,116,24,0.309609,7,2,7,6,certificate
737,14,14,0,3282.9569,12579.7845,117,25,0.345668,7,3,7,6,certificate
738,13,13,0,3815.8314,15229.1568,118,24,0.305350,7,2,7,6,certificate
739,16,16,0,3212.0732,12455.3662,107,24,0.217465,7,2,4,3,certificate
740,14,14,0,3428.7180,13468.5900,111,23,0.510184,7,2,7,6,certificate
741,11,11,0,2954.1365,10900.6823,120,19,0.289012,7,3,7,6,certificate
742,13,13,0,3419.8214,13239.1072,118,22,0.297223,7,2,7,6,certificate
743,12,12,0,3687.5436,14542.7178,120,23,0.337651,7,2,7,6,certificate
744,14,14,0,3305.8537,12664.2683,118,24,0.315153,7,2,7,6,certificate
745,16,16,0,3832.0249,15385.1243,113,27,0.331323,7,2,7,6,certificate
746,12,12,0,3323.2057,12396.0286,131,19,0.267116,7,2,7,6,certificate
747,10,10,0,3121.6844,11678.4219,123,18,0.309542,7,2,7,6,certificate
748,11,11,0,3215.2184,12421.0921,113,18,0.348121,7,2,7,6,certificate
749,14,14,0,3192.6103,11958.0514,122,25,0.298155,7,2,7,6,certificate
750,15,15,0,3240.7471,11968.7356,131,34,0.415507,7,2,7,6,certificate
751,12,12,0,2852.1385,10630.6926,112,20,0.366682,7,2,7,6,certificate
752,10,10,0,3312.2284,12511.1420,127,18,0.297708,7,2,7,6,certificate
753,14,14,0,3689.7600,14813.8002,110,24,0.344615,7,2,7,6,certificate
754,13,13,0,3912.5730,15617.8649,122,23,0.323432,7,2,7,6,certificate
755,11,11,0,3423.4141,13167.0703,123,22,0.327440,7,2,7,6,certificate
756,12,12,0,3218.3685,12271.8423,118,22,0.357365,7,2,7,6,certificate
757,10,10,0,2964.0424,11160.2118,114,18,0.326027,7,2,7,6,certificate
758,11,11,0,3486.1301,13235.6503,131,20,0.300518,7,2,7,6,certificate
759,13,13,0,3557.5895,14057.9473,114,23,0.297920,7,2,7,6,certificate
760,10,10,0,3306.8172,12789.0860,117,19,0.321204,7,3,7,6,certificate
761,11,11,0,3206.6136,12008.0679,126,21,0.379165,7,2,7,6,certificate
762,11,11,0,3778.8553,14629.2765,134,18,0.381545,7,2,7,6,certificate
763,13,13,0,3140.4225,11357.1126,134,20,0.635932,7,2,7,6,certificate
764,11,11,0,2908.0599,11090.2996,106,19,0.302245,7,2,7,6,certificate
765,12,12,0,2737.5027,10097.5135,110,18,0.295714,7,2,7,6,certificate
766,15,15,0,3072.4995,11502.4975,117,23,0.678548,7,2,7,6,certificate
767,10,10,0,3048.1051,11190.5255,126,18,0.342929,7,3,7,6,certificate
768,16,16,0,3187.3681,11816.8406,124,26,0.336870,7,2,6,5,certificate
769,16,16,0,3083.5751,11777.8754,109,26,0.943304,7,2,6,5,certificate
770,16,16,0,3553.4033,13962.0167,114,26,0.310023,7,2,6,5,certificate
771,14,14,0,3562.6604,14028.3020,115,22,0.286320,7,2,7,6,certificate
772,14,14,0,3651.4462,14037.2309,129,23,0.327227,7,2,7,6,certificate
773,10,10,0,3877.0002,15455.0011,123,18,0.353784,7,2,7,6,certificate
774,10,10,0,3026.9058,11219.5292,123,17,0.306965,7,2,7,6,certificate
775,10,10,0,2825.9206,10464.6032,114,17,0.290573,7,2,7,6,certificate
776,10,10,0,3401.5007,13012.5037,125,19,0.320942,7,2,7,6,certificate
777,12,12,0,3361.2159,12981.0796,118,21,0.366752,7,2,7,6,certificate
778,14,14,0,3358.3350,12791.6749,122,22,0.434343,7,2,7,6,certificate
779,15,15,0,3727.7917,14828.9583,115,26,0.449515,7,2,7,6,certificate
780,10,10,0,3340.7264,11873.6319,153,20,0.354145,7,3,7,6,certificate
781,14,14,0,2868.4370,10402.1849,120,23,0.384267,7,2,7,6,certificate
782,15,15,0,3409.6748,13383.3742,110,25,0.396177,7,2,7,6,certificate
783,15,15,0,3263.7947,12418.9737,118,23,0.371406,7,2,7,6,certificate
784,11,11,0,3092.4529,11777.2643,114,21,0.346440,7,2,7,6,certificate
785,15,15,0,4271.0928,17130.4641,129,27,0.370791,7,2,7,6,certificate
786,14,14,0,3683.3351,14681.6753,113,25,0.306962,7,2,7,6,certificate
787,11,11,0,3758.0091,14980.0453,118,22,0.359914,7,2,7,6,certificate
788,15,15,0,3754.5411,14497.7055,130,25,0.386606,7,2,7,6,certificate
789,16,16,0,3281.9865,12359.9323,122,25,0.290010,7,2,6,5,certificate
790,14,14,0,3489.2616,13431.3081,122,23,0.289377,7,3,7,6,certificate
791,12,12,0,3665.1542,14430.7709,121,19,0.331679,7,2,7,6,certificate
792,14,14,0,3884.7258,15583.6291,117,22,0.391942,7,2,7,6,certificate
793,10,10,0,2949.9205,11144.6025,112,16,0.266912,7,3,7,6,certificate
794,13,13,0,3511.5000,13402.5001,128,23,0.369980,7,2,7,6,certificate
795,11,11,0,3634.1750,14170.8751,124,18,0.373337,7,3,7,6,certificate
796,10,10,0,2918.1413,10755.7066,120,18,0.597816,7,3,7,6,certificate
797,14,14,0,3416.6605,13108.3024,121,23,0.440040,7,2,7,6,certificate
798,11,11,0,2823.0779,10740.3893,104,18,0.297057,7,2,7,6,certificate
799,16,16,0,3501.7348,13763.6740,111,24,0.497075,7,2,6,5,certificate
800,14,14,0,3623.1672,14195.8361,120,23,0.477874,7,2,7,6,certificate
801,13,13,0,3516.9135,13799.5674,116,21,0.349370,7,2,7,6,certificate
802,13,13,0,2972.5458,11232.7288,110,19,0.324188,7,2,7,6,certificate
803,11,11,0,2588.4817,9192.4083,116,18,0.375835,7,2,7,6,certificate
804,11,11,0,3505.7078,13493.5388,125,17,0.322549,7,2,7,6,certificate
805,16,16,0,3597.5769,14362.8847,108,25,0.342060,7,2,6,5,certificate
806,15,15,0,3871.3582,15551.7911,114,24,0.299018,7,2,7,6,certificate
807,15,15,0,3809.8129,14779.0643,130,23,0.323709,7,2,7,6,certificate
808,16,16,0,3422.5626,13412.8130,111,23,0.304738,7,2,6,5,certificate
809,15,15,0,3966.1814,15600.9072,129,27,0.383568,7,2,7,6,certificate
810,14,14,0,3306.6547,12773.2735,114,24,0.371105,7,2,7,6,certificate
811,14,14,0,3691.9524,14254.7622,129,24,0.339852,7,2,7,6,certificate
812,10,10,0,3033.7165,11538.5826,113,19,0.340477,7,2,7,6,certificate
813,13,13,0,3528.7716,13643.8579,123,24,0.339823,7,2,7,6,certificate
814,16,16,0,3465.1999,13740.9994,107,26,0.452202,7,2,6,5,certificate
815,14,14,0,3516.5601,13427.8004,129,26,0.338620,7,2,7,6,certificate
816,16,16,0,3984.4459,16112.2297,114,25,0.296001,7,2,6,5,certificate
817,16,16,0,4084.0577,16825.2883,107,27,0.329259,7,2,6,5,certificate
818,12,12,0,2988.0082,11225.0409,114,19,0.342986,7,2,7,6,certificate
819,11,11,0,3627.1268,14050.6338,128,19,0.313321,7,2,7,6,certificate
820,12,12,0,2596.8279,9609.1394,103,20,0.531410,7,2,7,6,certificate
821,12,12,0,3828.9307,15314.6534,118,20,0.276066,7,2,7,6,certificate
822,14,14,0,3977.1397,15975.6984,119,24,0.357911,7,2,7,6,certificate
823,10,10,0,3497.6289,13768.1444,116,17,0.347313,7,2,7,6,certificate
824,14,14,0,3320.8653,12634.3263,121,23,0.659237,7,2,7,6,certificate
825,14,14,0,2749.4748,10082.3742,111,22,0.332322,7,2,7,6,certificate
826,13,13,0,3459.2111,13491.0557,117,23,0.353924,7,2,7,6,certificate
827,11,11,0,4063.3882,16476.9410,119,19,0.339213,7,2,7,6,certificate
828,12,12,0,3314.0151,12550.0754,124,21,0.493981,7,2,7,6,certificate
829,10,10,0,3440.4352,13422.1761,118,18,0.662924,7,2,7,6,certificate
830,10,10,0,2983.9276,11044.6381,121,18,0.329634,7,2,7,6,certificate
831,15,15,0,3462.1933,13885.9664,102,21,0.442115,7,2,7,5,certificate
832,13,13,0,3324.2872,12776.4359,118,23,0.362868,7,2,7,6,certificate
833,11,11,0,3358.6366,12833.1828,123,20,0.354264,7,2,7,6,certificate
834,11,11,0,3318.8933,12579.4666,125,20,0.365921,7,2,7,6,certificate
835,13,13,0,3831.3163,15236.5814,120,24,0.367836,7,2,7,6,certificate
836,14,14,0,3596.4175,14057.0873,120,23,0.348075,7,2,7,6,certificate
837,15,15,0,3490.1095,13370.5476,124,26,0.371174,7,3,7,6,certificate
838,11,11,0,2858.1617,10750.8083,109,18,0.454842,7,2,7,6,certificate
839,13,13,0,3156.6262,11808.1308,122,21,0.318909,7,2,7,6,certificate
840,12,12,0,3144.6283,11868.1415,119,20,0.334727,7,2,7,6,certificate
841,16,16,0,3978.0899,15605.4494,130,25,0.341726,7,2,7,6,certificate
842,13,13,0,3618.4924,13952.4622,128,23,0.318858,7,2,7,6,certificate
843,14,14,0,2860.4792,10657.3962,110,24,0.340699,7,2,7,6,certificate
844,13,13,0,3692.5360,14467.6801,123,21,0.288602,7,2,7,6,certificate
845,12,12,0,2814.7818,10063.9092,124,22,0.336350,7,2,7,6,certificate
846,16,16,0,3496.9934,13724.9669,113,23,0.244234,7,2,6,5,certificate
847,11,11,0,3153.7331,11783.6653,124,19,0.322468,7,2,7,6,certificate
848,10,10,0,2812.0149,10380.0746,115,17,0.306987,7,2,7,6,certificate
849,10,10,0,3164.5278,12117.6389,116,18,0.368149,7,2,7,6,certificate
850,10,10,0,3510.3421,13541.7106,126,17,0.295145,7,3,7,6,certificate
851,14,14,0,3197.7094,12073.5471,119,22,0.300192,7,3,7,6,certificate
852,12,12,0,3483.9443,13619.7214,117,21,0.386660,7,2,7,6,certificate
853,13,13,0,3842.7803,15238.9017,122,21,0.336081,7,2,7,6,certificate
854,10,10,0,3744.2441,14606.2203,129,19,0.336952,7,2,7,6,certificate
855,12,12,0,3130.1911,11640.9556,125,23,0.475510,7,2,7,6,certificate
856,11,11,0,3181.6732,12223.3658,114,18,0.333082,7,2,7,6,certificate
857,13,13,0,3400.1495,13115.7475,119,23,0.391673,7,2,7,6,certificate
858,11,11,0,3017.2483,11231.2413,120,22,0.518635,7,2,7,6,certificate
859,15,15,0,3594.1187,13700.5933,130,27,0.397034,7,2,7,6,certificate
860,16,16,0,3338.6914,13038.4572,109,26,0.346832,7,2,6,5,certificate
861,13,13,0,3407.9629,13109.8144,120,24,0.376459,7,2,7,6,certificate
862,14,14,0,3268.6461,12448.2303,118,23,0.370866,7,2,7,6,certificate
863,14,14,0,3738.5472,14897.7358,115,25,0.433542,7,2,7,6,certificate
864,11,11,0,3144.9870,11719.9352,125,19,0.380975,7,3,7,6,certificate
865,15,15,0,3675.2702,14591.3512,114,27,0.647026,7,2,7,6,certificate
866,15,15,0,3650.0728,14385.3638,117,25,0.369308,7,2,7,6,certificate
867,12,12,0,3335.6430,12918.2150,116,21,0.498045,7,2,7,6,certificate
868,13,13,0,3432.4830,13062.4152,126,21,0.381842,7,2,7,6,certificate
869,11,11,0,3036.5347,11192.6734,124,19,0.344732,7,2,7,6,certificate
870,16,16,0,3538.2657,13666.3286,121,24,0.473813,7,2,6,5,certificate
871,13,13,0,3823.1022,15270.5108,118,25,0.366410,7,2,7,6,certificate
872,15,15,0,3836.8592,15154.2959,122,25,0.400187,7,2,7,6,certificate
873,10,10,0,2863.0201,10395.1007,123,18,0.413743,7,3,7,6,certificate
874,11,11,0,3341.9407,12789.7035,122,18,0.330481,7,3,7,6,certificate
875,15,15,0,3340.6525,13053.2627,110,26,0.350695,7,2,7,6,certificate
876,15,15,0,3724.0623,14895.3116,112,25,0.487691,7,2,7,6,certificate
877,16,16,0,3497.4184,13447.0921,122,25,0.296257,7,2,6,5,certificate
878,14,14,0,3125.3923,11811.9616,116,23,0.330805,7,2,7,6,certificate
879,16,16,0,3449.1992,13465.9961,113,23,0.264798,7,2,7,6,certificate
880,12,12,0,3867.3687,15476.8434,120,21,0.317496,7,2,7,6,certificate
881,12,12,0,2935.1094,10865.5469,118,19,0.273926,7,2,7,6,certificate
882,13,13,0,3372.3689,12966.8443,119,22,0.326750,7,2,7,6,certificate
883,10,10,0,3145.6696,11733.3478,125,17,0.275438,7,2,7,6,certificate
884,16,16,0,3651.3987,14086.9933,126,25,0.339322,7,2,7,6,certificate
885,12,12,0,3459.1460,13345.7302,122,20,0.317742,7,2,7,6,certificate
886,12,12,0,4088.3606,16586.8031,119,21,0.359178,7,2,7,6,certificate
887,15,15,0,3304.2518,12766.2592,113,24,0.242123,7,2,7,6,certificate
888,14,14,0,3734.6256,14983.1282,112,22,0.300629,7,2,7,6,certificate
889,13,13,0,3422.2583,13016.2915,126,22,0.316714,7,2,7,6,certificate
890,10,10,0,3693.8508,14379.2539,129,21,0.320627,7,2,7,6,certificate
891,16,16,0,4042.4807,16432.4033,113,25,0.307921,7,2,6,5,certificate
892,15,15,0,3859.1996,15515.9980,114,22,0.288297,7,2,7,6,certificate
893,11,11,0,3472.9414,13439.7069,122,19,0.286353,7,2,7,6,certificate
894,10,10,0,3057.5024,11627.5118,114,18,0.298288,7,2,7,6,certificate
895,15,15,0,3445.2656,13176.3280,123,23,0.337673,7,2,7,6,certificate
896,11,11,0,3240.9038,12489.5189,115,18,0.324055,7,2,7,6,certificate
897,12,12,0,3027.8318,11369.1592,116,20,0.321489,7,2,7,6,certificate
898,14,14,0,3615.4437,14047.2187,123,24,0.315002,7,2,7,6,certificate
899,15,15,0,3408.7555,13203.7775,116,24,0.313472,7,2,7,6,certificate
900,14,14,0,3261.3622,12061.8111,130,24,0.382566,7,2,7,6,certificate
901,15,15,0,4329.8216,17324.1079,132,29,0.734440,7,2,7,6,certificate
902,16,16,0,3719.9457,14574.7285,121,25,0.352992,7,2,7,6,certificate
903,12,12,0,3379.7751,13098.8755,117,20,0.314433,7,2,7,6,certificate
904,15,15,0,3756.2443,14941.2213,116,26,0.453971,7,2,7,6,certificate
905,12,12,0,3838.4009,15247.0043,122,21,0.378416,7,2,7,6,certificate
906,15,15,0,3397.9291,13394.6457,108,26,0.383149,7,2,7,6,certificate
907,13,13,0,3248.4454,12417.2268,117,22,0.390740,7,2,7,6,certificate
908,14,14,0,3266.6782,12243.3911,125,22,0.430263,7,2,7,6,certificate
909,10,10,0,3171.2226,12056.1130,119,18,0.319968,7,2,7,6,certificate
910,14,14,0,3360.5978,12992.9890,116,23,0.322403,7,2,7,6,certificate
911,16,16,0,3975.9700,16054.8501,115,27,0.229159,7,2,6,5,certificate
912,11,11,0,3669.7365,14008.6824,136,22,0.298039,7,4,7,6,certificate
913,16,16,0,3795.6780,15053.3898,118,23,0.317755,7,2,6,5,certificate
914,10,10,0,2549.1454,8990.7269,117,21,0.311557,7,2,7,6,certificate
915,10,10,0,2661.1189,9495.5944,119,18,0.360781,7,2,7,6,certificate
916,16,16,0,4125.1420,16580.7098,122,30,0.414437,7,2,6,5,certificate
917,16,16,0,3704.6156,14223.0779,130,26,0.318718,7,2,7,6,certificate
918,16,16,0,4295.6073,17358.0366,124,24,0.270538,7,2,6,5,certificate
919,15,15,0,3926.4002,16097.0012,106,24,0.345600,7,3,7,6,certificate
920,10,10,0,3350.9761,12739.8806,126,21,0.376218,7,2,7,6,certificate
921,16,16,0,3720.1546,14410.7731,128,26,0.301798,7,2,6,5,certificate
922,16,16,0,3669.1711,15015.8556,98,22,0.251943,7,2,4,3,certificate
923,12,12,0,3613.1168,14115.5840,122,23,0.328830,7,2,7,6,certificate
924,15,15,0,3042.2632,11491.3158,112,25,0.434949,7,2,7,6,certificate
925,13,13,0,3843.8746,15059.3732,129,23,0.363856,7,2,7,6,certificate
926,15,15,0,4129.2065,16981.0326,110,25,0.347597,7,2,7,6,certificate
927,12,12,0,2751.6839,10123.4196,111,18,0.273815,7,2,7,6,certificate
928,12,12,0,3575.4201,13902.1006,124,21,0.328070,7,2,7,6,certificate
929,11,11,0,3444.2057,13416.0287,118,20,0.368910,7,2,7,6,certificate
930,16,16,0,4046.3951,16236.9754,120,26,0.257826,7,2,6,5,certificate
931,12,12,0,3531.1461,13835.7303,119,20,0.336714,7,2,7,6,certificate
932,11,11,0,2796.8550,9939.2750,126,21,0.370205,7,2,7,6,certificate
933,11,11,0,3475.7302,13273.6508,128,21,0.448980,7,2,7,6,certificate
934,14,14,0,3244.6100,12243.0501,122,26,0.600319,7,2,7,6,certificate
935,16,16,0,3218.4400,12137.2002,119,23,0.550049,7,2,7,6,certificate
936,13,13,0,4108.4678,16302.3390,131,27,0.482747,7,2,7,6,certificate
937,12,12,0,3222.8962,12234.4812,120,20,0.303326,7,2,7,6,certificate
938,11,11,0,2938.8241,10724.1205,123,18,0.303495,7,2,7,6,certificate
939,10,10,0,3201.2369,11936.1843,128,18,0.312269,7,3,7,6,certificate
940,12,12,0,2644.7991,9618.9956,111,20,0.380353,7,2,7,6,certificate
941,16,16,0,3874.6118,15688.0588,110,25,0.911611,7,2,6,5,certificate
942,11,11,0,3527.1885,13785.9423,120,18,0.333318,7,2,7,6,certificate
943,13,13,0,3580.4645,13867.3224,124,21,0.339578,7,3,7,6,certificate
944,11,11,0,3101.4061,11797.0306,115,19,0.340408,7,2,7,6,certificate
945,14,14,0,3397.9221,13194.6107,116,26,0.566357,7,2,7,6,certificate
946,11,11,0,3089.2110,11406.0551,126,19,0.289178,7,3,7,6,certificate
947,15,15,0,3392.5887,13282.9434,111,22,0.600166,7,2,7,6,certificate
948,14,14,0,3712.4047,14597.0237,121,24,0.403527,7,2,7,6,certificate
949,15,15,0,3095.8665,12089.3323,101,23,0.379811,7,2,7,6,certificate
950,15,15,0,3923.5337,15692.6683,120,30,0.468337,7,2,7,6,certificate
951,15,15,0,3458.1957,13510.9785,115,23,0.329035,7,2,7,6,certificate
952,13,13,0,3336.1207,12520.6036,129,25,0.361819,7,2,7,6,certificate
953,11,11,0,3747.7005,14753.5024,124,20,0.336189,7,2,7,6,certificate
954,15,15,0,3436.4298,13282.1492,118,22,0.306146,7,2,7,6,certificate
955,14,14,0,3636.1408,14095.7042,125,24,0.361883,7,2,7,6,certificate
956,12,12,0,3075.0952,11460.4762,121,20,0.374609,7,2,7,6,certificate
957,14,14,0,3518.5785,13862.8925,113,21,0.329232,7,3,7,6,certificate
958,10,10,0,3503.2740,13731.3700,118,18,0.370323,7,2,7,6,certificate
959,15,15,0,3924.2288,15631.1441,121,24,0.391386,7,2,7,6,certificate
960,11,11,0,3348.8352,12824.1761,121,18,0.332826,7,2,7,6,certificate
961,11,11,0,3472.5377,13242.6885,128,19,0.351516,7,2,7,6,certificate
962,15,15,0,3401.0288,13010.1438,122,24,0.435995,7,2,7,6,certificate
963,13,13,0,3610.7543,14208.7717,118,23,0.392954,7,2,7,6,certificate
964,15,15,0,3927.9696,15294.8479,133,31,0.873021,7,2,7,6,certificate
965,14,14,0,3471.1435,13305.7176,124,23,0.348840,7,2,7,6,certificate
966,16,16,0,3579.9081,13934.5406,119,27,0.377381,7,2,6,5,certificate
967,13,13,0,3816.2276,15221.1381,118,21,0.386329,7,2,7,6,certificate
968,16,16,0,3436.4985,13357.4926,115,26,0.344170,7,2,7,6,certificate
969,15,15,0,3568.8190,13859.0949,121,24,0.417130,7,2,7,6,certificate
970,13,13,0,2756.3180,9656.5898,127,21,0.360550,7,2,7,6,certificate
971,14,14,0,3659.6815,14573.4074,113,23,0.304174,7,2,7,6,certificate
972,15,15,0,3003.5482,11382.7409,109,22,0.337241,7,2,7,6,certificate
973,12,12,0,2854.0542,10705.2711,109,18,0.366567,7,2,7,6,certificate
974,12,12,0,3060.6709,11568.3545,115,22,0.340601,7,2,7,6,certificate
975,14,14,0,3714.4137,14882.0684,112,24,0.423753,7,2,7,6,certificate
976,14,14,0,2892.3653,10701.8266,114,24,0.535051,7,2,7,6,certificate
977,11,11,0,2977.4606,10847.3030,126,19,0.413272,7,2,7,6,certificate
978,15,15,0,4047.3970,15981.9851,130,26,0.437282,7,2,7,6,certificate
979,11,11,0,3634.9850,14104.9249,127,18,0.324480,7,3,7,6,certificate
980,13,13,0,3266.3701,12421.8507,120,22,0.386958,7,2,7,6,certificate
981,16,16,0,3638.5657,14207.8283,120,22,0.295332,7,3,6,5,certificate
982,14,14,0,3321.5366,12867.6828,114,24,0.401232,7,2,7,6,certificate
983,13,13,0,3567.1631,13980.8156,118,23,0.365199,7,2,7,6,certificate
984,12,12,0,2919.4940,10942.4702,112,21,0.390835,7,2,7,6,certificate
985,14,14,0,3157.2424,12061.2118,113,24,0.430201,7,2,7,6,certificate
986,13,13,0,3737.3859,14681.9293,123,22,0.414349,7,3,7,6,certificate
987,16,16,0,3949.1282,15300.6409,135,25,0.356815,7,2,7,6,certificate
988,11,11,0,2954.2180,11116.0900,113,19,0.263519,7,2,7,6,certificate
989,12,12,0,3474.2043,13451.0217,121,20,0.365600,7,2,7,6,certificate
990,13,13,0,3352.0849,12790.4243,122,20,0.360146,7,2,7,6,certificate
991,12,12,0,3465.1002,13490.5010,119,20,0.366295,7,2,7,6,certificate
992,15,15,0,3455.8259,13399.1295,117,23,0.352282,7,2,7,6,certificate
993,15,15,0,2973.1826,11165.9130,111,23,0.481736,7,2,7,6,certificate
994,12,12,0,3201.1973,12220.9865,117,21,0.317673,7,2,7,6,certificate
995,16,16,0,3386.2013,13126.0065,114,23,0.240562,7,2,6,5,certificate
996,14,14,0,3622.8458,13894.2288,129,22,0.316500,7,2,7,6,certificate
997,14,14,0,3449.1412,13850.7062,102,23,0.350500,7,2,7,6,certificate
998,13,13,0,3497.1494,13580.7471,120,20,0.285730,7,2,7,6,certificate
999,12,12,0,2980.1069,10780.5343,128,22,0.378988,7,2,7,6,certificate
1000,11,11,0,3183.8616,11784.3079,129,20,0.308426,7,2,7,6,certificate
1001,10,10,0,3316.2746,12656.3731,123,19,0.350709,7,2,7,6,certificate
1002,12,12,0,3573.0247,13775.1236,127,22,0.367877,7,2,7,6,certificate
1003,10,10,0,3426.0898,12955.4489,131,18,0.276835,7,2,7,6,certificate
1004,13,13,0,3847.5226,15552.6128,113,22,0.338557,7,2,7,6,certificate
1005,14,14,0,3216.6878,11843.4391,130,26,0.399070,7,2,7,6,certificate
1006,12,12,0,3355.2468,12671.2340,128,22,0.316224,7,2,7,6,certificate
1007,11,11,0,3011.7706,11428.8530,112,21,0.370133,7,2,7,6,certificate
1008,13,13,0,3427.3934,13291.9671,118,24,0.365358,7,2,7,6,certificate
1009,14,14,0,3606.2214,14221.1069,116,24,0.319259,7,2,7,6,certificate
1010,15,15,0,3280.3965,12861.9824,106,23,0.335823,7,2,7,6,certificate
1011,11,11,0,3270.2236,12486.1181,120,19,0.389148,7,2,7,6,certificate
1012,14,14,0,3876.5981,15387.9905,122,25,0.408100,7,2,7,6,certificate
1013,15,15,0,3892.3366,15196.6828,131,26,0.410850,7,2,7,6,certificate
1014,16,16,0,3601.6587,14203.2936,114,26,0.421482,7,2,7,6,certificate
1015,11,11,0,3378.1252,12940.6261,123,19,0.379640,7,2,7,6,certificate
1016,15,15,0,3239.7720,11853.8601,133,24,0.379738,7,2,7,6,certificate
1017,12,12,0,3422.2112,13551.0561,109,22,0.405810,7,2,7,6,certificate
1018,13,13,0,3140.2335,11971.1677,114,21,0.459197,7,2,7,6,certificate
1019,12,12,0,3161.7866,11953.9328,119,22,0.507500,7,2,7,6,certificate
1020,12,12,0,4075.3349,16401.6745,123,22,0.439386,7,2,7,6,certificate
1021,12,12,0,3854.5778,15447.8891,118,24,0.437892,7,2,7,6,certificate
1022,14,14,0,3337.9965,12969.9826,113,22,0.319997,7,2,7,6,certificate
1023,13,13,0,3928.9230,15734.6151,120,23,0.322609,7,2,7,6,certificate
1024,11,11,0,3658.8038,14409.0189,121,22,0.407230,7,2,7,6,certificate
1025,13,13,0,3326.6538,12903.2690,114,22,0.717246,7,2,7,6,certificate
1026,14,14,0,3113.0087,11955.0435,109,23,0.290653,7,2,7,6,certificate
1027,16,16,0,3182.2156,12316.0782,107,23,0.265101,7,2,5,4,certificate
1028,12,12,0,3452.7039,13738.5196,108,20,0.291145,7,2,7,6,certificate
1029,14,14,0,4085.1698,16340.8492,125,24,0.345906,7,3,7,6,certificate
1030,15,15,0,4071.1475,16395.7374,120,26,0.364152,7,2,7,6,certificate
1031,15,15,0,3381.5099,13067.5494,116,27,0.439369,7,2,7,6,certificate
1032,11,11,0,2894.8753,10569.3767,121,18,0.371485,7,2,7,6,certificate
1033,15,15,0,3507.9481,13569.7406,121,25,0.365826,7,2,7,6,certificate
1034,16,16,0,3287.1294,12970.6468,103,23,0.517233,7,2,5,4,certificate
1035,14,14,0,3850.8337,15039.1683,129,23,0.315348,7,2,7,6,certificate
1036,14,14,0,3304.5390,12412.6952,126,25,0.360225,7,2,7,6,certificate
1037,14,14,0,3574.9785,14384.8927,105,23,0.853329,7,2,7,6,certificate
1038,11,11,0,3104.1627,11595.8136,122,20,0.539572,7,2,7,6,certificate
1039,12,12,0,3652.4142,14547.0709,114,23,0.477683,7,2,7,6,certificate
1040,16,16,0,3880.0834,15180.4168,128,28,0.348212,7,2,6,5,certificate
1041,10,10,0,3049.6777,11523.3883,116,18,0.286042,7,2,7,6,certificate
1042,14,14,0,3635.8092,14134.0459,124,22,0.306791,7,2,7,6,certificate
1043,13,13,0,3183.1426,12000.7131,120,24,0.479598,7,2,7,6,certificate
1044,12,12,0,3760.7344,14978.6721,118,21,0.402623,7,2,7,6,certificate
1045,11,11,0,3516.3496,13511.7479,127,22,0.594642,7,2,7,6,certificate
1046,15,15,0,3406.1162,13125.5810,118,24,0.338073,7,2,7,6,certificate
1047,12,12,0,4034.0515,15705.2574,139,22,0.348436,7,2,7,6,certificate
1048,12,12,0,2864.8566,10374.2832,122,20,0.333084,7,2,7,6,certificate
1049,13,13,0,3327.3945,12456.9725,129,22,0.352083,7,2,7,6,certificate
1050,15,15,0,3482.7653,13728.8263,111,26,0.403799,7,3,7,6,certificate
1051,14,14,0,3307.2897,12686.4487,117,25,0.453899,7,2,7,6,certificate
1052,10,10,0,3414.7796,13188.8978,122,20,0.363910,7,2,7,6,certificate
1053,14,14,0,3496.3137,13646.5685,117,26,0.355370,7,2,7,6,certificate
1054,10,10,0,2747.8464,10024.2319,116,18,0.401846,7,2,7,6,certificate
1055,15,15,0,3666.2438,14496.2190,116,21,0.349128,7,2,7,6,certificate
1056,10,10,0,3537.2206,13666.1032,126,18,0.338997,7,2,7,6,certificate
1057,14,14,0,3647.4452,14457.2262,115,26,0.407502,7,2,7,6,certificate
1058,10,10,0,2732.3956,9641.9782,126,17,0.333687,7,2,7,6,certificate
1059,12,12,0,3747.1514,14870.7568,120,20,0.379760,7,2,7,6,certificate
1060,13,13,0,3467.3594,13611.7969,113,19,0.463441,7,2,7,6,certificate
1061,10,10,0,2943.0652,10775.3258,124,18,0.347106,7,2,7,6,certificate
1062,15,15,0,3015.3115,11801.5575,97,21,0.460679,7,2,7,6,certificate
1063,12,12,0,2658.7124,9383.5620,121,20,0.296926,7,2,7,6,certificate
1064,16,16,0,3531.6088,14288.0439,99,25,0.409548,7,2,5,4,certificate
1065,13,13,0,3292.6155,12758.0773,113,21,0.348142,7,2,7,6,certificate
1066,12,12,0,3207.5027,11597.5133,138,19,0.301302,7,3,7,6,certificate
1067,13,13,0,3398.0400,13295.2002,113,23,0.370028,7,2,7,6,certificate
1068,11,11,0,3710.6745,14453.3726,128,22,0.342421,7,2,7,6,certificate
1069,14,14,0,4086.8425,16519.2124,119,23,0.305473,7,2,7,6,certificate
1070,13,13,0,3387.6714,13188.3571,115,20,0.331817,7,2,7,6,certificate
1071,14,14,0,3325.1394,12660.6969,121,24,0.313406,7,2,7,6,certificate
1072,15,15,0,3854.1031,15100.5153,127,23,0.336797,7,2,7,6,certificate
1073,11,11,0,2994.6117,11153.0587,119,21,0.384943,7,2,7,6,certificate
1074,10,10,0,3412.7944,13023.9720,126,19,0.336260,7,2,7,6,certificate
1075,10,10,0,2952.1024,11045.5119,116,18,0.291445,7,2,7,6,certificate
1076,14,14,0,3917.8898,15474.4491,127,26,0.385830,7,2,7,6,certificate
1077,11,11,0,4026.0930,15375.4652,150,24,0.433012,7,2,7,6,certificate
1078,15,15,0,3516.7938,13863.9692,113,24,0.526154,7,2,7,6,certificate
1079,16,16,0,3752.5881,15292.9405,102,24,0.282011,7,3,6,5,certificate
1080,16,16,0,3284.4715,12962.3576,103,26,0.489011,7,2,6,5,certificate
1081,10,10,0,3236.3454,11941.7268,134,17,0.334308,7,2,7,6,certificate
1082,14,14,0,3558.7488,13773.7442,123,24,0.373190,7,2,7,6,certificate
1083,13,13,0,3209.5241,12647.6203,103,23,0.873952,7,2,7,6,certificate
1084,16,16,0,3383.0127,13105.0633,114,23,0.261399,7,2,6,5,certificate
1085,13,13,0,3383.0005,13015.0025,120,23,0.425859,7,2,7,6,certificate
1086,13,13,0,4195.3485,16951.7423,125,24,0.497387,7,2,7,6,certificate
1087,10,10,0,2923.3235,10841.6173,118,20,0.436955,7,2,7,6,certificate
1088,14,14,0,3459.2074,13521.0368,115,24,0.406093,7,2,7,6,certificate
1089,12,12,0,3154.3879,12156.9393,111,20,0.535409,7,2,7,6,certificate
1090,10,10,0,3937.4953,15762.4765,123,20,0.373564,7,2,7,6,certificate
1091,12,12,0,3619.2887,14211.4434,120,22,0.347506,7,2,7,6,certificate
1092,15,15,0,3918.1940,15545.9699,123,25,0.414784,7,2,7,6,certificate
1093,14,14,0,3558.7727,13433.8634,134,22,0.305554,7,2,7,6,certificate
1094,16,16,0,3125.3599,12551.7996,90,21,0.183372,7,2,5,4,certificate
1095,13,13,0,3465.0517,13520.2583,116,19,0.303753,7,2,7,6,certificate
1096,15,15,0,3687.5019,14392.5097,122,23,0.273751,7,2,7,6,certificate
1097,10,10,0,3303.4264,12532.1322,125,20,0.317112,7,2,7,6,certificate
1098,14,14,0,3179.2022,12071.0111,116,22,0.308842,7,2,7,6,certificate
1099,16,16,0,3490.8059,13734.0293,111,25,0.343185,7,2,5,4,certificate
1100,12,12,0,3600.0212,13870.1060,129,19,0.348649,7,2,7,6,certificate
1101,14,14,0,3354.8365,13254.1825,106,20,0.531606,7,2,7,6,certificate
1102,14,14,0,3951.4445,15902.2227,117,24,0.582580,7,2,7,6,certificate
1103,12,12,0,3705.7884,14338.9419,130,20,0.317217,7,2,7,6,certificate
1104,11,11,0,2943.7857,10973.9284,116,20,0.286065,7,2,7,6,certificate
1105,16,16,0,3536.6746,13728.3730,119,25,0.277431,7,3,7,6,certificate
1106,13,13,0,3637.6645,14308.3223,119,24,0.288988,7,4,7,6,certificate
1107,16,16,0,4133.9268,16784.6341,117,27,0.364503,7,2,6,5,certificate
1108,16,16,0,3575.5604,13987.8019,117,25,0.360490,7,2,6,5,certificate
1109,16,16,0,4077.1486,16420.7429,119,26,0.357143,7,2,7,6,certificate
1110,11,11,0,3211.2393,12091.1967,124,23,0.371123,7,2,7,6,certificate
1111,11,11,0,3760.0382,14825.1908,124,20,0.335300,7,2,7,6,certificate
1112,13,13,0,3212.3424,12121.7119,121,21,0.288936,7,2,7,6,certificate
1113,11,11,0,3625.3996,13761.9982,136,21,0.350138,7,2,7,6,certificate
1114,12,12,0,2891.7452,10693.7260,116,20,0.317687,7,2,7,6,certificate
1115,12,12,0,3511.1697,12990.8487,143,20,0.413104,7,2,7,6,certificate
1116,16,16,0,3807.0164,15135.0818,117,24,0.304617,7,2,7,6,certificate
1117,16,16,0,3819.4098,15217.0488,116,28,0.691456,7,2,7,6,certificate
1118,11,11,0,3411.5213,12842.6063,132,17,0.306156,7,2,7,6,certificate
1119,13,13,0,3824.7302,15198.6511,121,25,0.316070,7,3,7,6,certificate
1120,11,11,0,3926.4237,15797.1187,119,19,0.344688,7,4,7,6,certificate
1121,15,15,0,3557.7926,13548.9629,130,29,0.452791,7,2,7,6,certificate
1122,13,13,0,3310.7733,12003.8664,141,22,0.438865,7,2,7,6,certificate
1123,10,10,0,3226.6650,12173.3251,124,19,0.377513,7,2,7,6,certificate
1124,12,12,0,3445.2232,13271.1159,122,22,0.371552,7,2,7,6,certificate
1125,12,12,0,3597.9579,14124.7897,119,22,0.349863,7,2,7,6,certificate
1126,11,11,0,3014.3146,10961.5732,128,19,0.334283,7,2,7,6,certificate
1127,15,15,0,3800.6793,15193.3964,115,23,0.368589,7,2,7,6,certificate
1128,16,16,0,3964.5247,15437.6234,133,25,0.347710,7,3,7,6,certificate
1129,13,13,0,3608.9145,13424.5727,144,29,0.439601,7,3,7,6,certificate
1130,16,16,0,3870.4500,15517.2502,115,25,0.326648,7,3,6,5,certificate
1131,13,13,0,3322.3925,12781.9623,117,21,0.305173,7,3,7,6,certificate
1132,13,13,0,3499.8977,13444.4887,125,23,0.451552,7,2,7,6,certificate
1133,16,16,0,3595.8145,13904.0723,123,23,0.271288,7,2,6,5,certificate
1134,11,11,0,3452.7047,13248.5236,125,20,0.338254,7,2,7,6,certificate
1135,10,10,0,2648.1545,9545.7727,115,19,0.349115,7,2,7,6,certificate
1136,14,14,0,3264.3287,12776.6435,107,21,0.374749,7,2,7,6,certificate
1137,16,16,0,3201.1288,12730.6442,96,21,0.220518,7,2,5,4,certificate
1138,16,16,0,4182.2612,17726.3061,93,24,0.428762,7,2,6,5,certificate
1139,16,16,0,3702.3222,15061.6110,102,22,0.381921,7,2,6,5,certificate
1140,15,15,0,3814.0229,15235.1146,115,25,0.292031,7,2,7,6,certificate
1141,13,13,0,3482.8966,13799.4828,110,22,0.325310,7,2,7,6,certificate
1142,11,11,0,2722.4814,9592.4068,125,19,0.331543,7,2,7,6,certificate
1143,12,12,0,3487.7804,13553.9021,120,20,0.385495,7,2,7,6,certificate
1144,11,11,0,3768.1366,14505.6831,136,23,0.433419,7,2,7,6,certificate
1145,16,16,0,3697.6457,14058.2283,135,26,0.448301,7,2,6,5,certificate
1146,12,12,0,3209.8851,12169.4255,119,19,0.310358,7,2,7,6,certificate
1147,13,13,0,3226.2746,12196.3732,121,22,0.317100,7,3,7,6,certificate
1148,13,13,0,3641.2444,14566.2220,111,20,0.295553,7,2,7,6,certificate
1149,11,11,0,3064.8962,11604.4809,115,17,0.253566,7,2,7,6,certificate
1150,14,14,0,3057.7863,11463.9314,116,24,0.408528,7,2,7,6,certificate
1151,16,16,0,3733.7545,15058.7723,108,24,0.375755,7,2,6,5,certificate
1152,11,11,0,3091.0969,11750.4845,115,21,0.646092,7,2,7,6,certificate
1153,10,10,0,3148.6695,11723.3475,126,20,0.384148,7,2,7,6,certificate
1154,12,12,0,2897.3672,10601.8361,120,20,0.419872,7,2,7,6,certificate
1155,12,12,0,3741.4128,14332.0640,136,24,0.358427,7,2,7,6,certificate
1156,10,10,0,3046.5373,11447.6867,118,20,0.470537,7,2,7,6,certificate
1157,16,16,0,3875.7195,16353.5975,88,24,0.424732,7,2,6,4,certificate
1158,13,13,0,3362.1010,13170.5052,111,23,0.374016,7,2,7,6,certificate
1159,12,12,0,3522.7455,13433.7275,130,19,0.314100,7,2,7,6,certificate
1160,10,10,0,3296.9969,12729.9843,117,18,0.291365,7,2,7,6,certificate
1161,16,16,0,3786.0008,15010.0042,118,29,0.427790,7,2,6,5,certificate
1162,10,10,0,3345.7014,12768.5068,124,19,0.354672,7,3,7,6,certificate
1163,15,15,0,3744.2036,15116.0178,108,24,0.346014,7,2,7,6,certificate
1164,14,14,0,3603.8521,14019.2607,123,24,0.370507,7,2,7,6,certificate
1165,14,14,0,3243.1261,12275.6304,120,23,0.343176,7,2,7,6,certificate
1166,11,11,0,3067.7180,11393.5899,123,20,0.330843,7,2,7,6,certificate
1167,13,13,0,3617.2615,13796.3076,134,26,0.400812,7,2,7,6,certificate
1168,15,15,0,3331.6330,12958.1652,111,21,0.225409,7,2,7,6,certificate
1169,15,15,0,3059.7360,11003.6798,131,24,0.312846,7,3,7,6,certificate
1170,10,10,0,2598.8772,9519.3858,108,18,0.399782,7,2,7,6,certificate
1171,10,10,0,3298.9907,12564.9536,123,18,0.327161,7,2,7,6,certificate
1172,13,13,0,3072.3768,11566.8838,116,22,0.306096,7,2,7,6,certificate
1173,16,16,0,3282.4923,12832.4613,106,24,0.969884,7,2,6,5,certificate
1174,11,11,0,3459.3891,13381.9456,122,20,0.347097,7,2,7,6,certificate
1175,10,10,0,3550.1647,14055.8234,115,18,0.284771,7,2,7,6,certificate
1176,14,14,0,3267.7648,12678.8239,111,23,0.361280,7,2,7,6,certificate
1177,15,15,0,3637.6464,14083.2318,125,23,0.310843,7,2,7,6,certificate
1178,16,16,0,3367.6473,13393.2363,102,21,0.289824,7,2,5,4,certificate
1179,14,14,0,3175.0924,12150.4621,113,23,0.290555,7,2,7,6,certificate
1180,10,10,0,4632.7272,19223.6361,123,19,0.341863,7,2,7,6,certificate
1181,12,12,0,3772.4547,14617.2737,132,22,0.410751,7,2,7,6,certificate
1182,11,11,0,2892.6799,10543.3997,122,19,0.458975,7,2,7,6,certificate
1183,16,16,0,4062.1651,16470.8254,115,25,0.391590,7,2,5,4,certificate
1184,11,11,0,3500.3583,13316.7916,131,23,0.710893,7,2,7,6,certificate
1185,12,12,0,3141.2220,11881.1101,118,21,0.335697,7,2,7,6,certificate
1186,10,10,0,2996.7945,10843.9723,130,18,0.366008,7,2,7,6,certificate
1187,14,14,0,3831.1322,14975.6612,128,24,0.409041,7,2,7,6,certificate
1188,14,14,0,3070.1304,11410.6518,120,22,0.323236,7,3,7,6,certificate
1189,15,15,0,3289.3053,12816.5263,109,22,0.328587,7,2,7,6,certificate
1190,10,10,0,3224.6645,12343.3226,118,17,0.261281,7,2,7,6,certificate
1191,13,13,0,3563.1996,13305.9981,140,21,0.378391,7,2,7,6,certificate
1192,10,10,0,2952.8304,11104.1519,114,17,0.289829,7,2,7,6,certificate
1193,16,16,0,3249.3379,12601.6894,109,24,0.306102,7,2,5,4,certificate
1194,16,16,0,3315.9239,13074.6194,104,25,0.291232,7,2,5,4,certificate
1195,10,10,0,3674.8851,14144.4255,133,21,0.414853,7,2,7,6,certificate
1196,13,13,0,3494.2542,13491.2708,122,23,0.355152,7,2,7,6,certificate
1197,14,14,0,3516.4295,13747.1477,117,23,0.384379,7,2,7,6,certificate
1198,15,15,0,3091.6375,11798.1875,110,21,0.920488,7,2,7,6,certificate
1199,12,12,0,3169.1541,11950.7704,120,18,0.340541,7,2,7,6,certificate
1200,13,13,0,4347.8142,17734.0710,123,22,0.316128,7,2,7,6,certificate
1201,15,15,0,3408.7046,13033.5229,122,22,0.358448,7,2,7,6,certificate
1202,16,16,0,3616.9772,13909.8861,126,23,0.281905,7,2,6,5,certificate
1203,10,10,0,3289.9728,12539.8639,123,17,0.347731,7,2,7,6,certificate
1204,16,16,0,3156.0737,11790.3687,120,25,0.774353,7,2,7,6,certificate
1205,11,11,0,2810.6926,10338.4632,115,19,0.323391,7,2,7,6,certificate
1206,12,12,0,3306.5005,12832.5025,114,19,0.287024,7,3,7,6,certificate
1207,15,15,0,3282.2875,12861.4377,106,24,0.311393,7,2,7,6,certificate
1208,16,16,0,3658.6779,14153.3897,125,23,0.247289,7,3,7,6,certificate
1209,12,12,0,3611.1943,13745.9714,135,27,0.406051,7,2,7,6,certificate
1210,10,10,0,3094.6071,11333.0355,130,20,0.319461,7,2,7,6,certificate
1211,12,12,0,3469.5649,13577.8243,116,20,0.325978,7,3,7,6,certificate
1212,16,16,0,3968.8904,16009.4522,115,27,0.329656,7,2,7,6,certificate
1213,11,11,0,2825.0863,10385.4313,116,17,0.254517,7,3,7,6,certificate
1214,11,11,0,2965.5109,10822.5546,125,19,0.382761,7,3,7,6,certificate
1215,10,10,0,3255.7990,12328.9949,124,18,0.363086,7,3,7,5,certificate
1216,14,14,0,3071.3284,11671.6420,111,22,0.591984,7,2,7,6,certificate
1217,16,16,0,3756.6769,15023.3843,113,26,0.522749,7,2,7,6,certificate
1218,12,12,0,3597.2368,14006.1840,123,23,0.384348,7,2,7,6,certificate
1219,13,13,0,3766.1299,14615.6493,131,24,0.365914,7,2,7,6,certificate
1220,14,14,0,3264.9880,12604.9400,113,22,0.365568,7,2,7,6,certificate
1221,14,14,0,3828.9190,15119.5949,123,25,0.386892,7,2,7,6,certificate
1222,16,16,0,3489.0477,14180.2387,96,21,0.202295,7,2,5,3,certificate
1223,10,10,0,3481.5285,13597.6424,119,19,0.360645,7,2,7,6,certificate
1224,14,14,0,3563.5787,14247.8936,108,26,0.386691,7,2,7,6,certificate
1225,16,16,0,4249.4569,17432.2844,114,25,0.539029,7,2,6,5,certificate
1226,14,14,0,3312.2841,12906.4206,111,24,0.297548,7,2,7,6,certificate
1227,13,13,0,4067.0257,16140.1286,129,24,0.374669,7,2,7,6,certificate
1228,14,14,0,3516.8300,13839.1499,114,23,0.295217,7,2,7,6,certificate
1229,13,13,0,3688.4035,14537.0177,120,24,0.374988,7,2,7,6,certificate
1230,14,14,0,2865.9448,10729.7238,109,23,0.463847,7,2,7,6,certificate
1231,15,15,0,3786.6522,14798.2608,126,25,0.432609,7,2,7,6,certificate
1232,11,11,0,3222.5774,12332.8871,118,20,0.386510,7,2,7,6,certificate
1233,11,11,0,3471.5406,13262.7032,128,18,0.311846,7,2,7,6,certificate
1234,13,13,0,3855.9791,14619.8953,145,20,0.330759,7,4,7,6,certificate
1235,10,10,0,3670.4798,14332.3991,126,20,0.401151,7,2,7,6,certificate
1236,14,14,0,3822.3840,15031.9199,125,23,0.332938,7,2,7,6,certificate
1237,16,16,0,3838.9519,15444.7595,112,25,0.375695,7,2,7,6,certificate
1238,13,13,0,3548.6405,14013.2027,114,21,0.314502,7,2,7,6,certificate
1239,10,10,0,3723.6334,14608.1670,126,18,0.295521,7,3,7,6,certificate
1240,14,14,0,3865.9341,15239.6704,125,23,0.311173,7,2,7,6,certificate
1241,13,13,0,3443.4363,13117.1814,126,19,0.272746,7,3,7,6,certificate
1242,11,11,0,3284.5850,12597.9249,119,18,0.445925,7,2,7,6,certificate
1243,14,14,0,3089.0468,11895.2342,107,20,0.441280,7,2,7,6,certificate
1244,12,12,0,3267.2641,12481.3203,119,21,0.369621,7,2,7,6,certificate
1245,14,14,0,3459.9231,13579.6157,113,21,0.337385,7,2,7,6,certificate
1246,10,10,0,2689.4074,9917.0368,110,20,0.359790,7,2,7,6,certificate
1247,16,16,0,3666.3208,14451.6038,117,25,0.660033,7,2,6,5,certificate
1248,10,10,0,3426.9001,12994.5003,130,17,0.290335,7,2,7,6,certificate
1249,13,13,0,3867.9431,15514.7156,117,24,0.313497,7,3,7,6,certificate
1250,10,10,0,2964.6043,10883.0217,123,17,0.295284,7,2,7,6,certificate
1251,14,14,0,3828.7113,15328.5565,116,23,0.321551,7,2,7,6,certificate
1252,13,13,0,3500.1292,13380.6462,126,22,0.294915,7,2,7,6,certificate
1253,14,14,0,3150.4492,11707.2459,124,22,0.335371,7,3,7,6,certificate
1254,15,15,0,2954.3125,11131.5627,109,23,0.424507,7,2,7,6,certificate
1255,10,10,0,3249.4602,12077.3009,131,20,0.319907,7,3,7,6,certificate
1256,12,12,0,3455.6629,13353.3143,121,20,0.360248,7,3,7,6,certificate
1257,14,14,0,3423.3333,13321.6667,115,21,0.414775,7,2,7,6,certificate
1258,10,10,0,3150.4564,11702.2821,127,17,0.335152,7,2,7,6,certificate
1259,11,11,0,3074.4907,11477.4536,121,21,0.361067,7,2,7,6,certificate
1260,14,14,0,3985.1329,16050.6647,118,25,0.374712,7,2,7,6,certificate
1261,13,13,0,4094.7071,16718.5356,115,19,0.270325,7,2,7,6,certificate
1262,11,11,0,3500.1120,13345.5601,130,23,0.389435,7,2,7,6,certificate
1263,14,14,0,3426.6334,13478.1671,111,22,0.343250,7,2,7,6,certificate
1264,14,14,0,3250.6886,12293.4432,121,22,0.383023,7,3,7,6,certificate
1265,10,10,0,3071.7156,11478.5782,121,18,0.308958,7,3,7,6,certificate
1266,14,14,0,3476.3023,13776.5117,109,22,0.381026,7,2,7,6,certificate
1267,16,16,0,3102.8714,11989.3568,104,26,0.488084,7,2,6,5,certificate
1268,15,15,0,3836.5216,14982.6079,129,24,0.379103,7,2,7,6,certificate
1269,15,15,0,3328.6715,13053.3576,108,25,0.413480,7,2,7,6,certificate
1270,12,12,0,3434.1250,13285.6251,120,22,0.340829,7,2,7,6,certificate
1271,13,13,0,4164.8002,16259.0008,142,25,0.425700,7,2,7,6,certificate
1272,10,10,0,2967.7911,10883.9556,124,21,0.385020,7,2,7,6,certificate
1273,12,12,0,3073.2559,11606.2794,116,20,0.486245,7,2,7,6,certificate
1274,10,10,0,2962.5247,10952.6236,120,20,0.436089,7,2,7,6,certificate
1275,13,13,0,3215.8386,12149.1931,121,21,0.433594,7,3,7,6,certificate
1276,14,14,0,3436.5582,13577.7911,109,24,0.521635,7,2,7,6,certificate
1277,13,13,0,3346.2577,12661.2883,126,24,0.487501,7,2,7,6,certificate
1278,10,10,0,3020.0194,11455.0971,113,18,0.491027,7,2,7,6,certificate
1279,11,11,0,2979.0122,11120.0609,117,19,0.442552,7,2,7,6,certificate
1280,16,16,0,3557.2387,13986.1933,115,27,0.442050,7,2,6,5,certificate
1281,14,14,0,3632.3271,14046.6353,126,22,0.297300,7,2,7,6,certificate
1282,16,16,0,3868.3396,15506.6982,115,25,0.576208,7,2,7,6,certificate
1283,10,10,0,3250.5577,11977.7886,135,18,0.339518,7,2,7,6,certificate
1284,10,10,0,3202.5496,12057.7480,124,19,0.379472,7,2,7,6,certificate
1285,15,15,0,3845.7152,15128.5762,124,22,0.340557,7,2,7,6,certificate
1286,13,13,0,3916.7679,15623.8393,121,21,0.320808,7,2,7,6,certificate
1287,13,13,0,4033.1784,16160.8920,123,22,0.324285,7,2,7,6,certificate
1288,16,16,0,3546.9648,13729.8240,120,23,0.313137,7,2,6,5,certificate
1289,13,13,0,3347.3539,12636.7693,126,21,0.335330,7,2,7,6,certificate
1290,12,12,0,3228.6741,12243.3707,121,25,0.412664,7,2,7,6,certificate
1291,14,14,0,3140.9272,11429.6361,131,23,0.371642,7,2,7,6,certificate
1292,11,11,0,3113.5583,11702.7916,120,22,0.371021,7,2,7,6,certificate
1293,10,10,0,3843.9627,15079.8134,130,18,0.394496,7,2,7,6,certificate
1294,10,10,0,3170.1623,11950.8117,122,19,0.389055,7,2,7,6,certificate
1295,14,14,0,3481.8831,13624.4155,115,26,0.413204,7,2,7,6,certificate
1296,14,14,0,3676.3908,14516.9542,118,21,0.327233,7,2,7,6,certificate
1297,12,12,0,3160.3322,12026.6608,116,21,0.370559,7,2,7,6,certificate
1298,14,14,0,3672.6132,14253.0660,126,24,0.336705,7,2,7,6,certificate
1299,12,12,0,3477.7314,13443.6569,122,23,0.337633,7,2,7,6,certificate
1300,16,16,0,3962.7750,15788.8752,121,27,0.325848,7,2,6,5,certificate
1301,10,10,0,3086.2981,11646.4906,118,19,0.392315,7,2,7,6,certificate
1302,13,13,0,3303.9115,12704.5575,117,22,0.328024,7,2,7,6,certificate
1303,14,14,0,3144.0060,12085.0299,110,22,0.484442,7,2,7,6,certificate
1304,13,13,0,3408.0830,13310.4149,114,23,0.355004,7,2,7,6,certificate
1305,12,12,0,3001.5628,11072.8142,122,21,0.384931,7,2,7,6,certificate
1306,14,14,0,3583.4335,13857.1676,124,23,0.374968,7,2,7,6,certificate
1307,12,12,0,2860.7571,10533.7855,116,19,0.663200,7,2,7,6,certificate
1308,14,14,0,2878.6652,10598.3258,115,21,0.365894,7,2,7,6,certificate
1309,16,16,0,3461.8539,13564.2694,113,25,0.381630,7,2,7,5,certificate
1310,10,10,0,3155.9560,11944.7800,120,20,0.348841,7,2,7,6,certificate
1311,11,11,0,2840.5575,10212.7877,124,19,0.411516,7,2,7,6,certificate
1312,11,11,0,3697.5590,14362.7952,129,21,0.368417,7,2,7,6,certificate
1313,15,15,0,3828.3666,14781.8331,134,25,0.528077,7,2,7,6,certificate
1314,15,15,0,3867.4460,15402.2298,119,23,0.367915,7,2,7,6,certificate
1315,11,11,0,3837.7237,14598.6186,144,20,0.378033,7,2,7,6,certificate
1316,12,12,0,3485.5142,13537.5711,120,21,0.349605,7,2,7,6,certificate
1317,16,16,0,3531.3216,14086.6078,106,22,0.416826,7,2,5,4,certificate
1318,14,14,0,3827.4470,15252.2349,118,21,0.305726,7,2,7,6,certificate
1319,13,13,0,3171.3387,12306.6933,108,20,0.317105,7,2,7,6,certificate
1320,11,11,0,3367.0916,12925.4581,122,20,0.307832,7,2,7,6,certificate
1321,14,14,0,3379.0182,13400.0909,105,24,0.433256,7,2,7,6,certificate
1322,13,13,0,3685.3242,14336.6211,126,24,0.368855,7,2,7,6,certificate
1323,15,15,0,3699.8038,14264.0192,129,25,0.354012,7,2,7,6,certificate
1324,16,16,0,3985.5116,16087.5580,115,26,0.351699,7,3,6,5,certificate
1325,14,14,0,3361.3549,13251.7744,107,23,0.415213,7,2,7,6,certificate
1326,10,10,0,3158.7357,11748.6785,127,19,0.336948,7,2,7,6,certificate
1327,16,16,0,3570.2010,14151.0050,111,24,0.393266,7,2,6,5,certificate
1328,11,11,0,3457.5312,13557.6559,116,19,0.318169,7,2,7,6,certificate
1329,11,11,0,3633.0156,14445.0779,115,21,0.301969,7,2,7,6,certificate
1330,12,12,0,3927.1261,15765.6306,120,22,0.358530,7,2,7,6,certificate
1331,11,11,0,3490.3350,13081.6751,137,21,0.402993,7,2,7,6,certificate
1332,13,13,0,3136.5814,11622.9068,125,24,0.492223,7,2,7,6,certificate
1333,13,13,0,3450.2047,13311.0235,121,21,0.382512,7,2,7,6,certificate
1334,14,14,0,3505.5920,13717.9599,116,23,0.320730,7,2,7,6,certificate
1335,10,10,0,3287.9118,12514.5592,123,17,0.322910,7,2,7,6,certificate
1336,16,16,0,4032.8446,16294.2230,117,25,0.347347,7,2,6,5,certificate
1337,15,15,0,4160.5173,16462.5865,133,25,0.348865,7,2,7,6,certificate
1338,10,10,0,3355.3091,13156.5454,113,23,0.338669,7,2,7,6,certificate
1339,11,11,0,3316.5378,12717.6892,120,20,0.405322,7,2,7,6,certificate
1340,14,14,0,3265.9810,12494.9050,117,23,0.326353,7,2,7,6,certificate
1341,13,13,0,3699.6287,14223.1433,132,21,0.332030,7,4,7,6,certificate
1342,11,11,0,3695.9831,14549.9156,122,20,0.285364,7,2,7,6,certificate
1343,16,16,0,3612.8205,14324.1027,112,24,0.288462,7,2,6,5,certificate
1344,10,10,0,3515.5581,13702.7903,121,18,0.533100,7,2,7,6,certificate
1345,14,14,0,3648.9156,14144.5778,125,23,0.381521,7,2,7,6,certificate
1346,11,11,0,3046.8276,11674.1382,110,18,0.324613,7,3,7,6,certificate
1347,10,10,0,2815.2222,10211.1108,121,19,0.360890,7,2,7,6,certificate
1348,14,14,0,4003.3903,16096.9514,120,24,0.477027,7,2,7,6,certificate
1349,15,15,0,3464.5036,13682.5178,109,24,0.331079,7,3,7,6,certificate
1350,13,13,0,3600.0044,14070.0222,121,23,0.404710,7,3,7,6,certificate
1351,11,11,0,3266.9656,12289.8279,126,18,0.334468,7,2,7,6,certificate
1352,13,13,0,3949.4022,15512.0111,130,25,0.395879,7,2,7,6,certificate
1353,16,16,0,2930.7889,11133.9445,104,22,0.362083,7,2,5,4,certificate
1354,16,16,0,3887.9463,15534.7315,117,27,0.416108,7,2,7,6,certificate
1355,13,13,0,3366.4142,13162.0711,112,22,0.356928,7,2,7,6,certificate
1356,12,12,0,3258.0795,12410.3973,120,18,0.300306,7,3,7,6,certificate
1357,14,14,0,3359.4323,12572.1617,130,26,0.477410,7,2,7,6,certificate
1358,10,10,0,3171.1608,11900.8042,124,19,0.403225,7,2,7,6,certificate
1359,14,14,0,3200.4131,12212.0654,115,24,0.415818,7,2,7,6,certificate
1360,11,11,0,2959.7254,10813.6272,124,21,0.373022,7,2,7,6,certificate
1361,16,16,0,3366.1197,13050.5985,113,24,0.330735,7,2,7,6,certificate
1362,15,15,0,3877.4948,15442.4742,120,21,0.291069,7,2,7,6,certificate
1363,13,13,0,3651.7129,14388.5645,119,21,0.319215,7,2,7,6,certificate
1364,13,13,0,3027.6284,11558.1420,109,21,0.876527,7,2,7,6,certificate
1365,14,14,0,3220.2596,12271.2978,117,25,0.459754,7,2,7,6,certificate
1366,14,14,0,3475.7619,13573.8095,115,23,0.435426,7,2,7,6,certificate
1367,15,15,0,3691.6169,14393.0844,124,29,0.467033,7,2,7,6,certificate
1368,15,15,0,3480.2811,13496.4057,118,26,0.330065,7,2,7,6,certificate
1369,11,11,0,3472.5330,13127.6652,132,19,0.365140,7,2,7,6,certificate
1370,16,16,0,3275.6912,12783.4562,107,23,0.687392,7,2,6,5,certificate
1371,14,14,0,3876.1522,15520.7611,118,24,0.376731,7,2,7,6,certificate
1372,16,16,0,3119.8587,12119.2936,103,24,0.265887,7,2,6,5,certificate
1373,16,16,0,4058.0629,16130.3146,126,28,0.356302,7,2,7,6,certificate
1374,12,12,0,3539.8575,13664.2877,125,21,0.353412,7,2,7,6,certificate
1375,11,11,0,3083.8274,11194.1371,132,18,0.311800,7,4,7,6,certificate
1376,11,11,0,3228.8900,12334.4499,118,21,0.416364,7,2,7,6,certificate
1377,13,13,0,3828.4290,15042.1449,126,24,0.688472,7,2,7,6,certificate
1378,16,16,0,3457.2572,13266.2858,121,26,0.365390,7,2,6,5,certificate
1379,10,10,0,3092.5526,11717.7631,117,18,0.465595,7,2,7,6,certificate
1380,10,10,0,3137.7952,11703.9760,125,17,0.413238,7,2,7,6,certificate
1381,15,15,0,3817.7789,15333.8944,113,23,0.397134,7,2,7,6,certificate
1382,14,14,0,3570.1224,13800.6121,124,27,0.419469,7,2,7,6,certificate
1383,15,15,0,3486.4977,13432.4885,121,23,0.339098,7,2,7,6,certificate
1384,16,16,0,3472.5800,13092.8998,130,29,0.464649,7,2,7,6,certificate
1385,12,12,0,3016.1687,11105.8436,123,22,0.331766,7,2,7,6,certificate
1386,15,15,0,3154.1317,12130.6584,109,24,0.521759,7,2,7,6,certificate
1387,14,14,0,4088.6578,16058.2891,135,24,0.373061,7,3,7,6,certificate
1388,11,11,0,3138.0413,11825.2067,120,21,0.349998,7,3,7,6,certificate
1389,16,16,0,3727.1987,14650.9934,120,26,0.348232,7,2,7,6,certificate
1390,11,11,0,3111.8736,11574.3681,124,23,0.330408,7,2,7,6,certificate
1391,14,14,0,3258.3230,12261.6148,123,23,0.418087,7,2,7,6,certificate
1392,13,13,0,3567.9924,13794.9618,125,24,0.364766,7,2,7,6,certificate
1393,11,11,0,3262.0085,12570.0426,116,18,0.358183,7,2,7,6,certificate
1394,16,16,0,3910.7834,15753.9170,114,27,0.412807,7,2,7,6,certificate
1395,13,13,0,3733.9765,14669.8826,123,22,0.382938,7,2,7,6,certificate
1396,15,15,0,3309.7458,12558.7291,121,25,0.421652,7,2,7,6,certificate
1397,16,16,0,4251.2129,16556.0643,145,43,0.575311,7,2,7,6,certificate
1398,11,11,0,3330.7336,12683.6678,124,21,0.433533,7,2,7,6,certificate
1399,12,12,0,2952.8366,10999.1832,116,22,0.347227,7,2,7,6,certificate
1400,12,12,0,3173.8311,12124.1554,115,19,0.267385,7,2,7,6,certificate
1401,12,12,0,3618.5870,14292.9349,117,20,0.348769,7,2,7,6,certificate
1402,11,11,0,3290.3274,12341.6370,129,20,0.338409,7,2,7,6,certificate
1403,11,11,0,3082.3110,11631.5551,117,18,0.280659,7,3,7,6,certificate
1404,15,15,0,3674.4768,14532.3841,116,25,0.376580,7,2,7,6,certificate
1405,10,10,0,2642.3141,9521.5704,115,16,0.267191,7,2,7,6,certificate
1406,10,10,0,3147.0195,11840.0974,122,20,0.321277,7,2,7,6,certificate
1407,12,12,0,2561.0192,9095.0961,114,18,0.303131,7,2,7,6,certificate
1408,14,14,0,3813.0229,15300.1146,114,22,0.368773,7,2,7,6,certificate
1409,15,15,0,3367.9959,12839.9793,121,25,0.380299,7,2,7,6,certificate
1410,16,16,0,4139.3316,16831.6579,116,26,0.399568,7,2,6,5,certificate
1411,16,16,0,2946.3990,10926.9949,113,22,0.352841,7,2,6,5,certificate
1412,11,11,0,3665.9661,14499.8304,119,21,0.427423,7,2,7,6,certificate
1413,11,11,0,3266.2379,12796.1893,109,20,0.441043,7,2,7,6,certificate
1414,13,13,0,3731.5045,14292.5224,134,21,0.424457,7,2,7,6,certificate
1415,15,15,0,3561.6960,13948.4802,116,24,0.446603,7,2,7,6,certificate
1416,12,12,0,3064.2580,11491.2901,118,19,0.378874,7,2,7,6,certificate
1417,10,10,0,3550.0655,13920.3275,120,17,0.355032,7,2,7,6,certificate
1418,15,15,0,3352.6055,13013.0275,113,23,0.382337,7,2,7,6,certificate
1419,14,14,0,3125.2190,12121.0950,106,23,0.438476,7,2,7,6,certificate
1420,14,14,0,3349.8025,12874.0123,118,23,0.362958,7,2,7,6,certificate
1421,11,11,0,3517.4028,13777.0138,118,17,0.266994,7,2,7,6,certificate
1422,16,16,0,4001.0665,15765.3325,128,24,0.416524,7,2,7,6,certificate
1423,14,14,0,3192.1899,12330.9495,110,21,0.354540,7,2,7,6,certificate
1424,12,12,0,3444.1378,13240.6890,123,21,0.369099,7,2,7,6,certificate
1425,14,14,0,3717.6940,14368.4702,130,27,0.402467,7,2,7,6,certificate
1426,16,16,0,3611.3219,14366.6093,110,25,0.358539,7,2,7,6,certificate
1427,15,15,0,4849.0719,20275.3597,120,26,0.319827,7,3,7,6,certificate
1428,11,11,0,3118.0873,11930.4367,113,20,0.307370,7,3,7,6,certificate
1429,10,10,0,3319.2725,12741.3624,121,20,0.362250,7,2,7,6,certificate
1430,16,16,0,3734.6524,14563.2619,124,27,0.353671,7,2,7,6,certificate
1431,15,15,0,3027.5569,11277.7844,118,22,0.381313,7,2,7,6,certificate
1432,14,14,0,3751.9663,13854.8314,155,25,0.376301,7,3,7,6,certificate
1433,12,12,0,3233.9109,12119.5545,126,19,0.320027,7,2,7,6,certificate
1434,15,15,0,3266.3891,12641.9456,111,24,0.371859,7,2,7,6,certificate
1435,11,11,0,2944.9811,10964.9056,117,19,0.336115,7,2,7,6,certificate
1436,10,10,0,3430.6909,13403.4546,117,18,0.292719,7,2,7,6,certificate
1437,11,11,0,3442.8713,13409.3563,118,19,0.344845,7,3,7,6,certificate
1438,10,10,0,3501.0118,13390.0589,129,19,0.376644,7,2,7,6,certificate
1439,16,16,0,3695.8523,13814.2617,142,26,0.482409,7,2,7,6,certificate
1440,13,13,0,3664.9343,14559.6715,115,20,0.359843,7,2,7,6,certificate
1441,15,15,0,3369.1209,13330.6046,105,23,0.293640,7,3,7,6,certificate
1442,10,10,0,2973.6923,11213.4613,114,18,0.363639,7,2,7,6,certificate
1443,13,13,0,3348.5497,12642.7486,126,20,0.391316,7,2,7,6,certificate
1444,11,11,0,3267.7346,12758.6729,111,20,0.356550,7,2,7,6,certificate
1445,14,14,0,3216.2124,12351.0618,113,24,0.484607,7,2,7,6,certificate
1446,13,13,0,3127.1880,11995.9398,111,21,0.765145,7,2,7,6,certificate
1447,14,14,0,3169.6153,12068.0763,115,21,0.375317,7,2,7,6,certificate
1448,14,14,0,3597.5721,14332.8604,111,24,0.378463,7,2,7,6,certificate
1449,13,13,0,2993.2246,11346.1230,110,22,0.379865,7,2,7,6,certificate
1450,12,12,0,3322.1111,12935.5553,113,19,0.400630,7,2,7,6,certificate
1451,11,11,0,3188.2649,12201.3245,116,18,0.270327,7,2,7,6,certificate
1452,13,13,0,3315.3712,12276.8560,133,22,0.417826,7,2,7,6,certificate
1453,16,16,0,3709.4479,15012.2396,105,25,0.329967,7,2,6,5,certificate
1454,10,10,0,2988.6159,10858.0796,128,17,0.315977,7,2,7,6,certificate
1455,10,10,0,3358.6005,12728.0025,127,18,0.366295,7,2,7,6,certificate
1456,15,15,0,3592.9847,14239.9234,112,22,0.332822,7,2,7,6,certificate
1457,13,13,0,3429.8593,13444.2967,113,22,0.411196,7,2,7,5,certificate
1458,16,16,0,3720.8149,14694.0747,118,25,0.308116,7,2,7,6,certificate
1459,12,12,0,3239.3581,12356.7906,119,21,0.378128,7,2,7,6,certificate
1460,14,14,0,3447.6632,13073.3161,128,25,0.385030,7,3,7,6,certificate
1461,16,16,0,2823.0348,10965.1741,92,21,0.480895,7,2,5,4,certificate
1462,15,15,0,3787.1259,15040.6297,118,27,0.411958,7,2,7,6,certificate
1463,14,14,0,3586.2084,13696.0422,130,23,0.353925,7,2,7,6,certificate
1464,16,16,0,3252.7266,12613.6328,109,23,0.537145,7,2,6,5,certificate
1465,11,11,0,3021.7990,11178.9950,122,18,0.379921,7,2,7,6,certificate
1466,14,14,0,3234.7947,12413.9735,114,22,0.335190,7,2,7,6,certificate
1467,16,16,0,3537.4430,13647.2150,122,23,0.457197,7,2,6,5,certificate
1468,16,16,0,3789.7744,15203.8721,112,24,0.293326,7,3,6,5,certificate
1469,11,11,0,3518.2125,13391.0626,131,19,0.313713,7,2,7,6,certificate
1470,16,16,0,2704.8041,10374.0206,92,21,0.304167,7,2,4,3,certificate
1471,15,15,0,3321.8415,12764.2077,116,26,0.345162,7,2,7,6,certificate
1472,16,16,0,3666.9380,14824.6900,104,25,0.391942,7,2,7,6,certificate
1473,14,14,0,2932.3664,10656.8318,123,24,0.325532,7,2,7,6,certificate
1474,15,15,0,3593.4731,13927.3653,123,22,0.766335,7,2,7,6,certificate
1475,16,16,0,3940.5652,15457.8261,128,26,0.432460,7,2,7,6,certificate
1476,10,10,0,3481.6906,13368.4531,127,19,0.336201,7,3,7,6,certificate
1477,12,12,0,3443.6540,13293.2702,121,21,0.373432,7,3,7,6,certificate
1478,11,11,0,3024.5719,10972.8594,129,18,0.265916,7,2,7,6,certificate
1479,15,15,0,3398.0877,13350.4383,109,26,0.340280,7,2,7,6,certificate
1480,10,10,0,3017.0024,11130.0120,124,19,0.306143,7,3,7,6,certificate
1481,12,12,0,3254.0385,12790.1923,107,20,0.351822,7,2,7,6,certificate
1482,12,12,0,3360.4547,12757.2733,125,20,0.255560,7,2,7,6,certificate
1483,14,14,0,3163.6759,12033.3795,115,23,0.441069,7,2,7,6,certificate
1484,10,10,0,3193.7500,11653.7498,135,16,0.261231,7,2,7,6,certificate
1485,16,16,0,3647.6923,14588.4617,109,23,0.373092,7,2,7,6,certificate
1486,10,10,0,3443.7595,13103.7977,129,17,0.269540,7,2,7,6,certificate
1487,12,12,0,3522.0130,13600.0651,124,20,0.348112,7,2,7,6,certificate
1488,16,16,0,3621.5507,14182.7537,118,26,0.321645,7,2,5,4,certificate
1489,12,12,0,3562.8286,13814.1431,123,22,0.328259,7,2,7,6,certificate
1490,14,14,0,3189.1409,11920.7046,123,22,0.300509,7,2,7,6,certificate
1491,12,12,0,3460.9043,13509.5216,117,19,0.277250,7,2,7,6,certificate
1492,10,10,0,3318.5199,12812.5994,118,18,0.307926,7,2,7,6,certificate
1493,11,11,0,2809.4482,10312.2410,115,18,0.322946,7,2,7,6,certificate
1494,12,12,0,4034.5802,16247.9009,121,20,0.343588,7,2,7,6,certificate
1495,14,14,0,3142.4364,12037.1821,111,24,0.328634,7,2,7,6,certificate
1496,16,16,0,3833.6842,15413.4212,112,25,0.340269,7,2,7,6,certificate
1497,10,10,0,2864.4500,10687.2501,113,17,0.425064,7,2,7,6,certificate
1498,14,14,0,3528.3330,13791.6652,117,23,0.369827,7,2,7,6,certificate
1499,12,12,0,3550.0150,13955.0751,117,22,0.334831,7,2,7,6,certificate
1500,10,10,0,2822.7109,10148.5543,124,17,0.293381,7,2,7,6,certificate
1501,14,14,0,3428.5053,13167.5267,121,23,0.293928,7,3,7,6,certificate
1502,14,14,0,3053.1687,11505.8437,114,22,0.425168,7,2,7,6,certificate
1503,10,10,0,2797.4085,9982.0426,126,21,0.436182,7,2,7,6,certificate
1504,16,16,0,4408.3978,18266.9891,113,25,0.313049,7,2,7,6,certificate
1505,10,10,0,2991.9846,11009.9230,124,21,0.363385,7,2,7,6,certificate
1506,15,15,0,3153.8364,12259.1820,105,28,0.451774,7,2,7,6,certificate
1507,14,14,0,3665.1485,14335.7424,122,25,0.419566,7,2,7,6,certificate
1508,10,10,0,3117.6542,11698.2711,122,18,0.331044,7,3,7,6,certificate
1509,10,10,0,3542.9134,13749.5669,124,20,0.328612,7,2,7,6,certificate
1510,10,10,0,3321.6332,12588.1658,126,18,0.338812,7,3,7,6,certificate
1511,13,13,0,3167.3493,12131.7466,113,23,0.352973,7,2,7,6,certificate
1512,12,12,0,3889.0792,15210.3959,132,21,0.399687,7,2,7,6,certificate
1513,10,10,0,2993.5801,11017.9005,123,18,0.363727,7,2,7,6,certificate
1514,15,15,0,3909.4679,15882.3395,111,26,0.298467,7,2,7,6,certificate
1515,16,16,0,3665.5279,14697.6394,108,24,0.366154,7,2,7,6,certificate
1516,14,14,0,3590.6138,14088.0691,118,24,0.319047,7,2,7,6,certificate
1517,13,13,0,4107.9679,16479.8395,125,22,0.298256,7,3,7,6,certificate
1518,12,12,0,2960.2954,11296.4772,107,20,0.285102,7,2,7,6,certificate
1519,12,12,0,3903.6024,15653.0119,119,22,0.382230,7,2,7,6,certificate
1520,11,11,0,3160.9405,12339.7023,107,19,0.320931,7,2,7,6,certificate
1521,15,15,0,3228.6457,12513.2286,109,25,0.388545,7,2,7,6,certificate
1522,10,10,0,3744.3500,14936.7498,118,18,0.318324,7,3,7,6,certificate
1523,11,11,0,3437.7228,12973.6142,132,18,0.290607,7,2,7,6,certificate
1524,15,15,0,3395.2551,12851.2756,126,24,0.362280,7,2,7,6,certificate
1525,11,11,0,3365.7025,13053.5124,117,19,0.305398,7,2,7,6,certificate
1526,13,13,0,3366.9740,12694.8698,128,22,0.389974,7,2,7,6,certificate
1527,14,14,0,3382.1539,13215.7696,112,22,0.322297,7,2,7,6,certificate
1528,15,15,0,2915.5933,10817.9667,113,24,0.393809,7,2,7,5,certificate
1529,15,15,0,3265.6494,12188.2470,126,24,0.355651,7,2,7,6,certificate
1530,10,10,0,2698.9272,9894.6359,112,18,0.332875,7,2,7,6,certificate
1531,10,10,0,3072.6988,11583.4938,118,19,0.301349,7,2,7,6,certificate
1532,10,10,0,3493.7743,13653.8713,119,17,0.328532,7,2,7,6,certificate
1533,16,16,0,3651.2714,14361.3569,117,25,0.303724,7,2,6,5,certificate
1534,14,14,0,3570.0245,14110.1226,114,24,0.316323,7,2,7,6,certificate
1535,10,10,0,3676.7567,14338.7833,127,18,0.303761,7,2,7,6,certificate
1536,12,12,0,3343.4485,12322.2427,137,21,0.332774,7,2,7,6,certificate
1537,14,14,0,4147.2976,16496.4879,130,24,0.332863,7,2,7,5,certificate
1538,15,15,0,3287.7674,12893.8370,106,22,0.325264,7,2,7,6,certificate
1539,10,10,0,3463.9920,13389.9602,123,18,0.305896,7,2,7,6,certificate
1540,10,10,0,3103.2778,11856.3890,114,17,0.330573,7,2,7,6,certificate
1541,13,13,0,3078.6623,11513.3115,119,22,0.400569,7,2,7,6,certificate
1542,14,14,0,3818.1374,14845.6868,130,25,0.440556,7,2,7,6,certificate
1543,16,16,0,3489.8996,13579.4982,116,26,0.452186,7,2,7,6,certificate
1544,12,12,0,3698.2127,14416.0634,126,24,0.376089,7,2,7,6,certificate
1545,10,10,0,2902.9628,10669.8140,120,18,0.310736,7,2,7,6,certificate
1546,11,11,0,3079.9734,11414.8668,124,20,0.416016,7,2,7,6,certificate
1547,11,11,0,3395.7769,13008.8843,124,20,0.311709,7,2,7,6,certificate
1548,11,11,0,3088.6465,11793.2324,113,20,0.361070,7,2,7,6,certificate
1549,10,10,0,3189.5703,11862.8514,128,17,0.283592,7,2,7,6,certificate
1550,14,14,0,3582.2786,14271.3929,110,23,0.438977,7,2,7,6,certificate
1551,16,16,0,3462.6295,13773.1476,105,23,0.253268,7,2,6,5,certificate
1552,13,13,0,3683.8905,14419.4523,123,23,0.327916,7,2,7,6,certificate
1553,10,10,0,3015.2918,11426.4591,114,18,0.355158,7,2,7,6,certificate
1554,16,16,0,3550.1386,13975.6930,113,27,0.357160,7,2,6,5,certificate
1555,13,13,0,3450.8791,13139.3956,126,21,0.293674,7,2,7,6,certificate
1556,16,16,0,4376.6498,18253.2490,108,26,0.335038,7,2,6,5,certificate
1557,13,13,0,3285.1049,12570.5247,118,22,0.327909,7,2,7,6,certificate
1558,13,13,0,3664.9323,14284.6613,124,22,0.413638,7,2,7,6,certificate
1559,10,10,0,2777.5687,10137.8434,117,18,0.355061,7,2,7,6,certificate
1560,14,14,0,3088.5431,11457.7154,122,23,0.377506,7,2,7,6,certificate
1561,13,13,0,3266.4468,12742.2338,109,22,0.300010,7,2,7,6,certificate
1562,15,15,0,3273.9666,12354.8328,122,23,0.287311,7,2,7,6,certificate
1563,10,10,0,3232.7026,12388.5130,118,19,0.328058,7,2,7,6,certificate
1564,11,11,0,2730.9293,9964.6465,114,18,0.273998,7,2,7,6,certificate
1565,11,11,0,3214.8164,12369.0821,115,19,0.344562,7,2,7,6,certificate
1566,16,16,0,3886.6976,15263.4882,126,26,0.359967,7,2,7,6,certificate
1567,10,10,0,2667.9580,9174.7900,131,20,0.377099,7,2,7,6,certificate
1568,12,12,0,3508.2175,13771.0877,116,22,0.301144,7,2,7,6,certificate
1569,10,10,0,2800.4781,10377.3903,113,19,0.345991,7,2,7,6,certificate
1570,15,15,0,3694.1064,14865.5322,108,23,0.384797,7,2,7,6,certificate
1571,12,12,0,2837.5370,10357.6852,118,19,0.357436,7,3,7,6,certificate
1572,12,12,0,3377.1531,12540.7657,135,21,0.342057,7,2,7,6,certificate
1573,15,15,0,3296.4377,12222.1887,129,22,0.503483,7,2,7,6,certificate
1574,10,10,0,3212.4215,12162.1073,122,20,0.306591,7,2,7,6,certificate
1575,14,14,0,3632.8420,14084.2101,124,21,0.385913,7,3,7,6,certificate
1576,15,15,0,3773.9597,15144.7986,113,24,0.476033,7,2,7,6,certificate
1577,10,10,0,3147.8290,11834.1448,122,19,0.370619,7,3,7,6,certificate
1578,15,15,0,3766.3023,14996.5114,116,24,0.360072,7,3,7,6,certificate
1579,11,11,0,3570.5545,13932.7724,122,19,0.347870,7,3,7,6,certificate
1580,12,12,0,3555.3602,13791.8009,123,24,0.440473,7,2,7,6,certificate
1581,13,13,0,3760.4648,14687.3239,127,24,0.394247,7,2,7,6,certificate
1582,16,16,0,3589.0538,14210.2691,112,24,0.533655,7,2,7,6,certificate
1583,11,11,0,3189.5251,12017.6253,122,20,0.351987,7,2,7,6,certificate
1584,16,16,0,3207.1717,13070.8586,86,23,0.337959,7,2,4,3,certificate
1585,16,16,0,4035.0390,16460.1949,111,27,0.337786,7,2,6,5,certificate
1586,16,16,0,3885.4329,14977.1645,136,27,0.360859,7,2,7,6,certificate
1587,12,12,0,2990.9547,11074.7735,120,21,0.325539,7,2,7,6,certificate
1588,14,14,0,3013.7109,11408.5546,111,22,0.369936,7,2,7,6,certificate
1589,12,12,0,3311.0210,12800.1049,116,19,0.288610,7,2,7,6,certificate
1590,10,10,0,2628.3521,9476.7603,114,17,0.283115,7,2,7,6,certificate
1591,12,12,0,3263.2067,12376.0334,122,19,0.314063,7,2,7,6,certificate
1592,15,15,0,3481.8933,13724.4665,111,25,0.429924,7,2,7,6,certificate
1593,16,16,0,3629.4918,14277.4591,116,28,0.428024,7,2,7,6,certificate
1594,15,15,0,3658.1132,14365.5661,119,27,0.411338,7,2,7,6,certificate
1595,16,16,0,3375.0703,13275.3516,107,28,0.343050,7,2,5,4,certificate
1596,10,10,0,3175.8656,11949.3281,123,21,0.378563,7,3,7,6,certificate
1597,10,10,0,3360.9371,12764.6855,127,23,0.388840,7,2,7,6,certificate
1598,15,15,0,3571.3122,13986.5609,117,24,0.319102,7,2,7,6,certificate
1599,14,14,0,3763.6622,14773.3108,124,24,0.435036,7,2,7,6,certificate
1600,15,15,0,3387.9753,12979.8766,120,25,0.358408,7,2,7,6,certificate
1601,11,11,0,3150.6435,11768.2177,124,22,0.352287,7,2,7,6,certificate
1602,14,14,0,3907.8048,14559.0240,155,33,0.934773,7,2,7,6,certificate
1603,13,13,0,3435.6274,13238.1369,121,21,0.329954,7,2,7,6,certificate
1604,15,15,0,3668.0273,14410.1367,119,25,0.805124,7,2,7,5,certificate
1605,13,13,0,3499.0584,13820.2921,112,21,0.364925,7,2,7,6,certificate
1606,10,10,0,3519.0300,13525.1498,128,20,0.346686,7,2,7,6,certificate
1607,15,15,0,2996.4042,11527.0211,103,24,0.648634,7,2,7,6,certificate
1608,16,16,0,3029.5500,11487.7501,109,25,0.437060,7,2,7,6,certificate
1609,16,16,0,3666.0557,14075.2787,129,27,0.431011,7,2,7,6,certificate
1610,14,14,0,3583.2679,13996.3395,120,22,0.390633,7,3,7,6,certificate
1611,13,13,0,3799.7616,14068.8081,154,24,0.507023,7,3,7,6,certificate
1612,12,12,0,3132.5466,12307.7331,102,20,0.354279,7,2,7,6,certificate
1613,15,15,0,3578.2426,13881.2129,122,26,0.293939,7,2,7,6,certificate
1614,16,16,0,3802.5644,15427.8221,107,26,0.316286,7,2,5,4,certificate
1615,14,14,0,3609.6255,14213.1275,116,23,0.323405,7,3,7,6,certificate
1616,10,10,0,3053.1072,11510.5359,117,18,0.337588,7,2,7,6,certificate
1617,11,11,0,2766.1488,10085.7438,116,19,0.352195,7,2,7,6,certificate
1618,13,13,0,3188.4276,12057.1380,119,22,0.340655,7,2,7,6,certificate
1619,11,11,0,3442.5094,13567.5468,113,21,0.312694,7,2,7,6,certificate
1620,13,13,0,3902.2189,15236.0944,133,23,0.337607,7,3,7,6,certificate
1621,10,10,0,3265.4730,12547.3650,118,18,0.324606,7,2,7,6,certificate
1622,16,16,0,3307.3417,12896.7084,108,24,0.381944,7,2,6,5,certificate
1623,15,15,0,3525.2805,12836.4025,148,29,0.359886,7,2,7,6,certificate
1624,13,13,0,3149.3795,12166.8976,109,22,0.311193,7,2,7,6,certificate
1625,16,16,0,3406.9608,13224.8040,114,26,0.264165,7,2,6,5,certificate
1626,15,15,0,3707.1230,14225.6150,131,26,1.330552,7,2,7,6,certificate
1627,16,16,0,3507.3600,14021.7998,104,28,0.323792,7,2,6,5,certificate
1628,10,10,0,3536.2276,13541.1380,130,19,0.321737,7,2,7,6,certificate
1629,10,10,0,3329.5684,12687.8418,124,22,0.336086,7,2,7,6,certificate
1630,14,14,0,3657.1207,13270.6035,156,25,0.485926,7,2,7,6,certificate
1631,15,15,0,3358.5903,13082.9513,112,21,0.311790,7,2,7,6,certificate
1632,15,15,0,3750.1381,14945.6903,115,26,0.361628,7,2,7,6,certificate
1633,16,16,0,2941.6933,11138.4666,106,23,0.342117,7,2,5,4,certificate
1634,16,16,0,3841.9794,15459.8968,113,24,0.788581,7,2,6,5,certificate
1635,16,16,0,3615.6659,14133.3297,119,26,0.315301,7,2,7,6,certificate
1636,11,11,0,3298.9209,12669.6043,119,18,0.316355,7,2,7,6,certificate
1637,14,14,0,3443.8270,13364.1349,117,21,0.316301,7,3,7,6,certificate
1638,10,10,0,3027.8169,11454.0846,115,17,0.258939,7,2,7,6,certificate
1639,12,12,0,3644.8108,14214.0541,124,24,0.530131,7,2,7,6,certificate
1640,14,14,0,3331.1526,12635.7631,123,23,0.343523,7,2,7,6,certificate
1641,16,16,0,3536.4985,14252.4925,102,26,0.480270,7,2,5,4,certificate
1642,16,16,0,3000.2071,11336.0357,109,24,0.362486,7,2,6,5,certificate
1643,12,12,0,4199.1059,16460.5295,142,24,0.406477,7,2,7,6,certificate
1644,10,10,0,3121.5385,11677.6924,123,20,0.363126,7,2,7,6,certificate
1645,16,16,0,3598.1175,14305.5874,110,26,0.722231,7,2,7,6,certificate
1646,13,13,0,3690.4690,14567.3451,119,21,0.414955,7,2,7,6,certificate
1647,10,10,0,3577.8568,14024.2841,121,17,0.280202,7,2,7,6,certificate
1648,11,11,0,3401.8386,13474.1931,109,19,0.275839,7,2,7,6,certificate
1649,11,11,0,3033.5309,11037.6545,129,21,0.330283,7,2,7,6,certificate
1650,11,11,0,3036.3174,11006.5868,130,18,0.260340,7,2,7,6,certificate
1651,12,12,0,3016.5446,10927.7230,129,19,0.324674,7,2,7,6,certificate
1652,11,11,0,3418.7937,13138.9684,123,22,0.345908,7,2,7,6,certificate
1653,13,13,0,3617.8563,14654.2815,104,20,0.296259,7,2,7,6,certificate
1654,16,16,0,4034.7957,16328.9785,115,25,0.256183,7,2,6,5,certificate
1655,13,13,0,3165.3672,12091.8358,114,19,0.300643,7,2,7,6,certificate
1656,16,16,0,3246.9991,12874.9957,99,24,0.277386,7,2,5,4,certificate
1657,13,13,0,3401.9701,13364.8506,111,24,0.408912,7,2,7,6,certificate
1658,10,10,0,3239.7041,12048.5207,130,18,0.264079,7,2,7,6,certificate
1659,14,14,0,3292.5935,12557.9677,119,23,0.331246,7,2,7,6,certificate
1660,13,13,0,3156.0297,11990.1484,116,21,0.348453,7,2,7,6,certificate
1661,15,15,0,3304.4769,12557.3843,121,25,0.564251,7,2,7,6,certificate
1662,13,13,0,3822.8268,15349.1338,115,23,0.371692,7,2,7,6,certificate
1663,13,13,0,3808.3799,15396.8994,111,23,0.364757,7,2,7,6,certificate
1664,14,14,0,3892.1403,15295.7016,127,25,0.385459,7,3,7,6,certificate
1665,15,15,0,3467.1335,13730.6677,108,25,0.598265,7,2,7,6,certificate
1666,13,13,0,3665.9894,14344.9470,123,25,0.381621,7,2,7,6,certificate
1667,13,13,0,3407.2624,12701.3118,134,25,0.301712,7,2,7,6,certificate
1668,14,14,0,3926.4679,15417.3393,129,22,0.283743,7,3,7,6,certificate
1669,11,11,0,3343.2152,12791.0760,122,20,0.341952,7,2,7,6,certificate
1670,11,11,0,3255.3166,12531.5831,116,22,0.366253,7,2,7,6,certificate
1671,13,13,0,3264.2352,12341.1762,122,22,0.489189,7,2,7,6,certificate
1672,12,12,0,3284.1489,12500.7447,121,22,0.634512,7,2,7,6,certificate
1673,15,15,0,4157.3475,16856.7377,119,24,0.295219,7,3,7,6,certificate
1674,15,15,0,3603.5948,14317.9742,111,25,0.419189,7,2,7,6,certificate
1675,14,14,0,3615.5506,14522.7530,108,24,0.720675,7,2,7,6,certificate
1676,15,15,0,3817.6102,14553.0510,139,24,0.381057,7,2,7,6,certificate
1677,14,14,0,3125.5868,11682.9339,120,24,0.331663,7,2,7,6,certificate
1678,15,15,0,2927.5340,10552.6699,124,23,0.287290,7,2,7,6,certificate
1679,16,16,0,3380.4345,13067.1725,115,26,0.565435,7,2,7,6,certificate
1680,16,16,0,3632.1999,14380.9995,113,26,0.502837,7,2,7,6,certificate
1681,14,14,0,3341.6538,13063.2689,110,24,0.444895,7,2,7,6,certificate
1682,12,12,0,3596.8511,14129.2555,119,20,0.331620,7,2,7,6,certificate
1683,10,10,0,3004.3765,11146.8824,121,19,0.298383,7,3,7,6,certificate
1684,13,13,0,3179.2521,12186.2603,113,23,0.333890,7,2,7,6,certificate
1685,10,10,0,3167.2686,11871.3429,124,16,0.273535,7,3,7,6,certificate
1686,13,13,0,3925.6879,15853.4394,115,24,0.398381,7,2,7,6,certificate
1687,15,15,0,2765.4284,10557.1421,97,22,0.299793,7,2,7,6,certificate
1688,10,10,0,2873.1132,10340.5661,126,18,0.278581,7,3,7,6,certificate
1689,11,11,0,3140.0081,11630.0405,127,21,0.329959,7,3,7,6,certificate
1690,14,14,0,3443.6029,13098.0146,126,24,0.419330,7,2,7,6,certificate
1691,12,12,0,2847.3708,10496.8541,115,21,0.398062,7,2,7,6,certificate
1692,12,12,0,3238.1100,12375.5499,118,21,0.268513,7,2,7,6,certificate
1693,11,11,0,3634.1236,14080.6181,128,20,0.375192,7,2,7,6,certificate
1694,13,13,0,3946.5353,15932.6763,117,22,0.407067,7,2,7,6,certificate
1695,15,15,0,3205.2514,12241.2570,114,22,0.276564,7,3,7,6,certificate
1696,15,15,0,3336.6870,12643.4348,123,22,0.298740,7,2,7,6,certificate
1697,12,12,0,3029.3166,11176.5829,123,20,0.323237,7,2,7,6,certificate
1698,16,16,0,3674.7164,14473.5818,117,25,0.333792,7,2,6,5,certificate
1699,12,12,0,3119.5623,11952.8115,112,23,0.474633,7,2,7,6,certificate
1700,15,15,0,3672.9180,14004.5901,133,24,0.403544,7,2,7,6,certificate
1701,16,16,0,3506.7410,13618.7048,118,23,0.540840,7,2,7,6,certificate
1702,13,13,0,3160.7755,11953.8775,118,19,0.352730,7,2,7,6,certificate
1703,10,10,0,3388.7502,13018.7508,123,17,0.303330,7,3,7,6,certificate
1704,15,15,0,3716.5577,14772.7886,115,25,0.476616,7,2,7,6,certificate
1705,13,13,0,3323.6301,12793.1506,117,21,0.329911,7,2,7,6,certificate
1706,15,15,0,3909.3728,15851.8638,111,24,0.641387,7,2,7,6,certificate
1707,15,15,0,3338.9479,12959.7394,113,22,0.315128,7,2,7,6,certificate
1708,16,16,0,4328.1314,17655.6571,120,27,0.339350,7,2,6,5,certificate
1709,14,14,0,3352.1017,12845.5084,119,23,0.406207,7,2,7,6,certificate
1710,12,12,0,2727.7052,9703.5260,121,18,0.324697,7,2,7,5,certificate
1711,10,10,0,3077.2856,11211.4278,131,16,0.275583,7,4,7,6,certificate
1712,13,13,0,3342.1725,12705.8627,123,21,0.345295,7,2,7,6,certificate
1713,12,12,0,3119.9648,11739.8240,119,21,0.331191,7,2,7,6,certificate
1714,15,15,0,4271.2850,17331.4249,122,24,0.336693,7,2,7,6,certificate
1715,15,15,0,3567.0477,13535.2385,132,27,0.367287,7,2,7,6,certificate
1716,11,11,0,3132.0863,11850.4315,118,17,0.271920,7,2,7,6,certificate
1717,11,11,0,3342.4225,12762.1126,123,21,0.330539,7,2,7,6,certificate
1718,10,10,0,2822.5792,10297.8958,119,18,0.365854,7,2,7,6,certificate
1719,15,15,0,3437.2134,13156.0671,122,26,0.531706,7,2,7,6,certificate
1720,16,16,0,3097.1511,12535.7557,86,22,0.230782,7,2,3,2,certificate
1721,15,15,0,3455.2254,13376.1269,118,27,0.449913,7,2,7,6,certificate
1722,11,11,0,3027.2857,11366.4287,117,21,0.382583,7,3,7,6,certificate
1723,10,10,0,3739.1608,14535.8039,131,25,0.462505,7,2,7,6,certificate
1724,16,16,0,3683.6826,14558.4130,116,27,0.383930,7,2,7,6,certificate
1725,10,10,0,3296.1404,12545.7020,123,17,0.295240,7,2,7,6,certificate
1726,10,10,0,2849.5885,10887.9426,104,17,0.310461,7,2,7,6,certificate
1727,12,12,0,3133.5130,12012.5648,112,20,0.296106,7,2,7,6,certificate
1728,12,12,0,3855.3768,15161.8842,128,22,0.399544,7,2,7,6,certificate
1729,12,12,0,3603.7572,13948.7858,126,22,0.433164,7,2,7,6,certificate
1730,12,12,0,3610.7056,13958.5282,127,22,0.370169,7,2,7,6,certificate
1731,11,11,0,3970.7888,15748.9442,129,23,0.381484,7,2,7,6,certificate
1732,14,14,0,3722.7637,14583.8187,123,25,0.473728,7,2,7,5,certificate
1733,11,11,0,3282.4884,12757.4419,113,20,0.276734,7,2,7,6,certificate
1734,16,16,0,3505.1802,13955.9010,106,23,0.549818,7,2,6,5,certificate
1735,12,12,0,3304.6309,12753.1546,116,19,0.244860,7,2,7,6,certificate
1736,11,11,0,3021.8592,11089.2960,125,21,0.358709,7,2,7,6,certificate
1737,12,12,0,3437.0696,13320.3480,119,21,0.360540,7,3,7,6,certificate
1738,15,15,0,3075.3970,11551.9852,116,23,0.371325,7,2,7,6,certificate
1739,16,16,0,3275.0805,11765.4025,141,23,0.332815,7,3,7,6,certificate
1740,12,12,0,3383.4465,13082.2327,118,21,0.382295,7,2,7,6,certificate
1741,11,11,0,3074.9541,11484.7707,121,18,0.558433,7,2,7,6,certificate
1742,10,10,0,3007.4850,11092.4248,123,16,0.290683,7,2,7,5,certificate
1743,14,14,0,3449.0074,13545.0370,112,23,0.296504,7,2,7,6,certificate
1744,15,15,0,3234.3294,12386.6471,114,26,0.403849,7,2,7,6,certificate
1745,11,11,0,3304.3740,12571.8699,123,17,0.270236,7,2,7,6,certificate
1746,10,10,0,3934.7819,15588.9095,128,20,0.326584,7,3,7,6,certificate
1747,10,10,0,3632.3446,14006.7229,131,19,0.370166,7,2,7,6,certificate
1748,10,10,0,2797.0366,10175.1832,119,18,0.307321,7,2,7,6,certificate
1749,11,11,0,3563.5857,13952.9286,120,22,0.287354,7,2,7,6,certificate
1750,10,10,0,3392.8457,13269.2286,115,19,0.581040,7,2,7,6,certificate
1751,13,13,0,3135.9079,12094.5395,109,20,0.278340,7,3,7,6,certificate
1752,16,16,0,3719.0565,14835.2824,113,27,0.333522,7,2,7,6,certificate
1753,13,13,0,3765.2748,15006.3741,117,21,0.323709,7,2,7,6,certificate
1754,15,15,0,3966.3314,15391.6571,136,24,0.350553,7,2,7,6,certificate
1755,13,13,0,3440.4322,13352.1612,118,25,0.386989,7,2,7,6,certificate
1756,15,15,0,4267.9818,17554.9088,114,24,0.285695,7,2,7,6,certificate
1757,14,14,0,3525.5227,13547.6136,125,25,0.315923,7,2,7,6,certificate
1758,14,14,0,3607.5245,14077.6223,121,24,0.304345,7,2,7,6,certificate
1759,16,16,0,3097.8080,12104.0402,100,22,0.787524,7,2,5,4,certificate
1760,16,16,0,3771.9180,15219.5899,109,25,0.282102,7,2,6,5,certificate
1761,13,13,0,3845.4736,15277.3682,122,24,0.363005,7,2,7,6,certificate
1762,11,11,0,3288.0049,12590.0244,120,20,0.339995,7,2,7,6,certificate
1763,11,11,0,3309.5823,12442.9117,128,22,0.393470,7,2,7,6,certificate
1764,10,10,0,3045.7385,11208.6927,126,17,0.319428,7,2,7,6,certificate
1765,13,13,0,3663.4501,14477.2505,118,21,0.298085,7,2,7,6,certificate
1766,12,12,0,3198.6247,12248.1237,115,21,0.331298,7,2,7,6,certificate
1767,16,16,0,3549.4453,13682.2265,122,25,0.385912,7,2,6,5,certificate
1768,11,11,0,3116.7822,11963.9109,112,18,0.293878,7,2,7,6,certificate
1769,12,12,0,3424.3084,13386.5421,115,23,0.376228,7,2,7,6,certificate
1770,16,16,0,3593.2631,14031.3154,119,26,0.367433,7,2,6,5,certificate
1771,10,10,0,3024.6118,11198.0591,123,22,0.378278,7,3,7,6,certificate
1772,15,15,0,4039.3065,16106.5323,124,25,0.320525,7,2,7,6,certificate
1773,13,13,0,3189.7381,12363.6903,109,21,0.570359,7,2,7,6,certificate
1774,16,16,0,3567.1079,13900.5397,118,25,0.412929,7,2,7,6,certificate
1775,13,13,0,3611.6118,14533.0589,107,22,0.341552,7,2,7,6,certificate
1776,16,16,0,3160.0836,11995.4180,114,23,0.586582,7,2,7,6,certificate
1777,13,13,0,3375.7603,13003.8013,119,22,0.380578,7,3,7,6,certificate
1778,15,15,0,3876.4790,15367.3951,122,26,0.336549,7,2,7,6,certificate
1779,15,15,0,3629.5479,13842.7394,132,24,0.324498,7,2,7,6,certificate
1780,14,14,0,3702.0109,14505.0543,122,21,0.274335,7,2,7,6,certificate
1781,11,11,0,3094.3860,11631.9298,119,19,0.300781,7,2,7,6,certificate
1782,11,11,0,3361.8699,12754.3493,127,20,0.316836,7,2,7,6,certificate
1783,15,15,0,3607.7919,14438.9594,108,24,0.475605,7,2,7,6,certificate
1784,15,15,0,3290.2601,12396.3004,123,24,0.409625,7,2,7,6,certificate
1785,10,10,0,3239.1457,12540.7285,114,19,0.329118,7,2,7,6,certificate
1786,12,12,0,3181.3025,12016.5127,120,20,0.334182,7,3,7,6,certificate
1787,13,13,0,3246.3480,12476.7402,115,23,0.683449,7,2,7,6,certificate
1788,16,16,0,3669.6468,14733.2338,108,24,0.873663,7,2,7,6,certificate
1789,14,14,0,3152.8594,12124.2970,110,23,0.337551,7,2,7,6,certificate
1790,13,13,0,3088.6714,11893.3571,108,20,0.310786,7,2,7,6,certificate
1791,14,14,0,4251.2700,16636.3501,142,27,0.380061,7,2,7,6,certificate
1792,16,16,0,3579.2777,14481.3886,101,26,0.658112,7,2,6,5,certificate
1793,12,12,0,3207.2170,11761.0851,133,21,0.342540,7,3,7,6,certificate
1794,11,11,0,3507.7036,13758.5179,117,21,0.319082,7,2,7,6,certificate
1795,16,16,0,4074.8861,16719.4306,109,27,0.311643,7,2,6,5,certificate
1796,15,15,0,3077.3612,11671.8062,112,26,0.591407,7,2,7,6,certificate
1797,10,10,0,2608.2304,8756.1522,135,20,0.340951,7,2,7,6,certificate
1798,11,11,0,2894.5804,10977.9022,108,19,0.301479,7,2,7,6,certificate
1799,10,10,0,3070.0644,11625.3219,116,19,0.333337,7,2,7,6,certificate
1800,11,11,0,3011.6493,11373.2466,114,18,0.274197,7,2,7,6,certificate
1801,12,12,0,3532.9523,13869.7613,117,26,0.390419,7,2,7,6,certificate
1802,13,13,0,3466.4648,13397.3240,121,24,0.418578,7,2,7,6,certificate
1803,11,11,0,3599.8477,14009.2386,124,22,0.567348,7,2,7,6,certificate
1804,16,16,0,3880.3032,15661.5159,112,28,0.392270,7,2,6,5,certificate
1805,14,14,0,3403.5428,13237.7139,115,23,0.355437,7,2,7,6,certificate
1806,14,14,0,3059.0214,11060.1071,130,25,0.361672,7,2,7,6,certificate
1807,11,11,0,2986.1820,11040.9099,121,20,0.321612,7,2,7,6,certificate
1808,16,16,0,3467.7860,13423.9302,118,22,0.270978,7,3,6,5,certificate
1809,15,15,0,3342.6793,13143.3964,107,22,0.444002,7,2,7,6,certificate
1810,15,15,0,3660.8826,14794.4129,105,23,1.718350,7,2,7,6,certificate
1811,15,15,0,3610.8500,14344.2502,112,25,0.404143,7,2,7,6,certificate
1812,14,14,0,3404.4442,13302.2210,113,23,0.309943,7,2,7,6,certificate
1813,16,16,0,3775.2974,15036.4869,115,26,0.296350,7,2,7,6,certificate
1814,14,14,0,3421.9883,13324.9415,115,21,0.319711,7,2,7,6,certificate
1815,10,10,0,3527.2586,13811.2932,120,20,0.338232,7,2,7,6,certificate
1816,14,14,0,3713.2822,15016.4110,107,23,0.348287,7,2,7,6,certificate
1817,10,10,0,2719.0588,9790.2940,119,16,0.295264,7,2,7,6,certificate
1818,13,13,0,3229.2512,12596.2560,108,20,0.284155,7,2,7,6,certificate
1819,14,14,0,3674.0514,14710.2571,111,23,0.297167,7,2,7,6,certificate
1820,14,14,0,3137.5227,11937.6133,114,20,0.265176,7,2,7,6,certificate
1821,12,12,0,3700.4455,14592.2276,121,21,0.301281,7,2,7,6,certificate
1822,10,10,0,3427.5417,13202.7084,123,20,0.315651,7,2,7,6,certificate
1823,11,11,0,3172.9997,11904.9987,123,21,0.373770,7,2,7,6,certificate
1824,12,12,0,3070.5919,11117.9595,132,21,0.385203,7,2,7,6,certificate
1825,13,13,0,3117.7263,11588.6316,123,24,0.418696,7,2,7,6,certificate
1826,13,13,0,3399.6937,12713.4685,132,23,0.351654,7,2,7,6,certificate
1827,11,11,0,3608.0771,14330.3855,115,21,0.451744,7,2,7,6,certificate
1828,15,15,0,3889.5551,15727.7757,112,25,0.498047,7,2,7,6,certificate
1829,11,11,0,2935.4796,10712.3980,124,19,0.302503,7,2,7,6,certificate
1830,11,11,0,3373.0771,12880.3857,124,19,0.309720,7,3,7,6,certificate
1831,15,15,0,3840.3393,15381.6966,115,24,0.332722,7,2,7,6,certificate
1832,13,13,0,3064.5798,11437.8991,119,21,0.320881,7,2,7,6,certificate
1833,13,13,0,3394.8017,13064.0084,120,23,0.391288,7,2,7,6,certificate
1834,12,12,0,3393.4993,12817.4967,129,21,0.304037,7,2,7,6,certificate
1835,11,11,0,3357.8990,13139.4950,113,20,0.314336,7,2,7,6,certificate
1836,12,12,0,3373.9667,12954.8334,121,20,0.341909,7,3,7,6,certificate
1837,11,11,0,3232.6742,12023.3708,129,20,0.489257,7,2,7,6,certificate
1838,16,16,0,3030.7143,11408.5717,112,22,0.313991,7,2,6,5,certificate
1839,14,14,0,3259.0235,12275.1173,123,23,0.404039,7,2,7,6,certificate
1840,12,12,0,3426.2052,12851.0258,133,21,0.328482,7,2,7,6,certificate
1841,11,11,0,3563.4860,13667.4298,130,22,0.383967,7,2,7,6,certificate
1842,14,14,0,2829.3433,10396.7167,114,22,0.379644,7,2,7,6,certificate
1843,10,10,0,2858.7469,10723.7345,111,18,0.339674,7,2,7,6,certificate
1844,14,14,0,3628.7044,14208.5220,120,24,0.315805,7,2,7,6,certificate
1845,12,12,0,3108.2325,11806.1626,115,21,0.325290,7,2,7,6,certificate
1846,16,16,0,3784.6979,14913.4896,121,24,0.292643,7,2,7,6,certificate
1847,11,11,0,3318.2428,13006.2140,111,22,0.369089,7,2,7,6,certificate
1848,13,13,0,3804.1162,14690.5809,134,26,0.458968,7,2,7,6,certificate
1849,16,16,0,3672.8748,14359.3742,120,25,0.369291,7,2,7,6,certificate
1850,15,15,0,3580.8089,13719.0445,128,30,0.530499,7,2,7,6,certificate
1851,11,11,0,3169.5168,11917.5842,122,19,0.309911,7,2,7,6,certificate
1852,12,12,0,3419.1838,13105.9190,123,20,0.331673,7,2,7,6,certificate
1853,11,11,0,3663.3363,13971.6814,137,22,0.358566,7,3,7,6,certificate
1854,11,11,0,2969.5131,11047.5655,118,20,0.347414,7,3,7,6,certificate
1855,11,11,0,3667.3660,14416.8302,122,20,0.338889,7,2,7,6,certificate
1856,12,12,0,3038.5000,11362.4999,118,21,0.296821,7,2,7,6,certificate
1857,15,15,0,3999.4064,15927.0319,124,26,0.396220,7,2,7,6,certificate
1858,11,11,0,3377.2605,12816.3027,127,23,0.429712,7,2,7,6,certificate
1859,15,15,0,4073.7885,16263.9427,125,24,0.336623,7,2,7,6,certificate
1860,13,13,0,3616.4282,14097.1411,123,23,0.355935,7,2,7,6,certificate
1861,15,15,0,4309.2295,17351.1473,128,26,0.355592,7,3,7,6,certificate
1862,10,10,0,3301.7481,12393.7405,129,18,0.345710,7,3,7,6,certificate
1863,14,14,0,3542.3891,13806.9456,119,22,0.640163,7,2,7,6,certificate
1864,11,11,0,2833.5667,10332.8334,119,17,0.346762,7,2,7,6,certificate
1865,12,12,0,3083.2478,11861.2391,109,22,0.467631,7,2,7,6,certificate
1866,11,11,0,3372.9666,13039.8329,119,20,0.365274,7,2,7,6,certificate
1867,11,11,0,3161.7217,11608.6085,131,19,0.302633,7,2,7,6,certificate
1868,11,11,0,2773.5522,9967.7608,121,17,0.281354,7,2,7,6,certificate
1869,16,16,0,3073.2155,11856.0774,104,22,0.275527,7,2,6,5,certificate
1870,14,14,0,2958.1727,10765.8634,123,21,0.459716,7,2,7,6,certificate
1871,16,16,0,3095.4872,11692.4359,113,25,0.363393,7,2,6,5,certificate
1872,10,10,0,3194.3269,12116.6343,121,17,0.369592,7,2,7,6,certificate
1873,11,11,0,3594.0349,13845.1743,128,21,0.377134,7,2,7,6,certificate
1874,14,14,0,2976.8878,11309.4391,108,21,0.370122,7,2,7,6,certificate
1875,14,14,0,3331.9041,12649.5203,122,23,0.331193,7,2,7,6,certificate
1876,11,11,0,3112.7403,11783.7013,117,20,0.324580,7,3,7,6,certificate
1877,15,15,0,4040.6683,16438.3417,113,26,0.763587,7,2,7,6,certificate
1878,12,12,0,3596.7047,14368.5234,111,26,0.423755,7,2,7,6,certificate
1879,13,13,0,3841.4087,15137.0437,125,23,0.437731,7,2,7,6,certificate
1880,13,13,0,3720.4257,14817.1287,116,21,0.345207,7,2,7,6,certificate
1881,16,16,0,3543.3522,13846.7608,116,24,0.332196,7,2,6,5,certificate
1882,12,12,0,3946.8191,15814.0956,121,21,0.419463,7,2,7,6,certificate
1883,15,15,0,3360.2350,13106.1750,111,23,0.396034,7,2,7,6,certificate
1884,11,11,0,2966.2502,10991.2510,120,29,0.477938,7,2,7,6,certificate
1885,11,11,0,3592.3002,13821.5010,129,20,0.348689,7,2,7,6,certificate
1886,12,12,0,3793.3393,15076.6964,121,23,0.372455,7,2,7,6,certificate
1887,10,10,0,3418.0107,12955.0533,130,19,0.333020,7,2,7,6,certificate
1888,11,11,0,2875.3666,10506.8331,120,18,0.309155,7,2,7,6,certificate
1889,12,12,0,3577.0245,13810.1224,127,22,0.438442,7,2,7,6,certificate
1890,15,15,0,3889.1646,15635.8231,115,23,0.497419,7,2,7,6,certificate
1891,14,14,0,3727.0556,14675.2780,120,23,0.443423,7,2,7,6,certificate
1892,13,13,0,3125.2494,11651.2471,122,21,0.333147,7,2,7,6,certificate
1893,12,12,0,3060.2392,11366.1960,121,20,0.488281,7,2,7,6,certificate
1894,12,12,0,3191.7654,12273.8269,114,21,0.309749,7,2,7,6,certificate
1895,15,15,0,3300.5030,12202.5150,131,27,0.425961,7,2,7,6,certificate
1896,16,16,0,3363.0938,13305.4691,104,24,0.283441,7,2,6,5,certificate
1897,11,11,0,2976.4019,10842.0093,126,18,0.298027,7,2,7,6,certificate
1898,10,10,0,3449.2874,13331.4370,123,20,0.331379,7,2,7,6,certificate
1899,15,15,0,2845.3022,10276.5112,120,22,0.331258,7,2,7,6,certificate
1900,14,14,0,3252.0447,12195.2236,124,22,0.368157,7,2,7,6,certificate
1901,13,13,0,3419.7623,13458.8117,111,22,0.335870,7,2,7,6,certificate
1902,15,15,0,4133.3229,16541.6143,126,24,0.311170,7,2,7,6,certificate
1903,14,14,0,3291.9354,11889.6769,141,23,0.560583,7,3,7,6,certificate
1904,15,15,0,2933.3202,11276.6011,101,23,0.351782,7,2,7,6,certificate
1905,10,10,0,2664.5269,9547.6346,118,20,0.343167,7,2,7,6,certificate
1906,12,12,0,3799.4322,14992.1610,124,23,0.349719,7,2,7,6,certificate
1907,14,14,0,3663.7661,14363.8306,121,25,0.336697,7,2,7,6,certificate
1908,14,14,0,3757.5688,14757.8439,123,24,0.315588,7,2,7,6,certificate
1909,12,12,0,3473.3867,13486.9336,120,18,0.293638,7,2,7,6,certificate
1910,10,10,0,2794.0802,10105.4008,121,17,0.309013,7,2,7,6,certificate
1911,13,13,0,3673.1240,14360.6202,123,21,0.376668,7,2,7,6,certificate
1912,11,11,0,3414.1947,13305.9734,117,19,0.296238,7,2,7,6,certificate
1913,16,16,0,4403.7218,17948.6092,123,24,0.292242,7,2,6,5,certificate
1914,15,15,0,3650.8191,14514.0956,112,23,0.372417,7,2,7,6,certificate
1915,11,11,0,3520.6006,13513.0030,128,20,0.361072,7,2,7,6,certificate
1916,13,13,0,3677.5919,14422.9595,122,21,0.349115,7,2,7,6,certificate
1917,16,16,0,3627.8140,14804.0701,98,22,0.219966,7,2,5,4,certificate
1918,15,15,0,3869.4841,15437.4207,119,25,0.314106,7,2,7,6,certificate
1919,16,16,0,4068.8246,16304.1232,122,25,0.307665,7,2,7,6,certificate
1920,11,11,0,3314.5963,12292.9815,133,18,0.312791,7,3,7,6,certificate
1921,16,16,0,3335.0895,12595.4475,123,23,0.365282,7,2,7,5,certificate
1922,13,13,0,3575.3114,13851.5571,124,24,0.516007,7,2,7,6,certificate
1923,14,14,0,3220.3659,12226.8294,118,24,0.500253,7,2,7,6,certificate
1924,12,12,0,3542.7219,14268.6094,105,19,0.325245,7,2,7,6,certificate
1925,13,13,0,3117.9281,11384.6407,130,20,0.372831,7,2,7,6,certificate
1926,13,13,0,3228.7371,12453.6854,113,21,0.350746,7,2,7,6,certificate
1927,14,14,0,3353.1090,12680.5450,125,24,0.411394,7,2,7,6,certificate
1928,13,13,0,3529.6465,13638.2326,124,23,0.429443,7,2,7,6,certificate
1929,11,11,0,3647.9634,14174.8169,128,21,0.401106,7,2,7,6,certificate
1930,14,14,0,3792.2373,15076.1863,118,26,0.403923,7,2,7,6,certificate
1931,12,12,0,3527.0529,13665.2647,123,20,0.332362,7,2,7,6,certificate
1932,12,12,0,3133.0054,11895.0268,116,21,0.352103,7,2,7,6,certificate
1933,15,15,0,3425.6702,13438.3509,111,25,0.382174,7,2,7,6,certificate
1934,10,10,0,2936.2152,10916.0760,118,16,0.315079,7,2,7,6,certificate
1935,13,13,0,3393.2192,13541.0960,104,21,0.530839,7,2,7,6,certificate
1936,11,11,0,3104.9925,11494.9625,126,19,0.301829,7,2,7,6,certificate
1937,11,11,0,3164.9901,12139.9507,114,20,0.518351,7,2,7,6,certificate
1938,12,12,0,3175.3184,12416.5921,106,22,0.363879,7,2,7,6,certificate
1939,13,13,0,3460.6246,13368.1228,120,19,0.297559,7,2,7,5,certificate
1940,10,10,0,3658.4690,14477.3448,119,16,0.264119,7,3,7,6,certificate
1941,13,13,0,3284.6172,12548.0858,119,21,0.268367,7,2,7,6,certificate
1942,10,10,0,3014.1579,11110.7896,124,22,0.363145,7,3,7,6,certificate
1943,11,11,0,3135.0915,11720.4577,123,20,0.328433,7,2,7,6,certificate
1944,15,15,0,3942.2410,15686.2051,122,25,0.346409,7,2,7,6,certificate
1945,16,16,0,3331.3977,12906.9883,112,27,0.524344,7,2,7,6,certificate
1946,13,13,0,3422.9667,13114.8337,123,22,0.332246,7,2,7,6,certificate
1947,12,12,0,3383.0296,13120.1478,117,23,0.354330,7,2,7,6,certificate
1948,15,15,0,3523.7064,13403.5319,129,24,0.454997,7,2,7,6,certificate
1949,13,13,0,3736.2268,14671.1340,123,21,0.398558,7,2,7,6,certificate
1950,10,10,0,3436.6744,13198.3722,125,18,0.308539,7,4,7,6,certificate
1951,16,16,0,3201.9202,11849.6011,126,26,0.438438,7,2,7,6,certificate
1952,12,12,0,3145.7618,11723.8089,124,22,0.362495,7,2,7,6,certificate
1953,10,10,0,3230.7703,12308.8515,120,17,0.320203,7,2,7,6,certificate
1954,16,16,0,3509.1733,13645.8667,117,27,0.329035,7,2,6,5,certificate
1955,16,16,0,3137.3281,11336.6403,132,26,0.286537,7,2,7,6,certificate
1956,14,14,0,4029.7809,16213.9044,121,26,0.383577,7,2,7,6,certificate
1957,10,10,0,3240.9915,12389.9576,119,19,0.356985,7,2,7,6,certificate
1958,10,10,0,3418.2450,13306.2249,118,20,0.335965,7,2,7,6,certificate
1959,10,10,0,3422.9122,13059.5609,127,20,0.373999,7,3,7,6,certificate
1960,11,11,0,3588.9715,13974.8574,124,21,0.432741,7,3,7,6,certificate
1961,11,11,0,3569.7625,14058.8127,118,26,0.449151,7,2,7,6,certificate
1962,14,14,0,3649.9976,14194.9880,124,24,0.539350,7,2,7,6,certificate
1963,16,16,0,4008.6314,16288.1570,112,28,0.338710,7,2,6,5,certificate
1964,13,13,0,3535.2258,13976.1291,113,21,0.320702,7,2,7,6,certificate
1965,10,10,0,3442.1761,13220.8807,125,20,0.342123,7,2,7,6,certificate
1966,11,11,0,2917.6466,10628.2329,123,21,0.332347,7,2,7,6,certificate
1967,14,14,0,3479.0819,13550.4096,117,24,0.433235,7,2,7,6,certificate
1968,12,12,0,2828.1382,10235.6910,120,20,0.397876,7,2,7,6,certificate
1969,16,16,0,3749.2916,14896.4581,117,24,0.295691,7,2,6,5,certificate
1970,16,16,0,3376.7029,12348.5145,139,26,0.419016,7,2,7,6,certificate
1971,11,11,0,3475.2473,13471.2365,122,18,0.295187,7,2,7,6,certificate
1972,16,16,0,3807.2931,15356.4655,110,25,0.366954,7,2,7,6,certificate
1973,16,16,0,3964.9729,15269.8643,140,26,0.300859,7,2,7,6,certificate
1974,12,12,0,3267.1094,12485.5471,119,22,0.379547,7,2,7,6,certificate
1975,16,16,0,3217.2323,12871.1616,94,22,0.286139,7,2,4,3,certificate
1976,13,13,0,3569.8336,13859.1678,123,24,0.321111,7,2,7,6,certificate
1977,14,14,0,3685.0650,14290.3248,127,27,0.508536,7,2,7,6,certificate
1978,15,15,0,3845.3706,15196.8528,122,24,0.421443,7,2,7,6,certificate
1979,16,16,0,3169.7795,11938.8977,118,26,0.373922,7,2,6,5,certificate
1980,14,14,0,3476.3778,13706.8888,111,22,0.611364,7,2,7,6,certificate
1981,10,10,0,2792.9396,9864.6982,129,20,0.341686,7,2,7,6,certificate
1982,13,13,0,4029.4350,16107.1749,124,21,0.309163,7,2,7,6,certificate
1983,15,15,0,3875.9991,15619.9955,113,25,0.319647,7,2,7,6,certificate
1984,13,13,0,3718.8962,14784.4809,117,21,0.311496,7,2,7,6,certificate
1985,13,13,0,3429.2346,13161.1730,122,23,0.415215,7,2,7,6,certificate
1986,12,12,0,2913.6612,10958.3060,111,23,0.425931,7,2,7,6,certificate
1987,13,13,0,3551.2266,13781.1328,122,23,0.434821,7,2,7,6,certificate
1988,15,15,0,3168.0479,12035.2397,115,25,0.358634,7,2,7,6,certificate
1989,11,11,0,2849.8519,10334.2596,122,19,0.316448,7,2,7,6,certificate
1990,16,16,0,3964.6734,16163.3668,110,26,0.351606,7,2,6,5,certificate
1991,13,13,0,3774.5533,14887.7667,122,23,0.330050,7,2,7,6,certificate
1992,12,12,0,3365.5131,12727.5654,127,21,0.346215,7,2,7,6,certificate
1993,13,13,0,3237.4695,12502.3476,113,22,0.342165,7,2,7,6,certificate
1994,12,12,0,2863.2927,10401.4637,121,20,0.299123,7,3,7,6,certificate
1995,16,16,0,3130.8213,12259.1063,99,23,0.339513,7,2,4,3,certificate
1996,16,16,0,3699.4595,14602.2977,117,28,0.358865,7,2,7,6,certificate
1997,16,16,0,3731.7911,15123.9553,105,24,0.538362,7,2,6,5,certificate
1998,15,15,0,3377.2827,12681.4135,129,27,0.496833,7,2,7,6,certificate
1999,13,13,0,3407.7782,12958.8908,126,20,0.382538,7,2,7,6,certificate
2000,12,12,0,3293.7524,12503.7619,123,21,0.326609,7,2,7,6,certificate
2001,11,11,0,2927.7340,10653.6701,124,19,0.422820,7,2,7,6,certificate
2002,12,12,0,2941.9829,10674.9143,125,19,0.379319,7,2,7,6,certificate
2003,12,12,0,3245.0063,12370.0314,119,19,0.336131,7,2,7,6,certificate
2004,11,11,0,3404.1791,13150.8956,120,19,0.329858,7,2,7,5,certificate
2005,15,15,0,3585.4520,14197.2600,112,24,0.649782,7,2,7,6,certificate
2006,11,11,0,2926.7486,10833.7429,118,18,0.338669,7,2,7,6,certificate
2007,15,15,0,4315.5610,17462.8050,125,25,0.428526,7,2,7,6,certificate
2008,10,10,0,3084.6154,11608.0770,119,19,0.312984,7,2,7,6,certificate
2009,10,10,0,3699.5280,14632.6402,121,20,0.362630,7,2,7,6,certificate
2010,13,13,0,3600.3547,14391.7737,110,22,0.374103,7,2,7,6,certificate
2011,15,15,0,3765.5386,14607.6929,129,25,0.358743,7,2,7,6,certificate
2012,13,13,0,3219.1666,12435.8332,112,22,0.443088,7,2,7,6,certificate
2013,15,15,0,3820.8273,15409.1367,111,24,0.514041,7,2,7,6,certificate
2014,12,12,0,3414.0993,13040.4967,125,23,0.333944,7,3,7,6,certificate
2015,10,10,0,3415.6907,13128.4537,124,20,0.400447,7,2,7,6,certificate
2016,11,11,0,2998.2941,11051.4706,123,20,0.353489,7,2,7,6,certificate
2017,11,11,0,3062.3996,11431.9979,120,19,0.330088,7,2,7,6,certificate
2018,12,12,0,2953.2214,11436.1072,102,18,0.265627,7,3,7,6,certificate
2019,15,15,0,3729.6103,14803.0513,116,22,0.311417,7,2,7,6,certificate
2020,14,14,0,3256.1588,12625.7941,111,23,0.319672,7,2,7,6,certificate
2021,13,13,0,3523.8602,13849.3012,115,21,0.299681,7,2,7,6,certificate
2022,10,10,0,3065.7696,11343.8480,125,19,0.346183,7,2,7,6,certificate
2023,15,15,0,3499.0117,13835.0585,110,24,0.363387,7,2,7,6,certificate
2024,12,12,0,3205.9619,12319.8094,114,20,0.312325,7,2,7,6,certificate
2025,14,14,0,3853.5117,15412.5587,117,24,0.401959,7,2,7,6,certificate
2026,14,14,0,3584.7498,14063.7490,118,26,0.402483,7,2,7,6,certificate
2027,13,13,0,3747.7855,14793.9274,121,20,0.401579,7,2,7,6,certificate
2028,15,15,0,4154.7758,16403.8792,134,28,0.358690,7,2,7,6,certificate
2029,12,12,0,3589.3493,14026.7464,121,22,0.841483,7,2,7,6,certificate
2030,13,13,0,3397.8189,12869.0943,127,24,0.337943,7,2,7,6,certificate
2031,11,11,0,3290.6647,12553.3237,121,17,0.301082,7,2,7,6,certificate
2032,16,16,0,3590.2897,14561.4485,100,25,0.542435,7,2,7,6,certificate
2033,14,14,0,3239.4184,12727.0922,105,21,0.909497,7,2,7,6,certificate
2034,16,16,0,3635.5739,14257.8697,118,28,0.440434,7,2,7,6,certificate
2035,10,10,0,3863.7471,15128.7357,132,18,0.264994,7,3,7,6,certificate
2036,10,10,0,2773.3365,9966.6824,122,19,0.317510,7,2,7,6,certificate
2037,11,11,0,3508.3109,13466.5547,127,23,0.412556,7,2,7,6,certificate
2038,11,11,0,3125.5483,11877.7414,116,21,0.405772,7,2,7,6,certificate
2039,16,16,0,3996.0091,15880.0454,124,30,0.351983,7,2,6,5,certificate
2040,10,10,0,3727.9088,14834.5441,119,20,0.360886,7,2,7,6,certificate
2041,14,14,0,3677.5117,14807.5585,108,21,0.321696,7,2,7,6,certificate
2042,10,10,0,3323.9128,12924.5640,115,17,0.265178,7,3,7,6,certificate
2043,15,15,0,3287.5705,12897.8526,106,24,0.365254,7,2,7,6,certificate
2044,12,12,0,3826.2708,15326.3541,117,22,0.349387,7,2,7,6,certificate
2045,12,12,0,3245.8192,12319.0959,121,22,0.352482,7,2,7,6,certificate
2046,14,14,0,3136.6430,11783.2151,119,24,0.386949,7,2,7,6,certificate
2047,12,12,0,3636.1521,14245.7606,122,22,0.350545,7,2,7,6,certificate
2048,11,11,0,3078.9939,11654.9694,116,20,0.377898,7,2,7,6,certificate
2049,15,15,0,3406.5578,13282.7891,113,23,0.400816,7,2,7,6,certificate
2050,11,11,0,3830.1884,14745.9418,138,22,0.369366,7,3,7,6,certificate
2051,10,10,0,2862.2788,10686.3938,113,19,0.302140,7,2,7,6,certificate
2052,10,10,0,3550.9450,13714.7252,127,18,0.392605,7,2,7,6,certificate
2053,12,12,0,3612.4757,14127.3784,122,22,0.346237,7,3,7,6,certificate
2054,13,13,0,3656.2564,14281.2818,123,23,0.310803,7,2,7,6,certificate
2055,13,13,0,4207.7122,16478.5609,142,26,0.413190,7,2,7,6,certificate
2056,12,12,0,2958.1689,10925.8446,119,21,0.351016,7,2,7,6,certificate
2057,10,10,0,3365.4303,13112.1516,116,18,0.346239,7,2,7,6,certificate
2058,11,11,0,3106.1045,11255.5226,134,20,0.316452,7,3,7,6,certificate
2059,15,15,0,3597.3640,13881.8199,125,23,0.342954,7,2,7,6,certificate
2060,11,11,0,3973.0746,15895.3729,124,18,0.594266,7,2,7,6,certificate
2061,14,14,0,3664.3308,14636.6540,112,24,0.421750,7,2,7,6,certificate
2062,16,16,0,3601.5376,14447.6881,106,23,0.337208,7,2,6,5,certificate
2063,16,16,0,4112.5216,16307.6080,130,28,0.362375,7,2,7,6,certificate
2064,10,10,0,3390.6204,13018.1021,123,19,0.331354,7,2,7,6,certificate
2065,15,15,0,3198.7364,11943.6820,123,22,0.594258,7,2,7,6,certificate
2066,13,13,0,3992.5018,16167.5091,116,24,0.324036,7,2,7,6,certificate
2067,12,12,0,3130.2639,11976.3193,113,19,0.354812,7,2,7,6,certificate
2068,12,12,0,3788.4447,15332.2237,111,21,0.327764,7,2,7,6,certificate
2069,14,14,0,3739.7096,15028.5478,111,23,0.419171,7,2,7,6,certificate
2070,12,12,0,3702.8343,14429.1713,127,20,0.295914,7,3,7,6,certificate
2071,16,16,0,3344.2433,13211.2167,104,25,0.445214,7,2,6,5,certificate
2072,12,12,0,3154.4680,12247.3401,108,22,0.410872,7,2,7,6,certificate
2073,15,15,0,3334.8356,12569.1778,124,26,0.394073,7,2,7,6,certificate
2074,12,12,0,3103.7094,11753.5472,116,20,0.246836,7,2,7,6,certificate
2075,14,14,0,3012.3879,11236.9397,116,23,0.358368,7,2,7,6,certificate
2076,15,15,0,3481.2004,13871.0021,106,22,0.727583,7,2,7,6,certificate
2077,13,13,0,3216.3503,12181.7517,120,25,0.413324,7,2,7,6,certificate
2078,15,15,0,3868.0631,15500.3157,116,24,0.295489,7,2,7,6,certificate
2079,11,11,0,3462.5502,13102.7512,131,17,0.292553,7,2,7,6,certificate
2080,16,16,0,3905.3904,15756.9518,114,28,0.422579,7,2,6,5,certificate
2081,11,11,0,3557.6058,13723.0292,126,20,0.367275,7,2,7,6,certificate
2082,16,16,0,3447.8381,13374.1903,116,28,0.395818,7,2,7,6,certificate
2083,10,10,0,3261.7860,12378.9299,123,19,0.316147,7,2,7,6,certificate
2084,10,10,0,3071.7908,11693.9541,114,18,0.339826,7,2,7,6,certificate
2085,15,15,0,3173.2113,12141.0567,112,22,0.320191,7,2,7,5,certificate
2086,13,13,0,3410.1535,13120.7673,121,24,0.359947,7,2,7,6,certificate
2087,14,14,0,3291.9506,12799.7530,111,23,0.482984,7,2,7,6,certificate
2088,10,10,0,3301.3665,12516.8324,125,19,0.338973,7,2,7,6,certificate
2089,15,15,0,3130.7034,11753.5172,118,22,0.343630,7,2,7,6,certificate
2090,10,10,0,3311.9865,12599.9323,124,20,0.304384,7,3,7,6,certificate
2091,15,15,0,3120.8057,11854.0283,113,22,0.326268,7,2,7,6,certificate
2092,11,11,0,3739.0543,14460.2717,132,22,0.389881,7,2,7,6,certificate
2093,16,16,0,3605.1695,14520.8473,104,23,0.574442,7,2,5,4,certificate
2094,10,10,0,2949.0538,10990.2692,117,17,0.321681,7,2,7,6,certificate
2095,14,14,0,3832.7444,15593.7221,108,23,0.393342,7,2,7,6,certificate
2096,13,13,0,3683.8471,14629.2356,116,22,0.331564,7,2,7,6,certificate
2097,16,16,0,3735.2450,14291.2250,134,32,0.474026,7,2,7,6,certificate
2098,10,10,0,2924.3139,11046.5696,111,20,0.318290,7,2,7,6,certificate
2099,13,13,0,3431.2696,13111.3478,125,21,0.515089,7,2,7,6,certificate
2100,16,16,0,3776.9723,15339.8615,106,29,0.407133,7,2,6,5,certificate
2101,12,12,0,3768.8409,14909.2044,121,20,0.280882,7,2,7,6,certificate
2102,13,13,0,2964.8341,11099.1704,114,20,0.336946,7,2,7,6,certificate
2103,10,10,0,2937.5881,11182.9404,109,18,0.298499,7,2,7,6,certificate
2104,16,16,0,3410.3208,13901.6040,92,22,0.494227,7,2,4,3,certificate
2105,12,12,0,3115.8769,11684.3847,121,20,0.384672,7,2,7,6,certificate
2106,10,10,0,2696.6997,9798.4984,114,18,0.343060,7,2,7,6,certificate
2107,14,14,0,3598.5537,14222.7684,115,23,0.343180,7,3,7,6,certificate
2108,15,15,0,4055.2239,16551.1193,112,23,0.323677,7,2,7,6,certificate
2109,12,12,0,3055.6075,11538.0377,115,21,0.316384,7,2,7,6,certificate
2110,14,14,0,3640.1269,14195.6344,122,23,0.408115,7,2,7,6,certificate
2111,15,15,0,3222.1223,11815.6113,131,24,0.474053,7,2,7,6,certificate
2112,16,16,0,3498.2671,13951.3353,107,36,0.396231,7,2,5,4,certificate
2113,11,11,0,3378.7823,13268.9113,112,21,0.332960,7,3,7,6,certificate
2114,15,15,0,4030.2006,15551.0028,141,24,0.346987,7,2,7,6,certificate
2115,10,10,0,3110.4985,11862.4924,115,19,0.318724,7,2,7,6,certificate
2116,12,12,0,3240.9811,12699.9057,107,22,0.481328,7,2,7,6,certificate
2117,15,15,0,4089.7679,16288.8396,127,29,0.400645,7,2,7,6,certificate
2118,10,10,0,3500.3349,13156.6743,137,21,0.409289,7,2,7,6,certificate
2119,13,13,0,3258.8289,12414.1443,119,21,0.386879,7,2,7,6,certificate
2120,14,14,0,3574.8211,13714.1053,128,23,0.337208,7,3,7,6,certificate
2121,15,15,0,3769.2050,14941.0248,118,24,0.326969,7,2,7,6,certificate
2122,10,10,0,3448.6863,12973.4315,135,19,0.335418,7,2,7,6,certificate
2123,13,13,0,3339.2423,12781.2116,120,26,0.406692,7,2,7,6,certificate
2124,12,12,0,3499.3511,13331.7554,130,21,0.309040,7,3,7,6,certificate
2125,11,11,0,3201.4221,12137.1107,120,19,0.306440,7,4,7,6,certificate
2126,12,12,0,3476.4911,13187.4553,130,20,0.347053,7,2,7,6,certificate
2127,10,10,0,3164.8979,11949.4895,121,19,0.381183,7,2,7,6,certificate
2128,12,12,0,3274.8005,12449.0025,121,20,0.557156,7,2,7,6,certificate
2129,16,16,0,3145.3892,11731.9459,120,24,0.384965,7,2,6,5,certificate
2130,12,12,0,3268.7471,11858.7353,140,20,0.321275,7,3,7,6,certificate
2131,10,10,0,3676.0589,14255.2946,130,19,0.307949,7,2,7,6,certificate
2132,14,14,0,3033.4133,11107.0666,124,24,0.389561,7,2,7,6,certificate
2133,14,14,0,3771.9748,15109.8742,114,24,0.344749,7,2,7,6,certificate
2134,16,16,0,3242.2203,12941.1017,96,26,0.315445,7,2,5,4,certificate
2135,11,11,0,3542.9372,13654.6862,127,20,0.329231,7,2,7,6,certificate
2136,13,13,0,3368.5855,12972.9274,119,22,0.318988,7,2,7,6,certificate
2137,13,13,0,3469.8217,13734.1087,110,19,0.358084,7,2,7,6,certificate
2138,14,14,0,3125.4057,11947.0285,112,22,0.349105,7,2,7,6,certificate
2139,10,10,0,2671.8866,9514.4330,120,19,0.312215,7,2,7,6,certificate
2140,12,12,0,3228.4445,12372.2224,116,23,0.465800,7,2,7,6,certificate
2141,12,12,0,3142.0802,11470.4008,132,19,0.315609,7,2,7,6,certificate
2142,11,11,0,3242.6255,12378.1275,119,20,0.335650,7,2,7,6,certificate
2143,13,13,0,3480.9775,13244.8874,128,25,0.401898,7,2,7,6,certificate
2144,12,12,0,3870.3155,15111.5775,132,24,0.353251,7,2,7,6,certificate
2145,11,11,0,3621.1660,14005.8302,128,19,0.281559,7,2,7,6,certificate
2146,11,11,0,2887.4883,10482.4416,123,19,0.376723,7,2,7,6,certificate
2147,12,12,0,3266.5451,12352.7255,123,20,0.314104,7,2,7,6,certificate
2148,16,16,0,4262.4849,17467.4244,116,23,0.339282,7,2,5,4,certificate
2149,14,14,0,3358.0389,13145.1946,110,23,0.375752,7,2,7,6,certificate
2150,12,12,0,3437.3100,13216.5498,123,20,0.341358,7,2,7,6,certificate
2151,10,10,0,3128.0830,11830.4148,120,19,0.344760,7,2,7,6,certificate
2152,10,10,0,3035.8445,11334.2227,120,18,0.361749,7,2,7,6,certificate
2153,13,13,0,3259.6010,12298.0048,123,22,0.311324,7,2,7,6,certificate
2154,11,11,0,3403.7370,13393.6848,112,20,0.366107,7,2,7,6,certificate
2155,14,14,0,3535.4280,13542.1400,127,21,0.339561,7,2,7,6,certificate
2156,14,14,0,3050.5699,11682.8496,108,23,0.394322,7,2,7,6,certificate
2157,16,16,0,3153.5362,12307.6810,103,23,0.472358,7,2,5,4,certificate
2158,13,13,0,3299.3572,12416.7860,126,23,0.359378,7,2,7,6,certificate
2159,14,14,0,3764.3534,14921.7670,119,23,0.379933,7,2,7,6,certificate
2160,11,11,0,3202.4172,12337.0861,114,19,0.320403,7,2,7,6,certificate
2161,14,14,0,3112.0722,11520.3612,124,22,0.319391,7,2,7,6,certificate
2162,16,16,0,3757.1054,15365.5268,101,28,0.498389,7,2,5,4,certificate
2163,16,16,0,3380.4739,13377.3696,105,25,0.687811,7,2,6,5,certificate
2164,11,11,0,3088.2930,11396.4651,126,22,0.391662,7,2,7,6,certificate
2165,13,13,0,3469.9261,13549.6305,116,23,0.381813,7,2,7,6,certificate
2166,16,16,0,3717.5859,14807.9294,113,26,0.555270,7,2,6,5,certificate
2167,16,16,0,3010.0234,11550.1169,104,22,0.361493,7,2,6,5,certificate
2168,16,16,0,4230.1425,17355.7127,114,32,0.373466,7,2,6,5,certificate
2169,12,12,0,3689.1816,14370.9080,126,21,0.349298,7,2,7,6,certificate
2170,14,14,0,4501.2063,18656.0315,117,24,0.333449,7,2,7,6,certificate
2171,12,12,0,3853.6357,14898.1783,136,22,0.355104,7,2,7,6,certificate
2172,16,16,0,4290.5489,17362.7447,123,25,0.300871,7,2,7,6,certificate
2173,12,12,0,3182.1911,12045.9556,119,20,0.272938,7,2,7,6,certificate
2174,11,11,0,2922.9980,10764.9902,119,20,0.302245,7,2,7,6,certificate
2175,14,14,0,3886.5304,15697.6518,113,22,0.306420,7,2,7,6,certificate
2176,12,12,0,3589.3207,14191.6034,116,19,0.328837,7,2,7,6,certificate
2177,16,16,0,3780.1472,15010.7361,117,25,0.350944,7,2,6,5,certificate
2178,15,15,0,3209.4585,12317.2924,112,25,0.384831,7,2,7,6,certificate
2179,13,13,0,3613.7403,13863.7013,130,22,0.360177,7,2,7,6,certificate
2180,15,15,0,3789.3151,14716.5757,129,25,0.392310,7,2,7,6,certificate
2181,10,10,0,3484.8245,13709.1225,116,18,0.299689,7,2,7,6,certificate
2182,16,16,0,3620.6758,14373.3788,112,26,0.366556,7,2,6,5,certificate
2183,15,15,0,4120.7413,16708.7064,118,27,0.393604,7,2,7,6,certificate
2184,15,15,0,3583.9138,14074.5690,116,23,0.343212,7,2,7,6,certificate
2185,14,14,0,4034.8399,16299.1997,118,25,0.368389,7,2,7,6,certificate
2186,13,13,0,3218.5881,12147.9405,121,20,0.356560,7,2,7,6,certificate
2187,12,12,0,3030.7818,11223.9092,121,19,0.336746,7,2,7,6,certificate
2188,16,16,0,3501.2137,13461.0683,122,28,0.480938,7,2,7,6,certificate
2189,12,12,0,3951.4445,15867.2223,120,21,0.339628,7,2,7,6,certificate
2190,13,13,0,3070.7601,11203.8003,128,21,0.360759,7,2,7,6,certificate
2191,16,16,0,3904.2750,15656.3751,116,25,0.510160,7,2,6,5,certificate
2192,11,11,0,3058.3037,11241.5184,126,19,0.362545,7,2,7,6,certificate
2193,16,16,0,3353.9458,13459.7288,97,27,0.787824,7,2,6,5,certificate
2194,16,16,0,3509.4213,14042.1064,104,26,0.337295,7,2,6,5,certificate
2195,13,13,0,2806.8447,10599.2237,104,20,0.314893,7,2,7,6,certificate
2196,10,10,0,3824.5933,14807.9666,136,21,0.586111,7,2,7,6,certificate
2197,14,14,0,3237.4892,12547.4459,110,21,0.344192,7,2,7,6,certificate
2198,11,11,0,3239.5187,12182.5933,125,20,0.404285,7,2,7,6,certificate
2199,13,13,0,2976.3709,11111.8547,116,21,0.367761,7,2,7,6,certificate
2200,12,12,0,3084.0589,11560.2944,119,20,0.322260,7,2,7,6,certificate
2201,10,10,0,3914.8433,15424.2164,133,20,0.359375,7,3,7,6,certificate
2202,12,12,0,3588.7448,13893.7238,125,20,0.346788,7,2,7,6,certificate
2203,10,10,0,3343.9859,12814.9297,122,19,0.268467,7,2,7,6,certificate
2204,16,16,0,3686.0938,14250.4688,127,23,0.326774,7,2,6,5,certificate
2205,15,15,0,3301.2007,12711.0036,115,23,0.404408,7,2,7,6,certificate
2206,13,13,0,3222.8585,12614.2925,106,20,0.346823,7,2,7,6,certificate
2207,13,13,0,3148.0995,12035.4977,113,21,0.336781,7,2,7,6,certificate
2208,11,11,0,3370.8810,12764.4048,127,19,0.340190,7,2,7,6,certificate
2209,11,11,0,4006.2162,15661.0808,137,21,0.426059,7,2,7,6,certificate
2210,16,16,0,3603.9912,14199.9558,115,24,0.579305,7,2,7,6,certificate
2211,13,13,0,3760.1584,14800.7922,122,24,0.417582,7,2,7,6,certificate
2212,15,15,0,3614.3603,14506.8017,107,24,0.629966,7,2,7,6,certificate
2213,12,12,0,3474.2215,13481.1076,120,19,0.275782,7,2,7,6,certificate
2214,14,14,0,3208.7230,11963.6150,125,23,0.390367,7,3,7,6,certificate
2215,16,16,0,3896.3873,15661.9364,114,22,0.712461,7,2,7,6,certificate
2216,13,13,0,3666.6365,14658.1825,112,22,0.385717,7,2,7,6,certificate
2217,14,14,0,3305.6651,12318.3253,129,27,0.353140,7,2,7,6,certificate
2218,10,10,0,3124.4896,11612.4478,126,19,0.342971,7,2,7,6,certificate
2219,11,11,0,3624.8208,14259.1039,120,19,0.337958,7,2,7,6,certificate
2220,14,14,0,3489.0758,13600.3788,117,23,0.395781,7,2,7,6,certificate
2221,11,11,0,3173.7538,11898.7689,123,20,0.388899,7,2,7,6,certificate
2222,11,11,0,3087.0895,11415.4477,125,19,0.333006,7,2,7,6,certificate
2223,15,15,0,3430.1631,13395.8155,113,22,0.472823,7,2,7,6,certificate
2224,11,11,0,3126.4793,11107.3966,141,20,0.312433,7,2,7,6,certificate
2225,12,12,0,3278.2971,12226.4854,129,19,0.320067,7,2,7,6,certificate
2226,14,14,0,3696.5821,14377.9104,125,24,0.644778,7,2,7,6,certificate
2227,10,10,0,3414.6285,13078.1423,125,21,0.349461,7,2,7,6,certificate
2228,11,11,0,3443.2429,13286.2147,122,22,0.330447,7,2,7,6,certificate
2229,14,14,0,3518.5516,13772.7580,116,25,0.346196,7,2,7,6,certificate
2230,16,16,0,3961.3139,16171.5694,108,27,0.295740,7,2,7,6,certificate
2231,15,15,0,3326.3305,13181.6525,103,24,0.330421,7,2,7,6,certificate
2232,16,16,0,3967.9741,16279.8704,106,25,1.176603,7,2,6,5,certificate
2233,10,10,0,4482.4049,18072.0245,137,23,0.399627,7,2,7,6,certificate
2234,15,15,0,3414.6829,13368.4145,112,27,0.626225,7,2,7,6,certificate
2235,11,11,0,3505.5173,13362.5865,130,20,0.346231,7,2,7,6,certificate
2236,13,13,0,3556.2940,13596.4701,129,21,0.374970,7,2,7,6,certificate
2237,16,16,0,3890.9633,15574.8163,117,26,0.464006,7,2,7,6,certificate
2238,10,10,0,3358.5375,12992.6877,119,18,0.294590,7,2,7,6,certificate
2239,14,14,0,3747.2303,14806.1515,120,24,0.388327,7,2,7,6,certificate
2240,15,15,0,3383.9547,12924.7736,121,23,0.376259,7,2,7,6,certificate
2241,16,16,0,3924.5629,15502.8146,124,25,0.315834,7,2,6,5,certificate
2242,11,11,0,3442.8323,13524.1617,114,19,0.370601,7,2,7,6,certificate
2243,14,14,0,3756.6622,14768.3108,122,25,0.338049,7,2,7,6,certificate
2244,11,11,0,3464.6490,13253.2451,127,20,0.313527,7,3,7,6,certificate
2245,14,14,0,3506.6014,13268.0069,131,22,0.360137,7,2,7,6,certificate
2246,16,16,0,3739.3415,15021.7077,111,26,0.408459,7,2,6,5,certificate
2247,15,15,0,3453.8993,13499.4964,113,23,0.307761,7,2,7,6,certificate
2248,12,12,0,3270.8405,12264.2027,127,23,0.374211,7,2,7,6,certificate
2249,16,16,0,3610.1968,14680.9842,99,23,0.377104,7,2,6,5,certificate
2250,16,16,0,3745.3731,14681.8656,121,26,0.395999,7,2,7,6,certificate
2251,10,10,0,3525.5233,13812.6166,119,19,0.400272,7,2,7,6,certificate
2252,15,15,0,3540.8765,14014.3823,111,22,0.404200,7,2,7,6,certificate
2253,14,14,0,3765.8463,14624.2314,129,26,0.380995,7,2,7,6,certificate
2254,10,10,0,2891.6159,10613.0793,120,17,0.328667,7,2,7,6,certificate
2255,16,16,0,2914.1101,11085.5503,103,25,0.718105,7,2,5,4,certificate
2256,10,10,0,3512.4559,13427.2793,130,21,0.284809,7,3,7,6,certificate
2257,10,10,0,3792.7092,14908.5461,127,18,0.255650,7,2,7,6,certificate
2258,10,10,0,3200.9804,12114.9019,122,23,0.314760,7,3,7,6,certificate
2259,13,13,0,3495.8420,13754.2102,114,22,0.368753,7,2,7,6,certificate
2260,15,15,0,3478.5103,13427.5514,121,24,0.337381,7,2,7,6,certificate
2261,14,14,0,3434.5706,13107.8530,124,24,0.331876,7,2,7,6,certificate
2262,12,12,0,3170.0925,12075.4625,116,18,0.318169,7,2,7,6,certificate
2263,12,12,0,3062.2202,11431.1011,120,22,0.422584,7,2,7,6,certificate
2264,10,10,0,3046.1872,11185.9359,127,19,0.427499,7,2,7,6,certificate
2265,15,15,0,3808.0039,14900.0196,126,23,0.389368,7,2,7,6,certificate
2266,16,16,0,3972.7034,16473.5171,100,26,0.321377,7,2,6,5,certificate
2267,15,15,0,4532.6263,18613.1316,123,25,0.385248,7,2,7,6,certificate
2268,11,11,0,2928.9315,10924.6575,115,20,0.349612,7,2,7,6,certificate
2269,14,14,0,4058.9440,16519.7198,115,23,0.325508,7,2,7,6,certificate
2270,14,14,0,3520.0815,13670.4073,119,24,0.390499,7,2,7,6,certificate
2271,14,14,0,3560.4222,13867.1108,120,24,0.365918,7,2,7,6,certificate
2272,12,12,0,3122.2447,11716.2237,121,20,0.315290,7,3,7,6,certificate
2273,14,14,0,3533.7650,13668.8248,122,22,0.343046,7,2,7,6,certificate
2274,11,11,0,3772.4049,14852.0246,125,20,0.365098,7,2,7,6,certificate
2275,13,13,0,3589.7648,14348.8239,109,22,0.336683,7,3,7,6,certificate
2276,15,15,0,3815.8576,15594.2881,104,24,0.382935,7,2,7,6,certificate
2277,12,12,0,3661.5979,14472.9897,118,21,0.328121,7,2,7,6,certificate
2278,11,11,0,3378.3054,13141.5271,116,18,0.243149,7,2,7,6,certificate
2279,10,10,0,2591.4228,9332.1142,113,17,0.334182,7,2,7,6,certificate
2280,13,13,0,3982.2375,15691.1877,130,23,0.371583,7,2,7,6,certificate
2281,14,14,0,3222.4523,12217.2615,118,25,0.327905,7,2,7,6,certificate
2282,12,12,0,3461.3460,13251.7300,125,21,0.412767,7,2,7,6,certificate
2283,10,10,0,2823.4355,10307.1773,119,17,0.291926,7,2,7,6,certificate
2284,11,11,0,3641.0128,14145.0642,126,22,0.349714,7,2,7,6,certificate
2285,11,11,0,3327.4926,12952.4631,114,19,0.360410,7,2,7,6,certificate
2286,12,12,0,4035.1540,15995.7701,129,25,0.333945,7,2,7,6,certificate
2287,10,10,0,3202.8212,12189.1058,120,17,0.350949,7,2,7,6,certificate
2288,15,15,0,3869.5363,15582.6816,114,26,0.362743,7,2,7,6,certificate
2289,10,10,0,3762.0196,14315.0978,142,19,0.307268,7,3,7,6,certificate
2290,11,11,0,3335.6532,12653.2660,126,21,0.320344,7,2,7,6,certificate
2291,10,10,0,3467.9867,13564.9334,118,20,0.365315,7,2,7,6,certificate
2292,11,11,0,3446.8079,13064.0394,130,21,0.360089,7,2,7,6,certificate
2293,11,11,0,3547.6911,13363.4557,137,21,0.369025,7,2,7,6,certificate
2294,16,16,0,3509.5894,14022.9469,104,25,0.313478,7,2,6,5,certificate
2295,16,16,0,3547.3098,14051.5491,110,27,0.385307,7,2,7,6,certificate
2296,10,10,0,2838.2795,10411.3974,118,17,0.385922,7,2,7,6,certificate
2297,10,10,0,3393.5974,13062.9872,122,18,0.339808,7,2,7,6,certificate
2298,16,16,0,3403.0961,13090.4806,118,23,0.326339,7,2,7,6,certificate
2299,12,12,0,3949.6552,15893.2762,119,21,0.345365,7,2,7,6,certificate
2300,16,16,0,3400.4294,12582.1470,135,25,0.312805,7,2,7,6,certificate
2301,16,16,0,3347.2335,12881.1674,116,27,0.286847,7,2,6,5,certificate
2302,13,13,0,3356.6289,12808.1447,122,21,0.283032,7,2,7,6,certificate
2303,16,16,0,3415.0332,13275.1658,114,24,0.338433,7,2,6,5,certificate
2304,10,10,0,3362.1207,12920.6035,122,22,0.405261,7,2,7,6,certificate
2305,12,12,0,3055.2243,11441.1216,118,20,0.266133,7,2,7,6,certificate
2306,10,10,0,3322.7781,12803.8907,119,19,0.334281,7,2,7,6,certificate
2307,15,15,0,3856.2026,15431.0132,117,25,0.336739,7,2,7,6,certificate
2308,15,15,0,3590.8467,14064.2335,117,25,0.375207,7,2,7,6,certificate
2309,12,12,0,3428.8484,13089.2422,126,25,0.512431,7,2,7,5,certificate
2310,11,11,0,3299.5694,12467.8468,126,22,0.380851,7,2,7,6,certificate
2311,12,12,0,3684.3790,14321.8951,127,21,0.288373,7,2,7,6,certificate
2312,15,15,0,3508.3680,13876.8400,110,23,0.302974,7,2,7,6,certificate
2313,13,13,0,3744.4353,14997.1766,114,24,0.390273,7,2,7,6,certificate
2314,16,16,0,3527.8059,14069.0295,106,21,0.277185,7,3,5,4,certificate
2315,13,13,0,3633.2948,14101.4742,125,25,0.420173,7,2,7,6,certificate
2316,16,16,0,3300.0500,12970.2500,105,21,0.425207,7,2,6,5,certificate
2317,13,13,0,2871.5815,10467.9076,119,22,0.381152,7,2,7,6,certificate
2318,16,16,0,4118.8764,16209.3821,133,30,0.813167,7,2,6,5,certificate
2319,10,10,0,3578.2719,14016.3593,121,19,0.323390,7,2,7,6,certificate
2320,14,14,0,3124.1796,11780.8980,117,28,0.337156,7,2,7,6,certificate
2321,16,16,0,3544.6939,14433.4697,97,26,0.661058,7,2,5,4,certificate
2322,15,15,0,3862.3182,15376.5912,119,26,0.333320,7,2,7,6,certificate
2323,10,10,0,2897.2114,10576.0571,122,22,0.394554,7,2,7,6,certificate
2324,15,15,0,3792.6664,15388.3322,107,25,0.446840,7,2,7,6,certificate
2325,10,10,0,2953.0363,10890.1817,121,17,0.283170,7,2,7,6,certificate
2326,16,16,0,3620.6022,13988.0112,125,24,0.406511,7,2,7,6,certificate
2327,14,14,0,3808.9955,15009.9773,123,23,0.513273,7,2,7,6,certificate
2328,12,12,0,3837.8178,15084.0890,127,21,0.302297,7,3,7,6,certificate
2329,14,14,0,3444.6561,13163.2804,124,26,0.368346,7,2,7,6,certificate
2330,15,15,0,3305.6879,12318.4394,128,22,0.328334,7,2,7,6,certificate
2331,16,16,0,3268.0405,12715.2026,108,24,0.331524,7,2,6,5,certificate
2332,11,11,0,3134.9011,12019.5056,113,21,0.404249,7,2,7,6,certificate
2333,11,11,0,3323.3234,12486.6170,129,21,0.429729,7,2,7,6,certificate
2334,10,10,0,3272.8026,12349.0130,126,19,0.337183,7,2,7,6,certificate
2335,14,14,0,3200.5969,12277.9847,113,22,0.328789,7,2,7,6,certificate
2336,11,11,0,2989.1819,11165.9095,117,18,0.347106,7,2,7,6,certificate
2337,13,13,0,3319.4246,12432.1228,128,21,0.383133,7,3,7,6,certificate
2338,13,13,0,3454.5222,13297.6112,122,24,0.436369,7,2,7,6,certificate
2339,11,11,0,3254.2539,12591.2693,114,18,0.438083,7,2,7,6,certificate
2340,12,12,0,3271.8020,12239.0099,128,23,0.360010,7,2,7,6,certificate
2341,14,14,0,3305.1357,12805.6783,113,24,0.318102,7,2,7,6,certificate
2342,14,14,0,3186.7740,11873.8698,124,24,0.345450,7,2,7,6,certificate
2343,15,15,0,3655.3450,14861.7251,102,25,1.008818,7,2,7,6,certificate
2344,16,16,0,3860.1109,15675.5546,109,24,0.296191,7,2,7,6,certificate
2345,14,14,0,3984.8384,16044.1922,118,25,0.315164,7,2,7,6,certificate
2346,16,16,0,3765.8243,15139.1216,110,25,0.364070,7,3,7,6,certificate
2347,12,12,0,2925.2647,10456.3233,129,19,0.319368,7,3,7,6,certificate
2348,12,12,0,3136.9030,11619.5150,126,24,0.354290,7,3,7,6,certificate
2349,14,14,0,3879.5864,15622.9318,115,26,0.473314,7,2,7,6,certificate
2350,11,11,0,3226.1556,11935.7781,131,19,0.326923,7,2,7,6,certificate
2351,15,15,0,3467.2900,13511.4500,115,23,0.363967,7,2,7,6,certificate
2352,12,12,0,3845.7264,15133.6321,127,21,0.340816,7,2,7,6,certificate
2353,12,12,0,3578.2468,13461.2340,138,22,0.326235,7,2,7,6,certificate
2354,15,15,0,3932.4796,15572.3981,124,25,0.320556,7,3,7,6,certificate
2355,15,15,0,3598.5528,13717.7638,132,26,0.521939,7,2,7,6,certificate
2356,15,15,0,3693.5369,14727.6845,113,23,0.438145,7,2,7,6,certificate
2357,13,13,0,3351.0528,12740.2639,123,20,0.314551,7,3,7,6,certificate
2358,14,14,0,3677.9053,14369.5266,123,24,0.338665,7,2,7,6,certificate
2359,11,11,0,2962.1971,11105.9854,115,20,0.293746,7,2,7,6,certificate
2360,12,12,0,3676.3379,14701.6895,113,21,0.346634,7,2,7,6,certificate
2361,16,16,0,3560.1781,13850.8907,119,25,0.373151,7,2,7,6,certificate
2362,16,16,0,3528.8289,13509.1446,125,29,0.447748,7,2,7,6,certificate
2363,10,10,0,3313.2721,12781.3604,118,19,0.470988,7,2,7,6,certificate
2364,10,10,0,3254.8327,12559.1633,116,18,0.292625,7,3,7,6,certificate
2365,15,15,0,3602.7473,14323.7367,111,24,0.417200,7,2,7,6,certificate
2366,11,11,0,3415.9206,13034.6030,127,21,0.358292,7,2,7,6,certificate
2367,12,12,0,3685.4619,14547.3097,120,22,0.348866,7,2,7,6,certificate
2368,12,12,0,3659.3752,14291.8759,124,22,0.397500,7,3,7,6,certificate
2369,11,11,0,2992.5990,11247.9949,115,18,0.334458,7,2,7,6,certificate
2370,14,14,0,3341.4204,12767.1018,120,24,0.402816,7,2,7,6,certificate
2371,13,13,0,3579.1502,13965.7508,121,22,0.306815,7,2,7,6,certificate
2372,16,16,0,3942.4008,15887.0041,115,26,0.333468,7,2,6,5,certificate
2373,10,10,0,3282.2541,12506.2704,122,21,0.398607,7,2,7,6,certificate
2374,11,11,0,3893.0036,15270.0180,132,20,0.395054,7,2,7,6,certificate
2375,16,16,0,3859.2314,15311.1570,120,28,0.390975,7,2,7,6,certificate
2376,12,12,0,3215.7140,11828.5698,133,23,0.362839,7,2,7,6,certificate
2377,15,15,0,3001.5493,11032.7466,121,22,0.308507,7,3,7,6,certificate
2378,13,13,0,3605.7839,14128.9194,121,22,0.309886,7,3,7,6,certificate
2379,13,13,0,3383.7570,13323.7848,110,21,0.387192,7,2,7,6,certificate
2380,16,16,0,3468.9919,13649.9594,110,22,0.318161,7,2,6,5,certificate
2381,14,14,0,3537.9380,13854.6899,117,23,0.355324,7,2,7,6,certificate
2382,15,15,0,3508.2661,13556.3307,120,25,0.330514,7,2,7,6,certificate
2383,14,14,0,3830.9884,15569.9422,108,24,0.362998,7,2,7,6,certificate
2384,14,14,0,3195.5893,12387.9463,109,23,0.386556,7,3,7,6,certificate
2385,13,13,0,3686.7164,14488.5819,121,22,0.347629,7,2,7,6,certificate
2386,12,12,0,3261.3508,12621.7539,113,21,0.415155,7,2,7,6,certificate
2387,11,11,0,3015.7117,11033.5587,127,22,0.380718,7,2,7,6,certificate
2388,13,13,0,3217.3806,12516.9029,109,22,0.422991,7,2,7,6,certificate
2389,15,15,0,2942.7157,11138.5787,107,22,0.576379,7,2,7,6,certificate
2390,14,14,0,3677.9645,14544.8224,117,25,0.352450,7,2,7,6,certificate
2391,12,12,0,2975.1433,11140.7164,115,21,0.357524,7,2,7,6,certificate
2392,13,13,0,3410.1403,13380.7017,112,21,0.332200,7,2,7,6,certificate
2393,12,12,0,3619.3312,14086.6560,124,21,0.377507,7,2,7,6,certificate
2394,12,12,0,3241.3011,12376.5057,118,22,0.323776,7,2,7,6,certificate
2395,14,14,0,3362.9608,12664.8042,127,23,0.456496,7,2,7,6,certificate
2396,14,14,0,3242.9661,12469.8303,113,23,0.361827,7,2,7,6,certificate
2397,10,10,0,3116.5408,11797.7038,118,18,0.362714,7,2,7,6,certificate
2398,11,11,0,3011.9332,11259.6662,118,20,0.418877,7,2,7,6,certificate
2399,12,12,0,3400.2447,13171.2234,118,20,0.310217,7,2,7,6,certificate
2400,16,16,0,2984.2962,11276.4809,109,22,0.340925,7,2,5,4,certificate
2401,12,12,0,3178.9813,11859.9064,125,23,0.379492,7,2,7,6,certificate
2402,11,11,0,3277.5228,12352.6138,126,19,0.357352,7,2,7,6,certificate
2403,10,10,0,2969.4276,11032.1378,119,18,0.388030,7,2,7,6,certificate
2404,14,14,0,3517.8766,13624.3828,121,22,0.432979,7,2,7,6,certificate
2405,11,11,0,3707.6945,14733.4724,118,23,0.408848,7,2,7,6,certificate
2406,10,10,0,2911.4630,10582.3148,124,20,0.407777,7,2,7,6,certificate
2407,11,11,0,3597.2792,13911.3959,127,21,0.376821,7,2,7,6,certificate
2408,15,15,0,4167.0579,17020.2894,115,27,0.429806,7,2,7,6,certificate
2409,14,14,0,3343.4322,12902.1608,116,23,0.425415,7,2,7,6,certificate
2410,16,16,0,2798.2149,10926.0743,89,20,0.248817,7,2,4,3,certificate
2411,15,15,0,3097.8324,12094.1619,102,23,0.765489,7,2,7,6,certificate
2412,16,16,0,3215.6917,12588.4583,103,25,0.227883,7,2,4,3,certificate
2413,16,16,0,3280.7766,12953.8829,102,23,0.379518,7,2,6,5,certificate
2414,11,11,0,3191.2789,12091.3946,120,19,0.393992,7,2,7,6,certificate
2415,10,10,0,3057.2852,10861.4260,139,21,0.290824,7,2,7,6,certificate
2416,14,14,0,3669.9304,14269.6520,125,25,0.439398,7,2,7,6,certificate
2417,14,14,0,3326.8240,12849.1200,115,24,0.416705,7,2,7,6,certificate
2418,14,14,0,3082.8578,11389.2890,123,21,0.331801,7,2,7,6,certificate
2419,14,14,0,2997.1100,11125.5501,117,25,0.490937,7,2,7,6,certificate
2420,13,13,0,2957.0974,11035.4872,115,21,0.288031,7,2,7,6,certificate
2421,14,14,0,3143.1731,12085.8656,110,23,0.327962,7,2,7,6,certificate
2422,16,16,0,4076.8828,17039.4138,99,27,0.411617,7,2,6,5,certificate
2423,12,12,0,3747.8400,14759.2001,123,20,0.301200,7,3,7,6,certificate
2424,11,11,0,3009.9527,11179.7636,120,19,0.304915,7,2,7,6,certificate
2425,11,11,0,3935.3445,15961.7226,115,20,0.284810,7,2,7,6,certificate
2426,13,13,0,3194.4936,12237.4682,114,24,0.290680,7,2,7,6,certificate
2427,11,11,0,2960.2176,11091.0878,115,19,0.318762,7,2,7,6,certificate
2428,16,16,0,3093.9887,11394.9435,123,27,0.362703,7,3,7,6,certificate
2429,13,13,0,3495.9278,13654.6392,117,23,0.414847,7,2,7,6,certificate
2430,10,10,0,2945.4045,11072.0225,114,18,0.319339,7,2,7,6,certificate
2431,15,15,0,3634.1703,13935.8513,129,26,0.357571,7,2,7,6,certificate
2432,15,15,0,3631.0948,14190.4740,120,24,0.435822,7,2,7,6,certificate
2433,10,10,0,3140.0892,12005.4458,115,17,0.347520,7,2,7,6,certificate
2434,16,16,0,3848.5090,15527.5450,111,26,0.411536,7,2,6,5,certificate
2435,16,16,0,3225.0402,12435.2008,110,23,0.430679,7,2,6,5,certificate
2436,16,16,0,2772.4036,10962.0181,84,23,0.282317,7,2,5,3,certificate
2437,15,15,0,3467.3347,13746.6734,108,24,0.566534,7,2,7,6,certificate
2438,14,14,0,3330.5448,12657.7240,122,22,0.476436,7,2,7,6,certificate
2439,14,14,0,3158.2076,12031.0382,114,22,0.419499,7,2,7,6,certificate
2440,14,14,0,2905.0331,10820.1655,112,23,0.385185,7,2,7,6,certificate
2441,12,12,0,2890.3592,10696.7960,116,21,0.363862,7,2,7,6,certificate
2442,14,14,0,3432.2686,13456.3432,112,22,0.361040,7,2,7,6,certificate
2443,15,15,0,3592.4609,14177.3047,114,24,0.370257,7,2,7,6,certificate
2444,12,12,0,3397.9779,13309.8894,113,20,0.332387,7,2,7,6,certificate
2445,10,10,0,2930.8135,11019.0674,113,18,0.306625,7,2,7,6,certificate
2446,10,10,0,3163.4328,11717.1640,129,18,0.353208,7,2,7,6,certificate
2447,14,14,0,3749.2414,14811.2069,120,21,0.312540,7,2,7,6,certificate
2448,12,12,0,3204.7146,11898.5728,128,22,0.335511,7,3,7,6,certificate
2449,16,16,0,4044.2575,16026.2874,127,27,0.383556,7,2,7,6,certificate
2450,15,15,0,3578.8159,14259.0793,109,25,0.537404,7,2,7,6,certificate
2451,11,11,0,2945.7699,11073.8496,113,20,0.382618,7,2,7,6,certificate
2452,16,16,0,3938.0640,15675.3201,121,28,0.374847,7,2,7,6,certificate
2453,14,14,0,3554.8053,14049.0263,112,21,0.288316,7,2,7,6,certificate
2454,12,12,0,2959.4215,11097.1077,114,20,0.322014,7,2,7,6,certificate
2455,11,11,0,3636.0216,14355.1080,119,20,0.339491,7,2,7,6,certificate
2456,10,10,0,3115.1367,11825.6836,117,17,0.291107,7,2,7,6,certificate
2457,16,16,0,3490.0962,13385.4810,123,25,0.342094,7,2,7,6,certificate
2458,14,14,0,3313.5898,12867.9492,112,23,0.417493,7,2,7,6,certificate
2459,14,14,0,2868.7917,10383.9583,121,23,0.471715,7,2,7,6,certificate
2460,15,15,0,3871.1496,15345.7481,121,22,0.297540,7,2,7,6,certificate
2461,14,14,0,3188.9506,12359.7529,108,21,0.488697,7,2,7,6,certificate
2462,13,13,0,3484.6387,13843.1933,109,21,0.332507,7,2,7,6,certificate
2463,13,13,0,3627.5135,13862.5675,132,23,0.429581,7,2,7,6,certificate
2464,16,16,0,3974.2557,15611.2786,129,26,0.420134,7,2,7,6,certificate
2465,11,11,0,2821.9164,10699.5818,105,20,0.355583,7,2,7,6,certificate
2466,11,11,0,3092.3622,11526.8109,123,18,0.305118,7,2,7,6,certificate
2467,12,12,0,3152.4857,11572.4286,129,20,0.320104,7,2,7,6,certificate
2468,16,16,0,3695.0958,14855.4788,108,25,0.449922,7,2,7,6,certificate
2469,13,13,0,3374.9655,13084.8274,116,25,0.457638,7,2,7,6,certificate
2470,12,12,0,3360.0809,12640.4047,129,21,0.420871,7,2,7,6,certificate
2471,16,16,0,4229.1553,17245.7765,118,25,0.467589,7,2,6,5,certificate
2472,12,12,0,2992.3619,11121.8097,119,20,0.346879,7,2,7,6,certificate
2473,10,10,0,2808.9297,9959.6486,128,17,0.391379,7,2,7,6,certificate
2474,10,10,0,3253.6716,12543.3582,116,20,0.445386,7,2,7,6,certificate
2475,10,10,0,3375.5422,13002.7109,121,18,0.320944,7,3,7,6,certificate
2476,11,11,0,3397.6745,13088.3723,121,19,0.366980,7,2,7,6,certificate
2477,10,10,0,3875.7563,15508.7813,121,18,0.332604,7,2,7,6,certificate
2478,16,16,0,3533.8172,14004.0858,109,25,0.508841,7,2,6,5,certificate
2479,13,13,0,3374.4016,12932.0080,121,25,0.453644,7,2,7,6,certificate
2480,14,14,0,3522.3351,13791.6753,116,22,0.377208,7,2,7,6,certificate
2481,13,13,0,3675.9536,14974.7682,103,22,0.431081,7,2,7,6,certificate
2482,15,15,0,3063.4243,11542.1213,114,25,0.336794,7,2,7,6,certificate
2483,13,13,0,3442.1548,13230.7742,122,22,0.313742,7,2,7,6,certificate
2484,14,14,0,3835.1506,15295.7532,118,25,0.411238,7,2,7,6,certificate
2485,13,13,0,3496.1306,13690.6530,116,22,0.818609,7,2,7,6,certificate
2486,14,14,0,2900.5962,10987.9811,106,20,0.352172,7,2,7,6,certificate
2487,14,14,0,3569.6939,13653.4696,128,25,0.415899,7,2,7,6,certificate
2488,10,10,0,2860.4004,10682.0018,113,20,0.380548,7,2,7,6,certificate
2489,12,12,0,3486.6107,13458.0537,122,21,0.336655,7,2,7,6,certificate
2490,13,13,0,3737.9378,14749.6892,121,24,0.380806,7,2,7,6,certificate
2491,15,15,0,3758.4704,14862.3520,119,25,0.350900,7,2,7,6,certificate
2492,13,13,0,3408.6379,13033.1896,123,23,0.377966,7,2,7,6,certificate
2493,16,16,0,3226.2279,12286.1396,116,23,0.387850,7,2,6,5,certificate
2494,13,13,0,3562.5621,13647.8106,128,23,0.328838,7,2,7,6,certificate
2495,15,15,0,3144.7591,11768.7956,120,23,0.284850,7,2,7,6,certificate
2496,10,10,0,2789.8362,10019.1809,123,19,0.359230,7,3,7,6,certificate
2497,11,11,0,3275.0481,12265.2406,128,21,0.395042,7,3,7,6,certificate
2498,15,15,0,3490.7715,14033.8574,102,24,0.338354,7,2,7,6,certificate
2499,15,15,0,3584.1898,14080.9490,116,27,0.556354,7,2,7,6,certificate
2500,14,14,0,3467.3438,13666.7192,111,24,0.359759,7,2,7,6,certificate
2501,16,16,0,2929.3133,11591.5665,89,22,0.426099,7,2,3,2,certificate
2502,12,12,0,3247.7097,12453.5484,117,22,0.480934,7,2,7,6,certificate
2503,12,12,0,3084.7672,11743.8361,113,21,0.394322,7,2,7,6,certificate
2504,14,14,0,3251.4659,12737.3296,106,24,0.473235,7,2,7,6,certificate
2505,12,12,0,3114.7850,11358.9252,131,22,0.416346,7,2,7,6,certificate
2506,16,16,0,3530.6403,13728.2013,118,23,0.329370,7,2,6,5,certificate
2507,12,12,0,3694.4794,14737.3969,115,19,0.391564,7,2,7,6,certificate
2508,12,12,0,3241.8270,12264.1351,122,21,0.435665,7,2,7,6,certificate
2509,15,15,0,3110.7639,11753.8197,115,25,0.377310,7,2,7,6,certificate
2510,14,14,0,3042.2006,10826.0029,135,21,0.438585,7,2,7,6,certificate
2511,10,10,0,3513.2036,13581.0178,125,19,0.343529,7,2,7,6,certificate
2512,10,10,0,2783.4355,10227.1775,115,16,0.278279,7,2,7,6,certificate
2513,11,11,0,2724.1508,10115.7541,108,18,0.321722,7,2,7,6,certificate
2514,10,10,0,3297.7028,11843.5142,147,20,0.482878,7,2,7,6,certificate
2515,13,13,0,3478.8017,13209.0083,129,22,0.421033,7,2,7,6,certificate
2516,15,15,0,3846.6570,14878.2852,133,23,0.358933,7,3,7,6,certificate
2517,13,13,0,3053.7250,11253.6252,123,28,0.387337,7,2,7,6,certificate
2518,10,10,0,2790.6693,10258.3466,115,18,0.430020,7,2,7,6,certificate
2519,11,11,0,3546.6540,13953.2701,117,22,0.419341,7,2,7,6,certificate
2520,10,10,0,3458.9909,13099.9543,132,20,0.393878,7,2,7,6,certificate
2521,16,16,0,3827.8615,15464.3075,110,27,0.470956,7,2,6,5,certificate
2522,15,15,0,3458.0631,13485.3157,115,25,0.316514,7,2,7,6,certificate
2523,12,12,0,3278.7627,12348.8136,125,21,0.284661,7,2,7,6,certificate
2524,16,16,0,3555.1238,14205.6189,106,25,0.655084,7,2,6,5,certificate
2525,15,15,0,3244.3595,12391.7974,116,24,0.343375,7,2,7,6,certificate
2526,12,12,0,3116.1798,11585.8989,123,20,0.345685,7,2,7,6,certificate
2527,12,12,0,3606.6635,13743.3173,134,24,0.362272,7,2,7,6,certificate
2528,16,16,0,4329.9853,17424.9267,128,25,0.478935,7,2,7,6,certificate
2529,12,12,0,3177.2483,12086.2416,117,21,0.381961,7,2,7,6,certificate
2530,11,11,0,3575.2769,14021.3843,120,21,0.366218,7,2,7,6,certificate
2531,10,10,0,3341.0134,13040.0669,114,17,0.261210,7,3,7,6,certificate
2532,15,15,0,3185.2844,12146.4220,114,21,0.306550,7,2,7,6,certificate
2533,13,13,0,3636.9889,14414.9443,116,24,0.382511,7,2,7,6,certificate
2534,14,14,0,3553.9369,13764.6847,122,23,0.381422,7,2,7,6,certificate
2535,15,15,0,3514.1428,13870.7139,111,25,0.346823,7,2,7,6,certificate
2536,10,10,0,2725.5244,9602.6222,126,16,0.292275,7,2,7,6,certificate
2537,16,16,0,3782.5084,14812.5422,124,24,0.412410,7,2,6,5,certificate
2538,10,10,0,3178.1059,11925.5297,124,19,0.405716,7,2,7,6,certificate
2539,14,14,0,3159.2666,11851.3332,121,23,0.373760,7,2,7,6,certificate
2540,16,16,0,3927.2350,15961.1752,110,27,0.435410,7,2,6,5,certificate
2541,16,16,0,3442.6230,13913.1152,97,23,0.887315,7,2,6,5,certificate
2542,16,16,0,3306.0224,13075.1121,102,23,0.353249,7,2,6,5,certificate
2543,10,10,0,3131.7637,11993.8185,114,18,0.370251,7,2,7,6,certificate
2544,13,13,0,3443.5371,13242.6856,122,22,0.341356,7,2,7,6,certificate
2545,16,16,0,3488.4502,13902.2511,105,24,0.297783,7,2,5,4,certificate
2546,10,10,0,3340.2708,12591.3541,129,21,0.412390,7,2,7,6,certificate
2547,16,16,0,3173.3141,12026.5704,116,23,0.444403,7,2,6,5,certificate
2548,10,10,0,3265.5871,12222.9354,129,20,0.348658,7,2,7,6,certificate
2549,12,12,0,3653.5277,14407.6387,119,22,0.483734,7,2,7,6,certificate
2550,16,16,0,3680.6183,14218.0914,126,26,0.496758,7,2,6,5,certificate
2551,12,12,0,3515.8562,13589.2810,123,23,0.445468,7,2,7,6,certificate
2552,15,15,0,3606.4132,14362.0658,110,25,0.513421,7,2,7,6,certificate
2553,13,13,0,3225.3557,11566.7786,142,23,0.376751,7,3,7,6,certificate
2554,11,11,0,2974.4411,11247.2054,112,19,0.311707,7,2,7,6,certificate
2555,11,11,0,3159.6609,12138.3046,114,19,0.286473,7,2,7,6,certificate
2556,13,13,0,3892.0660,15830.3299,111,21,0.427592,7,3,7,6,certificate
2557,13,13,0,3289.4216,12952.1079,106,21,0.310386,7,2,7,6,certificate
2558,14,14,0,2828.4632,10232.3161,119,24,0.327496,7,2,7,6,certificate
2559,16,16,0,3540.1403,13870.7013,114,24,0.332157,7,2,6,5,certificate
2560,10,10,0,3708.3479,14496.7397,127,23,0.335642,7,2,7,6,certificate
2561,13,13,0,3173.9777,11924.8886,121,21,0.318898,7,2,7,6,certificate
2562,10,10,0,2934.9183,10769.5916,122,19,0.374433,7,2,7,6,certificate
2563,11,11,0,3496.3392,13116.6958,137,20,0.341775,7,2,7,6,certificate
2564,10,10,0,3334.9617,12839.8086,120,21,0.349210,7,2,7,6,certificate
2565,14,14,0,3507.4197,13872.0985,111,21,0.301690,7,2,7,6,certificate
2566,12,12,0,3561.8968,13664.4839,128,20,0.337085,7,2,7,6,certificate
2567,13,13,0,3307.6059,12603.0296,121,21,0.295578,7,2,7,6,certificate
2568,11,11,0,2988.3306,11081.6532,120,20,0.339320,7,2,7,6,certificate
2569,11,11,0,3347.4857,12722.4286,125,20,0.391685,7,3,7,6,certificate
2570,13,13,0,3077.1613,11610.8065,116,21,0.409532,7,2,7,6,certificate
2571,14,14,0,2939.0663,10690.3316,122,21,0.336182,7,2,7,6,certificate
2572,14,14,0,3372.0789,12835.3947,123,23,0.432125,7,2,7,6,certificate
2573,11,11,0,3341.7692,12963.8458,116,17,0.319931,7,3,7,6,certificate
2574,15,15,0,3438.7226,13263.6129,119,23,0.434592,7,2,7,6,certificate
2575,10,10,0,3836.8031,15124.0156,127,17,0.344176,7,2,7,6,certificate
2576,14,14,0,3388.8809,12854.4046,125,22,0.369883,7,2,7,6,certificate
2577,13,13,0,3551.3369,13636.6844,127,21,0.347384,7,2,7,6,certificate
2578,13,13,0,3944.2333,15776.1667,121,22,0.317533,7,2,7,6,certificate
2579,10,10,0,3068.3586,10996.7932,137,20,0.354105,7,2,7,6,certificate
2580,12,12,0,4187.0388,17060.1939,120,19,0.331140,7,2,7,6,certificate
2581,11,11,0,3434.4525,13307.2627,120,20,0.363676,7,2,7,6,certificate
2582,14,14,0,3566.1468,13940.7338,119,24,0.357500,7,2,7,6,certificate
2583,16,16,0,3931.4154,15752.0769,117,25,0.340233,7,2,6,5,certificate
2584,11,11,0,3273.4735,12157.3675,132,18,0.300491,7,4,7,6,certificate
2585,15,15,0,3741.9779,14844.8897,117,25,0.354167,7,2,7,6,certificate
2586,15,15,0,3418.5901,12882.9506,128,24,0.326689,7,2,7,6,certificate
2587,15,15,0,3838.4598,15107.2989,125,25,0.528341,7,2,7,6,certificate
2588,11,11,0,3020.2137,11201.0687,121,21,0.449958,7,2,7,6,certificate
2589,10,10,0,3111.0404,11895.2018,114,17,0.423784,7,2,7,6,certificate
2590,15,15,0,4362.9956,17824.9778,121,25,0.389975,7,2,7,6,certificate
2591,15,15,0,3752.3000,14856.4998,118,24,0.359092,7,2,7,6,certificate
2592,10,10,0,3554.8531,13964.2654,119,19,0.317242,7,2,7,6,certificate
2593,11,11,0,3305.2573,13021.2866,108,18,0.275333,7,2,7,6,certificate
2594,13,13,0,3451.9063,12479.5313,149,24,0.358749,7,2,7,6,certificate
2595,12,12,0,3166.8635,12144.3176,113,19,0.367419,7,2,7,6,certificate
2596,12,12,0,3821.4816,15117.4081,123,24,0.464592,7,2,7,6,certificate
2597,16,16,0,3494.6561,13438.2805,122,24,0.364968,7,2,6,5,certificate
2598,13,13,0,3799.3789,15206.8947,116,24,0.376352,7,2,7,6,certificate
2599,11,11,0,2884.6331,10803.1656,112,19,0.325370,7,2,7,6,certificate
2600,10,10,0,3271.9523,12209.7616,130,18,0.318518,7,2,7,6,certificate
2601,14,14,0,3071.9506,12044.7529,99,21,0.311640,7,2,7,6,certificate
2602,16,16,0,3442.4176,13977.0878,95,24,0.468334,7,2,5,4,certificate
2603,10,10,0,2969.6781,11093.3907,117,19,0.457081,7,2,7,6,certificate
2604,13,13,0,3863.7356,15448.6778,119,22,0.390315,7,2,7,6,certificate
2605,15,15,0,3284.5785,12807.8924,108,23,0.385197,7,2,7,6,certificate
2606,11,11,0,3954.7538,15763.7688,125,22,0.361047,7,2,7,6,certificate
2607,12,12,0,3417.0534,13550.2671,108,20,0.386808,7,2,7,6,certificate
2608,10,10,0,3321.8321,12799.1603,119,17,0.294444,7,2,7,6,certificate
2609,16,16,0,3523.2788,13816.3942,114,27,0.391324,7,2,6,5,certificate
2610,12,12,0,2691.4334,9692.1670,116,20,0.374959,7,2,7,6,certificate
2611,11,11,0,3110.3531,11601.7655,123,20,0.307169,7,2,7,6,certificate
2612,11,11,0,3452.1357,13050.6785,132,20,0.407030,7,3,7,6,certificate
2613,11,11,0,3635.1119,13290.5595,154,23,0.475660,7,2,7,6,certificate
2614,11,11,0,3445.1601,13055.8003,131,21,0.404677,7,2,7,6,certificate
2615,13,13,0,3237.7710,12728.8549,105,21,0.511673,7,2,7,6,certificate
2616,15,15,0,3119.5111,11967.5555,109,22,0.459157,7,2,7,6,certificate
2617,13,13,0,3363.3341,12941.6706,119,22,0.357258,7,2,7,6,certificate
2618,10,10,0,2792.3998,9991.9988,123,18,0.636779,7,2,7,6,certificate
2619,14,14,0,3175.0034,11845.0168,123,20,0.423200,7,2,7,6,certificate
2620,14,14,0,3047.4771,11742.3857,105,22,0.386608,7,2,7,6,certificate
2621,15,15,0,3458.2398,13341.1990,120,25,0.551052,7,2,7,6,certificate
2622,16,16,0,3534.3272,13096.6361,141,26,0.451056,7,2,7,6,certificate
2623,10,10,0,3804.2598,15006.2988,126,23,0.394705,7,2,7,6,certificate
2624,13,13,0,3745.0404,14960.2020,115,20,0.424428,7,2,7,6,certificate
2625,11,11,0,3308.6449,12533.2243,124,20,0.335391,7,3,7,6,certificate
2626,16,16,0,3777.7033,15193.5163,110,26,0.320981,7,2,6,5,certificate
2627,16,16,0,3182.3996,12051.9982,116,25,0.379880,7,2,5,4,certificate
2628,11,11,0,3528.2767,13526.3834,129,18,0.295669,7,2,7,6,certificate
2629,13,13,0,3737.9637,14619.8187,125,20,0.340498,7,2,7,6,certificate
2630,10,10,0,3110.3313,11741.6563,119,18,0.338479,7,3,7,6,certificate
2631,10,10,0,3542.6681,13678.3405,127,20,0.357844,7,2,7,6,certificate
2632,10,10,0,3475.0144,13105.0720,134,20,0.372291,7,2,7,6,certificate
2633,13,13,0,3481.4157,13332.0787,126,22,0.416503,7,2,7,6,certificate
2634,12,12,0,3150.7372,11713.6859,125,22,0.393557,7,2,7,6,certificate
2635,15,15,0,3297.9815,12984.9077,104,24,0.493229,7,2,7,6,certificate
2636,15,15,0,3406.8538,13049.2688,121,23,0.356253,7,2,7,6,certificate
2637,12,12,0,3183.0321,12070.1605,119,21,0.415443,7,2,7,6,certificate
2638,14,14,0,3116.9176,11959.5879,110,22,0.436545,7,2,7,6,certificate
2639,11,11,0,3289.5221,12672.6107,117,20,0.362379,7,2,7,6,certificate
2640,14,14,0,2928.4061,10857.0303,115,23,0.524066,7,2,7,6,certificate
2641,12,12,0,3200.8665,12459.3327,109,20,0.498318,7,2,7,6,certificate
2642,10,10,0,3564.5398,14017.6992,119,19,0.410958,7,2,7,6,certificate
2643,13,13,0,3741.3097,14476.5484,130,23,0.388922,7,2,7,6,certificate
2644,10,10,0,3566.6034,13548.0170,135,19,0.350011,7,2,7,6,certificate
2645,12,12,0,3385.3301,12786.6505,129,22,0.348022,7,2,7,6,certificate
2646,10,10,0,2863.7249,10293.6244,126,22,0.384151,7,2,7,6,certificate
2647,12,12,0,3510.8432,13479.2161,126,24,0.418841,7,2,7,6,certificate
2648,13,13,0,3259.5775,12592.8877,113,24,0.371044,7,2,7,6,certificate
2649,13,13,0,3433.6796,13373.3978,116,21,0.375322,7,2,7,6,certificate
2650,14,14,0,3026.9559,11169.7796,121,24,0.398036,7,2,7,6,certificate
2651,10,10,0,3534.8486,13589.2430,128,20,0.428805,7,2,7,6,certificate
2652,16,16,0,3619.6959,13708.4793,134,26,0.404837,7,2,6,5,certificate
2653,10,10,0,3409.2777,13091.3884,124,20,0.419126,7,2,7,6,certificate
2654,13,13,0,3371.8719,13019.3594,118,23,0.399034,7,2,7,6,certificate
2655,14,14,0,2912.6306,10918.1532,110,22,0.337990,7,2,7,6,certificate
2656,16,16,0,3851.7113,15603.5564,109,22,0.293539,7,2,6,5,certificate
2657,16,16,0,4523.0597,18430.2985,128,25,0.386407,7,2,6,5,certificate
2658,16,16,0,3603.2336,14096.1681,118,29,0.482784,7,2,6,5,certificate
2659,15,15,0,3629.9629,13904.8144,130,23,0.563519,7,2,7,6,certificate
2660,13,13,0,3724.3335,14671.6674,121,23,0.367132,7,3,7,6,certificate
2661,16,16,0,4064.9323,16544.6614,113,25,0.351693,7,2,6,5,certificate
2662,11,11,0,3612.9139,14314.5696,116,18,0.315235,7,2,7,6,certificate
2663,14,14,0,3445.4572,13352.2858,118,24,0.344579,7,2,7,6,certificate
2664,10,10,0,3249.6273,12078.1367,131,17,0.344901,7,3,7,6,certificate
2665,11,11,0,2976.3006,10851.5031,125,18,0.326727,7,3,7,6,certificate
2666,12,12,0,4284.3867,17621.9336,117,18,0.313107,7,3,7,6,certificate
2667,14,14,0,3527.7568,13733.7841,119,22,0.315004,7,2,7,6,certificate
2668,11,11,0,3384.0042,13260.0209,113,18,0.268331,7,2,7,6,certificate
2669,12,12,0,4138.6720,16763.3599,122,23,0.373278,7,2,7,6,certificate
2670,13,13,0,3391.5891,13317.9454,111,21,0.334775,7,2,7,6,certificate
2671,14,14,0,3184.0924,12195.4619,113,23,0.445149,7,2,7,6,certificate
2672,13,13,0,3853.9534,15639.7671,111,20,0.365976,7,2,7,6,certificate
2673,13,13,0,3087.3745,11791.8726,111,22,0.334197,7,2,7,6,certificate
2674,16,16,0,4251.4474,16997.2368,130,27,0.444398,7,2,7,6,certificate
2675,11,11,0,3089.6469,11533.2345,122,21,0.367215,7,2,7,6,certificate
2676,14,14,0,3438.6858,13178.4290,122,25,0.504859,7,2,7,6,certificate
2677,10,10,0,3061.8801,11579.4003,116,18,0.425228,7,2,7,6,certificate
2678,11,11,0,3192.5639,12167.8194,118,21,0.571654,7,2,7,6,certificate
2679,12,12,0,3363.9106,13024.5530,117,21,0.359054,7,2,7,6,certificate
2680,10,10,0,3407.2126,12806.0629,133,22,0.383254,7,2,7,6,certificate
2681,13,13,0,2709.9557,9809.7787,114,19,0.295431,7,2,7,6,certificate
2682,13,13,0,3810.7956,14773.9780,132,21,0.403323,7,2,7,6,certificate
2683,11,11,0,3407.7614,13313.8070,115,21,0.498005,7,2,7,6,certificate
2684,11,11,0,3062.0996,11750.4979,110,18,0.373227,7,2,7,6,certificate
2685,14,14,0,4248.2114,16451.0569,148,26,0.400068,7,2,7,6,certificate
2686,14,14,0,3779.8636,14629.3182,131,24,0.633858,7,2,7,6,certificate
2687,13,13,0,3650.4895,14227.4476,124,27,0.502145,7,2,7,6,certificate
2688,13,13,0,3425.4377,13272.1887,118,22,0.531991,7,2,7,6,certificate
2689,12,12,0,3074.7633,11453.8166,121,22,0.370335,7,2,7,6,certificate
2690,12,12,0,3232.0436,12310.2180,119,21,0.416949,7,2,7,6,certificate
2691,11,11,0,2944.6838,11008.4190,115,19,0.350823,7,2,7,6,certificate
2692,14,14,0,3573.3811,14326.9053,107,22,0.359687,7,2,7,6,certificate
2693,10,10,0,2518.0346,8805.1731,118,18,0.510356,7,2,7,6,certificate
2694,14,14,0,3363.5091,13042.5453,115,24,0.448328,7,2,7,6,certificate
2695,10,10,0,3417.7031,13093.5155,125,17,0.358167,7,3,7,6,certificate
2696,12,12,0,2978.8983,11334.4917,109,23,0.412867,7,2,7,6,certificate
2697,10,10,0,3715.2007,14471.0033,129,16,0.335626,7,2,7,6,certificate
2698,14,14,0,3150.4519,12087.2597,111,23,0.416164,7,2,7,6,certificate
2699,15,15,0,3316.0637,12825.3183,113,24,0.999019,7,2,7,6,certificate
2700,13,13,0,3133.6868,11958.4342,114,23,0.362125,7,2,7,6,certificate
2701,13,13,0,3535.0012,13980.0059,113,23,0.413990,7,2,7,6,certificate
2702,11,11,0,2991.1260,11360.6301,111,18,0.391639,7,2,7,6,certificate
2703,14,14,0,3707.3683,14181.8413,134,24,0.415669,7,2,7,6,certificate
2704,12,12,0,3224.3126,12266.5628,119,22,0.545108,7,2,7,6,certificate
2705,12,12,0,3270.4947,12232.4736,128,23,0.585668,7,2,7,6,certificate
2706,12,12,0,2925.7101,11078.5505,109,18,0.468645,7,2,7,6,certificate
2707,12,12,0,3436.7973,13108.9867,126,22,0.378485,7,2,7,6,certificate
2708,10,10,0,3291.3048,12686.5241,118,19,0.429536,7,2,7,6,certificate
2709,14,14,0,3580.4954,13912.4772,122,24,0.410496,7,2,7,6,certificate
2710,11,11,0,3367.7037,12868.5186,124,19,0.391189,7,2,7,6,certificate
2711,13,13,0,3608.7607,13648.8034,136,24,0.468727,7,2,7,6,certificate
2712,12,12,0,3248.7988,12478.9941,116,20,0.418154,7,2,7,6,certificate
2713,16,16,0,3716.0261,14940.1307,109,25,0.370759,7,2,6,5,certificate
2714,15,15,0,3244.1131,12540.5654,111,24,0.522940,7,2,7,6,certificate
2715,14,14,0,4206.1691,16920.8456,126,23,0.366108,7,3,7,6,certificate
2716,12,12,0,2677.4118,9947.0589,105,18,0.790870,7,2,7,6,certificate
2717,12,12,0,3016.1827,11525.9134,109,22,0.392807,7,2,7,6,certificate
2718,14,14,0,3227.1340,12495.6702,110,24,0.409417,7,2,7,6,certificate
2719,13,13,0,3216.6354,11438.1771,144,20,0.385668,7,2,7,6,certificate
2720,15,15,0,3895.8612,15404.3061,124,24,0.322795,7,3,7,6,certificate
2721,10,10,0,3581.4933,14002.4667,122,21,0.447765,7,2,7,6,certificate
2722,10,10,0,3187.0538,12275.2690,114,18,0.508693,7,2,7,6,certificate
2723,11,11,0,3605.9103,13999.5517,126,21,0.449918,7,2,7,6,certificate
2724,13,13,0,3209.0025,12195.0124,118,19,0.346658,7,2,7,6,certificate
2725,14,14,0,3257.1914,12535.9571,114,22,0.416377,7,2,7,6,certificate
2726,15,15,0,3317.5612,12647.8060,119,25,0.380544,7,3,7,6,certificate
2727,14,14,0,3653.6531,14433.2654,116,23,0.568831,7,2,7,6,certificate
2728,13,13,0,3924.8706,15659.3530,122,25,0.712379,7,2,7,6,certificate
2729,14,14,0,3267.1582,12520.7909,116,22,0.640619,7,3,7,6,certificate
2730,13,13,0,3247.5225,12367.6127,119,21,0.340907,7,2,7,6,certificate
2731,14,14,0,2867.3885,10531.9425,115,22,0.437163,7,2,7,6,certificate
2732,12,12,0,3483.0895,13075.4474,135,22,0.559396,7,2,7,6,certificate
2733,16,16,0,3984.8668,16029.3339,117,24,0.376020,7,2,6,5,certificate
2734,14,14,0,3676.9946,14689.9731,112,21,0.378076,7,2,7,6,certificate
2735,15,15,0,3888.1348,15460.6740,121,26,0.496746,7,2,7,6,certificate
2736,13,13,0,4051.3382,16471.6911,116,19,0.392574,7,3,7,6,certificate
2737,11,11,0,3150.7571,11918.7854,119,23,0.453161,7,2,7,6,certificate
2738,11,11,0,2886.8370,10719.1851,115,22,0.519563,7,2,7,6,certificate
2739,15,15,0,3482.0065,13780.0327,109,24,0.361169,7,2,7,6,certificate
2740,11,11,0,2946.1221,10800.6105,122,21,0.471274,7,2,7,6,certificate
2741,12,12,0,3219.4619,12387.3093,114,23,0.381052,7,2,7,6,certificate
2742,11,11,0,3190.6268,11973.1340,125,19,0.412046,7,2,7,6,certificate
2743,12,12,0,3370.5055,13017.5276,119,21,0.416988,7,3,7,6,certificate
2744,13,13,0,3307.0616,12630.3078,120,22,0.446304,7,2,7,6,certificate
2745,12,12,0,3672.8235,14359.1175,124,20,0.351393,7,3,7,6,certificate
2746,14,14,0,3290.1642,12510.8212,120,22,0.372599,7,2,7,6,certificate
2747,10,10,0,3147.9819,11844.9095,122,17,0.355762,7,2,7,6,certificate
2748,15,15,0,3684.5393,14532.6967,117,24,0.371084,7,2,7,6,certificate
2749,13,13,0,3578.5206,13827.6028,125,24,0.495929,7,2,7,6,certificate
2750,16,16,0,2658.4846,10292.4229,87,21,0.190544,7,2,3,2,certificate
2751,13,13,0,3524.1879,13560.9393,125,21,0.400791,7,2,7,6,certificate
2752,12,12,0,3414.8727,13024.3636,125,21,0.436172,7,2,7,6,certificate
2753,14,14,0,3264.9512,12414.7561,119,23,0.386154,7,2,7,6,certificate
2754,16,16,0,4025.8252,16104.1259,121,25,0.358896,7,2,6,5,certificate
2755,10,10,0,2978.2873,10956.4365,123,16,0.332262,7,2,7,6,certificate
2756,11,11,0,4140.5117,16962.5585,116,21,0.296861,7,2,7,6,certificate
2757,12,12,0,3106.4919,11762.4596,116,20,0.321357,7,2,7,6,certificate
2758,15,15,0,3905.1080,15530.5398,122,27,0.495635,7,2,7,6,certificate
2759,11,11,0,3210.4433,11732.2163,135,19,0.344944,7,2,7,6,certificate
2760,16,16,0,4025.2525,16221.2625,117,26,0.421062,7,2,7,6,certificate
2761,16,16,0,3790.2081,15416.0404,105,25,0.416804,7,2,7,6,certificate
2762,10,10,0,3684.8674,14449.3372,125,17,0.410619,7,2,7,6,certificate
2763,10,10,0,3355.8444,12939.2222,120,20,0.438477,7,2,7,6,certificate
2764,16,16,0,2870.7376,11083.6881,97,22,0.285892,7,2,5,4,certificate
2765,16,16,0,3497.1121,13260.5606,128,25,0.369838,7,2,7,6,certificate
2766,13,13,0,2780.3766,10146.8832,115,21,0.393189,7,2,7,6,certificate
2767,12,12,0,3350.5402,12547.7008,130,21,0.373832,7,2,7,6,certificate
2768,13,13,0,3488.9294,13414.6468,124,25,0.411092,7,3,7,6,certificate
2769,16,16,0,3536.0894,14020.4469,109,23,0.405049,7,2,6,5,certificate
2770,12,12,0,3020.9373,11554.6864,109,21,0.499650,7,2,7,6,certificate
2771,14,14,0,3589.4729,14332.3644,109,21,0.451662,7,2,7,6,certificate
2772,14,14,0,3033.2175,11541.0877,110,27,0.531585,7,2,7,6,certificate
2773,10,10,0,3331.2306,12756.1532,122,17,0.419818,7,2,7,6,certificate
2774,13,13,0,3356.1804,13110.9021,112,22,0.391297,7,2,7,6,certificate
2775,16,16,0,3534.3115,14256.5575,101,26,0.374108,7,2,7,6,certificate
2776,10,10,0,3608.0215,13890.1074,131,19,0.375645,7,2,7,6,certificate
2777,14,14,0,3458.9445,13829.7223,104,21,0.524523,7,2,7,6,certificate
2778,12,12,0,3156.3201,11751.6006,125,19,0.384826,7,2,7,6,certificate
2779,10,10,0,3477.5309,13427.6546,124,20,0.427285,7,2,7,6,certificate
2780,11,11,0,3287.5406,12722.7032,115,21,0.381639,7,2,7,6,certificate
2781,11,11,0,3065.0082,11365.0411,123,17,0.386248,7,2,7,6,certificate
2782,12,12,0,3628.0152,14245.0758,120,19,0.335492,7,2,7,6,certificate
2783,12,12,0,3067.5890,11562.9451,116,22,0.443108,7,2,7,6,certificate
2784,16,16,0,3265.6315,13023.1575,97,22,0.362593,7,2,5,4,certificate
2785,15,15,0,3037.2062,11116.0310,123,23,0.962189,7,2,7,6,certificate
2786,15,15,0,3597.1060,14175.5301,115,25,0.403627,7,2,7,6,certificate
2787,15,15,0,3226.4809,12077.4045,123,23,0.360280,7,2,7,6,certificate
2788,15,15,0,3488.3650,13466.8251,121,25,0.476806,7,2,7,6,certificate
2789,10,10,0,3196.2136,12301.0678,115,20,0.346802,7,2,7,6,certificate
2790,11,11,0,3145.8931,11809.4654,122,20,0.396852,7,2,7,6,certificate
2791,11,11,0,3319.4042,12717.0208,121,18,0.401969,7,2,7,6,certificate
2792,11,11,0,3960.7529,15963.7644,119,21,0.399185,7,3,7,6,certificate
2793,10,10,0,2781.3442,10011.7209,122,17,0.360266,7,2,7,6,certificate
2794,15,15,0,4173.1734,16695.8670,127,26,0.518207,7,2,7,6,certificate
2795,13,13,0,2966.4278,10862.1388,122,21,0.443240,7,2,7,6,certificate
2796,16,16,0,3617.1119,14610.5595,103,23,0.647751,7,2,6,5,certificate
2797,14,14,0,2935.4222,10982.1111,112,21,0.360772,7,2,7,6,certificate
2798,11,11,0,3225.6241,12083.1205,126,17,0.337481,7,3,7,6,certificate
2799,16,16,0,3453.7982,13338.9908,118,26,0.490271,7,2,7,6,certificate
2800,12,12,0,3293.0151,12715.0755,116,22,0.382171,7,2,7,6,certificate
2801,12,12,0,3321.4493,12782.2467,118,19,0.366067,7,2,7,6,certificate
2802,12,12,0,2631.7355,9848.6775,101,21,0.319566,7,2,7,6,certificate
2803,11,11,0,3135.7480,11578.7399,128,19,0.349270,7,3,7,6,certificate
2804,14,14,0,3315.2324,12761.1618,116,23,0.421946,7,2,7,6,certificate
2805,11,11,0,3687.8095,14659.0477,117,21,0.488769,7,2,7,6,certificate
2806,11,11,0,3084.2651,10886.3256,143,23,0.584301,7,2,7,6,certificate
2807,15,15,0,4095.7702,16368.8508,125,23,0.457884,7,2,7,6,certificate
2808,16,16,0,3483.7507,13278.7534,125,26,0.517973,7,2,7,6,certificate
2809,11,11,0,3293.8931,12639.4656,119,18,0.362119,7,2,7,6,certificate
2810,11,11,0,2943.7943,10828.9717,121,21,0.386689,7,2,7,6,certificate
2811,12,12,0,3088.7111,11913.5557,108,19,0.396508,7,2,7,6,certificate
2812,15,15,0,3517.8667,13594.3337,122,23,0.403318,7,2,7,6,certificate
2813,15,15,0,3289.3955,13026.9775,102,21,0.350321,7,2,7,6,certificate
2814,14,14,0,3161.4881,12182.4407,111,22,0.432467,7,2,7,6,certificate
2815,13,13,0,3424.7665,13358.8325,115,22,0.367702,7,2,7,6,certificate
2816,11,11,0,3299.6824,12168.4120,135,22,0.428366,7,2,7,6,certificate
2817,14,14,0,3608.9504,14344.7518,112,22,0.385880,7,2,7,6,certificate
2818,16,16,0,3632.9654,14259.8268,117,27,0.360329,7,2,7,6,certificate
2819,14,14,0,3825.3743,15406.8713,113,23,0.414373,7,2,7,6,certificate
2820,14,14,0,3283.1440,12470.7201,120,22,0.309257,7,2,7,6,certificate
2821,10,10,0,3476.4030,13427.0150,124,20,0.332338,7,3,7,6,certificate
2822,14,14,0,3354.7261,12793.6303,121,21,0.366235,7,2,7,6,certificate
2823,13,13,0,3369.1590,13290.7951,108,22,0.327315,7,2,7,6,certificate
2824,15,15,0,3590.9361,14209.6804,113,23,0.430086,7,2,7,6,certificate
2825,15,15,0,2888.8749,10779.3744,110,22,1.269575,7,2,7,6,certificate
2826,13,13,0,4092.9929,16329.9643,128,27,0.490844,7,2,7,6,certificate
2827,10,10,0,3169.1014,11925.5071,123,20,0.501834,7,2,7,6,certificate
2828,15,15,0,3675.7103,14233.5516,126,24,0.543618,7,2,7,6,certificate
2829,10,10,0,3394.2561,12986.2806,125,21,0.461342,7,2,7,6,certificate
2830,14,14,0,2925.8228,10774.1141,117,23,0.671210,7,2,7,6,certificate
2831,12,12,0,2842.7823,10473.9115,115,19,0.395792,7,2,7,6,certificate
2832,11,11,0,3336.9443,12909.7217,117,20,0.435621,7,2,7,6,certificate
2833,14,14,0,3743.0699,14865.3494,117,22,0.399561,7,2,7,6,certificate
2834,10,10,0,3181.5923,12302.9615,112,18,0.361196,7,2,7,6,certificate
2835,16,16,0,3744.1631,14815.8157,117,25,0.422046,7,3,7,6,certificate
2836,11,11,0,3101.9340,11609.6700,121,18,0.419431,7,2,7,6,certificate
2837,14,14,0,3052.2334,11226.1670,123,23,0.606265,7,2,7,6,certificate
2838,14,14,0,3419.5529,13362.7646,113,22,0.512865,7,2,7,6,certificate
2839,11,11,0,2730.2938,10111.4690,109,18,0.634996,7,2,7,6,certificate
2840,14,14,0,3783.4521,14857.2603,124,24,0.387769,7,2,7,6,certificate
2841,14,14,0,3274.1717,12585.8585,116,24,0.472547,7,2,7,6,certificate
2842,15,15,0,3491.0066,13230.0330,129,27,0.522684,7,2,7,6,certificate
2843,13,13,0,3982.8972,15754.4859,129,22,0.424282,7,2,7,6,certificate
2844,15,15,0,4399.5055,17652.5274,133,27,0.492549,7,2,7,6,certificate
2845,15,15,0,3104.1169,11530.5844,121,27,0.429840,7,2,7,6,certificate
2846,15,15,0,4047.0854,16255.4269,122,25,0.646645,7,2,7,6,certificate
2847,16,16,0,3239.2791,13081.3954,92,24,0.281867,7,2,5,4,certificate
2848,13,13,0,3107.3293,11736.6463,116,22,0.486096,7,2,7,6,certificate
2849,10,10,0,3126.6186,11638.0930,125,19,0.387383,7,2,7,6,certificate
2850,13,13,0,3866.9425,15084.7125,130,22,0.352886,7,2,7,6,certificate
2851,16,16,0,3498.8641,14059.3203,102,25,0.530283,7,2,6,5,certificate
2852,13,13,0,3474.4321,13542.1605,117,20,0.406036,7,2,7,6,certificate
2853,11,11,0,3593.3927,14106.9633,120,19,0.363436,7,2,7,6,certificate
2854,14,14,0,3507.7462,13518.7310,123,23,0.344700,7,2,7,6,certificate
2855,16,16,0,4023.5610,16282.8050,114,24,0.317161,7,2,5,4,certificate
2856,11,11,0,3673.9667,14179.8337,132,24,0.502261,7,2,7,6,certificate
2857,12,12,0,3255.5617,12122.8087,129,20,0.393719,7,2,7,6,certificate
2858,11,11,0,3552.9248,13749.6238,125,21,0.450625,7,2,7,6,certificate
2859,14,14,0,3390.1337,13010.6683,121,23,0.421248,7,2,7,6,certificate
2860,16,16,0,3345.3525,13011.7627,111,25,0.856863,7,2,5,4,certificate
2861,11,11,0,3381.4276,12737.1378,130,21,0.556649,7,2,7,6,certificate
2862,10,10,0,2946.6007,11053.0037,115,17,0.389561,7,2,7,6,certificate
2863,11,11,0,2821.1854,10095.9268,125,19,0.402062,7,2,7,6,certificate
2864,16,16,0,3699.1979,14565.9895,118,26,0.374934,7,2,6,5,certificate
2865,16,16,0,3478.5305,13862.6524,105,27,0.606240,7,2,6,5,certificate
2866,14,14,0,3606.9997,14279.9985,114,23,0.455508,7,2,7,6,certificate
2867,15,15,0,3686.4405,14742.2027,111,27,0.657927,7,2,7,6,certificate
2868,15,15,0,3749.3134,14901.5671,116,23,0.441361,7,2,7,6,certificate
2869,16,16,0,4096.2937,16821.4686,109,27,0.518152,7,2,6,5,certificate
2870,15,15,0,3656.5282,14202.6409,124,24,0.472109,7,2,7,6,certificate
2871,10,10,0,3549.3061,13941.5305,119,21,0.513510,7,2,7,6,certificate
2872,16,16,0,3416.1560,13515.7798,106,24,0.480404,7,2,6,5,certificate
2873,13,13,0,2949.1700,10965.8501,116,23,0.760091,7,2,7,6,certificate
2874,10,10,0,3181.3430,11976.7149,123,18,0.392032,7,2,7,6,certificate
2875,15,15,0,3880.2135,15686.0677,112,26,0.425901,7,2,7,6,certificate
2876,12,12,0,3627.3318,14156.6591,123,22,0.407159,7,2,7,6,certificate
2877,10,10,0,3028.8465,11514.2323,113,17,0.384896,7,2,7,6,certificate
2878,10,10,0,3057.6875,11353.4373,124,18,0.396749,7,2,7,6,certificate
2879,15,15,0,3712.2870,14426.4350,125,25,0.450137,7,2,7,6,certificate
2880,10,10,0,3275.5188,12357.5942,126,18,0.407300,7,3,7,6,certificate
2881,16,16,0,3275.1737,13415.8685,86,23,2.402759,7,2,5,4,certificate
2882,12,12,0,3435.4818,13257.4092,121,20,0.373904,7,2,7,6,certificate
2883,12,12,0,3277.8965,12779.4823,111,20,0.350242,7,2,7,6,certificate
2884,15,15,0,3743.5156,14762.5782,120,22,0.613344,7,2,7,6,certificate
2885,11,11,0,2946.6195,10878.0977,120,21,0.445230,7,2,7,6,certificate
2886,10,10,0,3260.1203,12345.6015,124,20,0.418353,7,2,7,6,certificate
2887,12,12,0,3453.2590,13261.2951,123,21,0.408007,7,2,7,6,certificate
2888,10,10,0,2850.8489,10544.2443,116,18,0.378535,7,2,7,6,certificate
2889,14,14,0,3429.4693,13592.3464,108,29,0.628414,7,2,7,6,certificate
2890,11,11,0,3383.1495,12570.7475,137,19,0.659716,7,2,7,6,certificate
2891,15,15,0,4072.7843,16553.9214,115,23,0.358764,7,3,7,6,certificate
2892,15,15,0,4258.4809,16947.4043,133,28,0.453884,7,2,7,6,certificate
2893,11,11,0,4039.4702,16337.3510,120,21,0.361520,7,2,7,6,certificate
2894,10,10,0,3833.0020,15010.0101,131,17,0.431923,7,2,7,6,certificate
2895,12,12,0,3216.5432,12302.7159,117,21,0.469650,7,2,7,6,certificate
2896,16,16,0,3606.5828,14362.9138,110,28,0.596075,7,2,6,5,certificate
2897,15,15,0,3380.0202,12970.1012,119,22,0.334834,7,3,7,6,certificate
2898,14,14,0,3876.2744,15406.3721,121,23,0.425190,7,2,7,6,certificate
2899,14,14,0,3506.9451,13834.7254,112,24,0.554439,7,2,7,6,certificate
2900,15,15,0,3668.5918,14327.9589,122,23,0.441548,7,2,7,6,certificate
2901,15,15,0,3636.4835,14037.4176,126,23,0.469542,7,2,7,6,certificate
2902,13,13,0,3573.1877,14245.9383,110,23,0.659591,7,2,7,6,certificate
2903,13,13,0,3612.0602,13990.3009,126,20,0.444611,7,3,7,6,certificate
2904,12,12,0,3495.3192,13411.5962,126,22,0.493054,7,2,7,6,certificate
2905,16,16,0,3653.3920,14316.9599,119,25,0.568162,7,2,6,5,certificate
2906,11,11,0,4388.9289,17894.6444,126,22,0.389188,7,2,7,6,certificate
2907,16,16,0,3856.7227,15043.6136,129,26,0.453804,7,3,7,6,certificate
2908,15,15,0,3770.9015,15039.5077,115,23,0.421742,7,2,7,6,certificate
2909,13,13,0,3488.4959,13497.4796,121,20,0.400088,7,2,7,6,certificate
2910,15,15,0,3590.8572,14194.2858,114,27,0.482985,7,2,7,6,certificate
2911,13,13,0,3809.6883,15158.4417,119,21,0.365864,7,3,7,6,certificate
2912,10,10,0,4019.3925,16236.9623,121,22,0.450538,7,2,7,6,certificate
2913,13,13,0,3050.8128,11344.0638,120,23,0.415155,7,2,7,6,certificate
2914,10,10,0,3537.1217,13790.6086,122,20,0.446318,7,2,7,6,certificate
2915,16,16,0,3721.8351,14999.1757,107,24,0.796863,7,2,5,4,certificate
2916,10,10,0,3837.3217,14816.6085,138,20,0.475510,7,2,7,6,certificate
2917,11,11,0,3099.5665,11377.8325,129,20,0.315582,7,3,7,6,certificate
2918,12,12,0,3746.7570,14933.7850,117,24,0.368312,7,2,7,6,certificate
2919,14,14,0,3168.7752,12148.8758,112,22,0.339149,7,2,7,6,certificate
2920,12,12,0,2986.8218,10719.1092,131,22,0.392571,7,2,7,6,certificate
2921,15,15,0,3297.2296,12836.1478,110,23,0.463229,7,2,7,6,certificate
2922,16,16,0,3706.1357,14755.6784,113,23,0.385509,7,2,6,5,certificate
2923,12,12,0,3437.3443,13626.7215,109,20,0.380046,7,2,7,6,certificate
2924,13,13,0,3266.9083,12744.5414,109,20,0.388714,7,2,7,6,certificate
2925,11,11,0,3894.3771,15176.8857,135,21,0.437922,7,2,7,6,certificate
2926,11,11,0,3301.4593,12077.2966,139,19,0.428688,7,3,7,6,certificate
2927,11,11,0,2930.4337,10787.1687,120,19,0.404685,7,2,7,6,certificate
2928,14,14,0,3923.4847,15667.4235,120,25,0.574581,7,2,7,6,certificate
2929,11,11,0,2857.2957,10116.4784,131,21,0.738537,7,2,7,6,certificate
2930,16,16,0,3692.1240,14560.6199,117,28,0.458292,7,2,7,6,certificate
2931,16,16,0,3375.7215,13133.6075,113,23,1.248479,7,2,7,6,certificate
2932,14,14,0,3823.6655,14823.3276,133,24,0.431620,7,3,7,6,certificate
2933,13,13,0,3596.6321,14283.1603,113,23,0.553492,7,2,7,6,certificate
2934,16,16,0,4023.0753,16580.3766,105,26,0.396561,7,2,6,5,certificate
2935,15,15,0,3283.3225,12676.6125,113,24,0.386172,7,2,7,6,certificate
2936,13,13,0,3470.3126,13646.5628,113,20,0.361765,7,2,7,6,certificate
2937,12,12,0,3275.6913,12408.4564,123,23,0.494476,7,2,7,6,certificate
2938,16,16,0,3401.0188,13225.0942,113,26,0.464385,7,2,6,5,certificate
2939,16,16,0,4180.1596,17055.7982,115,26,0.506071,7,2,7,6,certificate
2940,15,15,0,3534.5556,13517.7779,126,27,0.712329,7,2,7,6,certificate
2941,10,10,0,3128.9821,11364.9103,134,18,0.440521,7,2,7,6,certificate
2942,16,16,0,4001.7105,16263.5523,112,26,0.371546,7,2,6,5,certificate
2943,11,11,0,3115.9207,11669.6034,122,19,0.381659,7,2,7,6,certificate
2944,13,13,0,3233.4439,12392.2197,116,20,0.353738,7,2,7,6,certificate
2945,15,15,0,4122.4323,16752.1617,117,26,0.487233,7,2,7,6,certificate
2946,11,11,0,2803.8564,10259.2822,116,20,0.567857,7,2,7,6,certificate
2947,14,14,0,3642.6392,14093.1960,126,25,0.418093,7,2,7,6,certificate
2948,16,16,0,3269.5433,12482.7165,116,23,0.372773,7,2,6,5,certificate
2949,12,12,0,3331.3344,12906.6720,116,21,0.485905,7,2,7,6,certificate
2950,13,13,0,3743.9326,14714.6628,123,19,0.404115,7,2,7,6,certificate
2951,11,11,0,3339.3107,12601.5537,128,20,0.508494,7,2,7,6,certificate
2952,15,15,0,3643.2050,14106.0251,125,24,0.578629,7,2,7,6,certificate
2953,14,14,0,3495.5573,13792.7867,112,25,0.538492,7,2,7,6,certificate
2954,11,11,0,3019.1524,11020.7619,127,22,0.560802,7,2,7,6,certificate
2955,16,16,0,3687.4091,15007.0457,102,22,1.012985,7,2,6,5,certificate
2956,15,15,0,3276.1229,12235.6144,126,23,0.464283,7,2,7,6,certificate
2957,11,11,0,3214.4115,11837.0573,132,20,0.775134,7,2,7,6,certificate
2958,10,10,0,3280.7930,12348.9652,128,19,0.409597,7,2,7,6,certificate
2959,11,11,0,3342.2732,12616.3660,128,20,0.435970,7,2,7,6,certificate
2960,12,12,0,2543.2137,9156.0683,109,22,0.547335,7,2,7,6,certificate
2961,11,11,0,3500.8668,13609.3339,121,21,0.462754,7,2,7,6,certificate
2962,15,15,0,4177.3101,17276.5505,108,24,0.917738,7,2,7,6,certificate
2963,14,14,0,2821.5451,10522.7254,108,20,0.587291,7,2,7,6,certificate
2964,16,16,0,3616.5937,14132.9686,119,25,0.535962,7,2,6,5,certificate
2965,16,16,0,3732.8230,14924.1152,113,24,0.620389,7,2,6,5,certificate
2966,12,12,0,3328.7519,13023.7595,111,18,0.667648,7,2,7,6,certificate
2967,16,16,0,3335.6820,13153.4099,105,23,0.615567,7,2,6,5,certificate
2968,12,12,0,3282.2127,12336.0637,128,19,0.505098,7,3,7,6,certificate
2969,15,15,0,3700.8636,14399.3179,125,23,0.853934,7,2,7,6,certificate
2970,15,15,0,3457.0124,13630.0621,110,24,0.545135,7,2,7,6,certificate
2971,13,13,0,3236.8072,12284.0362,120,23,0.611086,7,2,7,6,certificate
2972,16,16,0,3378.7569,13473.7845,101,25,0.497757,7,2,7,6,certificate
2973,16,16,0,3294.6886,12978.4429,104,24,0.656760,7,2,6,5,certificate
2974,10,10,0,3327.5310,12587.6552,127,21,0.549342,7,2,7,6,certificate
2975,16,16,0,2887.3590,11441.7952,87,23,0.827227,7,2,6,4,certificate
2976,15,15,0,3445.1941,13565.9705,110,23,0.392393,7,2,7,6,certificate
2977,13,13,0,3082.8532,11554.2658,118,21,0.546976,7,2,7,6,certificate
2978,12,12,0,3606.6919,14028.4597,124,19,0.379760,7,2,7,6,certificate
2979,10,10,0,3042.5564,11097.7818,130,22,0.472482,7,2,7,6,certificate
2980,12,12,0,3276.0191,12535.0954,119,22,0.474261,7,2,7,6,certificate
2981,10,10,0,3007.8433,11209.2166,120,19,0.504203,7,2,7,6,certificate
2982,12,12,0,3374.5512,12952.7561,121,25,0.596545,7,2,7,6,certificate
2983,12,12,0,3520.0474,13685.2368,121,21,0.495308,7,2,7,6,certificate
2984,12,12,0,3434.8663,13349.3316,118,22,0.560637,7,2,7,6,certificate
2985,13,13,0,3552.3111,14151.5554,110,22,0.492498,7,2,7,6,certificate
2986,13,13,0,3780.3283,15011.6413,119,22,0.559689,7,2,7,6,certificate
2987,12,12,0,3122.4485,11437.2423,130,20,0.498488,7,2,7,6,certificate
2988,16,16,0,4051.3634,16286.8168,120,28,0.503896,7,2,7,6,certificate
2989,13,13,0,3791.4679,15047.3396,120,22,0.702964,7,3,7,6,certificate
2990,15,15,0,3275.7324,12493.6621,118,24,0.739195,7,2,7,6,certificate
2991,12,12,0,2995.5785,11237.8925,115,21,0.457720,7,2,7,6,certificate
2992,15,15,0,3963.1360,16015.6801,115,24,0.426450,7,2,7,6,certificate
2993,11,11,0,3013.3117,11216.5584,120,21,0.607978,7,2,7,6,certificate
2994,16,16,0,3887.4423,15687.2115,112,22,0.486543,7,2,6,5,certificate
2995,12,12,0,3775.3853,14726.9265,128,20,0.422570,7,2,7,6,certificate
2996,12,12,0,3275.5754,12577.8768,117,19,0.580055,7,2,7,6,certificate
2997,16,16,0,3590.0052,14505.0262,102,22,0.632917,7,2,5,4,certificate
2998,14,14,0,3625.0619,14375.3097,114,24,0.536908,7,2,7,6,certificate
2999,10,10,0,3624.0391,14015.1954,129,20,0.530984,7,2,7,6,certificate
3000,11,11,0,3234.9472,12644.7360,109,20,0.497866,7,2,7,6,certificate
3001,15,15,0,3533.2650,13801.3252,117,26,0.976747,7,2,7,6,certificate
3002,13,13,0,3169.8468,11944.2341,120,21,0.492502,7,2,7,6,certificate
3003,11,11,0,3284.3220,12501.6101,121,19,0.470285,7,3,7,6,certificate
3004,11,11,0,3103.2488,11616.2441,121,19,0.505283,7,2,7,6,certificate
3005,12,12,0,2996.9246,11124.6230,119,21,0.482653,7,2,7,6,certificate
3006,11,11,0,3441.3425,12931.7127,134,23,0.555560,7,2,7,6,certificate
3007,12,12,0,3099.4293,11607.1466,120,18,0.502800,7,2,7,6,certificate
3008,10,10,0,3443.6193,12918.0964,136,19,0.549281,7,2,7,6,certificate
3009,12,12,0,3178.3861,12091.9304,117,22,0.563072,7,2,7,6,certificate
3010,14,14,0,3643.4579,14757.2895,104,22,0.762041,7,2,7,6,certificate
3011,12,12,0,3474.2897,13451.4487,121,24,0.578640,7,2,7,6,certificate
3012,13,13,0,2994.8279,11269.1394,113,20,0.359142,7,2,7,6,certificate
3013,16,16,0,3372.1138,12980.5692,117,24,0.462559,7,2,6,5,certificate
3014,13,13,0,3529.0453,13675.2266,122,22,0.436687,7,2,7,6,certificate
3015,10,10,0,3250.0016,12270.0078,125,18,0.498242,7,2,7,6,certificate
3016,13,13,0,4108.7568,16683.7842,118,25,0.559306,7,2,7,6,certificate
3017,15,15,0,3562.3990,13771.9949,122,25,0.554980,7,2,7,6,certificate
3018,10,10,0,2771.4109,9987.0545,121,20,0.483443,7,2,7,6,certificate
3019,16,16,0,3268.6343,12798.1713,105,24,0.504347,7,2,6,5,certificate
3020,15,15,0,3476.5376,13007.6881,133,26,0.850271,7,3,7,6,certificate
3021,10,10,0,3693.5889,14477.9447,125,18,0.522409,7,2,7,6,certificate
3022,16,16,0,2835.9895,10524.9474,109,24,0.774630,7,2,7,6,certificate
3023,16,16,0,3816.6620,15093.3099,120,26,0.587315,7,2,7,6,certificate
3024,12,12,0,3247.0091,12465.0454,116,19,0.642639,7,2,7,6,certificate
3025,12,12,0,3271.7536,12683.7681,113,19,0.432135,7,2,7,6,certificate
3026,12,12,0,3117.9233,11879.6166,115,21,0.741653,7,2,7,6,certificate
3027,10,10,0,3154.7083,11838.5416,123,17,0.487783,7,3,7,6,certificate
3028,11,11,0,3881.4570,15407.2849,124,20,0.509411,7,2,7,6,certificate
3029,11,11,0,3589.1353,13985.6767,123,22,0.577218,7,3,7,6,certificate
3030,15,15,0,3560.9457,13859.7286,120,26,0.580052,7,2,7,6,certificate
3031,13,13,0,3793.4285,15212.1423,115,22,0.550433,7,2,7,6,certificate
3032,13,13,0,3371.4187,12667.0936,130,19,0.450868,7,2,7,6,certificate
3033,15,15,0,3519.9701,13369.8504,129,25,0.446791,7,2,7,6,certificate
3034,10,10,0,3251.9458,12184.7290,128,17,0.451581,7,2,7,6,certificate
3035,15,15,0,4093.2985,16676.4925,114,23,0.620647,7,2,7,5,certificate
3036,15,15,0,3547.5117,13987.5586,113,26,0.642897,7,2,7,6,certificate
3037,11,11,0,3238.1264,12125.6320,127,20,0.525111,7,2,7,6,certificate
3038,16,16,0,3371.9893,12914.9465,119,24,0.653524,7,2,7,6,certificate
3039,12,12,0,3447.7814,13103.9072,128,22,0.568633,7,2,7,6,certificate
3040,14,14,0,3643.4999,14547.4996,111,22,0.587254,7,2,7,6,certificate
3041,13,13,0,3804.9034,15249.5168,116,24,0.602644,7,2,7,6,certificate
3042,13,13,0,3277.3226,12416.6132,122,22,0.582812,7,2,7,6,certificate
3043,14,14,0,2828.3507,10716.7534,103,22,0.659079,7,2,7,6,certificate
3044,14,14,0,2875.1498,10745.7490,110,22,0.515199,7,2,7,6,certificate
3045,15,15,0,3814.3741,15436.8707,109,22,1.525503,7,2,7,6,certificate
3046,12,12,0,3227.3485,12251.7427,120,21,0.423419,7,2,7,6,certificate
3047,14,14,0,3696.3383,14321.6913,128,26,0.500000,7,2,7,6,certificate
3048,16,16,0,3097.9614,12229.8068,95,19,0.367258,7,2,3,2,certificate
3049,11,11,0,3393.2951,13156.4755,118,18,0.447052,7,2,7,6,certificate
3050,15,15,0,3407.1463,13100.7314,119,22,0.493299,7,2,7,6,certificate
3051,13,13,0,3390.6112,12558.0560,136,21,0.470660,7,2,7,6,certificate
3052,15,15,0,3219.1950,12315.9750,114,22,0.468573,7,2,7,6,certificate
3053,16,16,0,3556.2354,14691.1770,90,22,0.425174,7,2,5,4,certificate
3054,14,14,0,3392.6525,12943.2626,123,24,0.573969,7,2,7,6,certificate
3055,16,16,0,3618.2438,14511.2190,106,22,0.313603,7,2,5,4,certificate
3056,13,13,0,3452.9094,13164.5471,126,23,0.603837,7,2,7,6,certificate
3057,14,14,0,3661.4127,14257.0637,125,23,0.750380,7,2,7,6,certificate
3058,15,15,0,3591.7535,14308.7677,110,23,0.478794,7,2,7,6,certificate
3059,10,10,0,2922.8236,10824.1181,118,19,0.449250,7,2,7,6,certificate
3060,16,16,0,3530.6317,13808.1587,115,23,0.840570,7,2,6,5,certificate
3061,12,12,0,3125.2874,11886.4372,115,20,0.502125,7,2,7,6,certificate
3062,14,14,0,3337.8344,12679.1722,122,24,0.507343,7,2,7,6,certificate
3063,15,15,0,3613.2028,14136.0140,119,23,0.831504,7,2,7,6,certificate
3064,14,14,0,3312.4150,12827.0750,113,21,0.528037,7,2,7,6,certificate
3065,16,16,0,3934.8675,15839.3377,115,24,0.567123,7,2,7,6,certificate
3066,15,15,0,3534.7188,13478.5942,128,23,0.687549,7,2,7,6,certificate
3067,10,10,0,3494.1363,13690.6813,118,21,0.555688,7,2,7,6,certificate
3068,16,16,0,3248.9840,12134.9200,124,26,0.611072,7,2,7,6,certificate
3069,13,13,0,3139.2511,11636.2554,125,21,0.555483,7,2,7,6,certificate
3070,12,12,0,3965.8929,15649.4647,131,30,0.656799,7,2,7,6,certificate
3071,16,16,0,3934.9301,15954.6507,111,23,0.389510,7,2,6,5,certificate
3072,14,14,0,3237.8087,12344.0434,117,24,0.608189,7,2,7,5,certificate
3073,14,14,0,3504.5361,13452.6806,124,22,0.478250,7,2,7,6,certificate
3074,12,12,0,3186.4779,12077.3897,119,23,0.717618,7,2,7,6,certificate
3075,12,12,0,3035.7367,10858.6834,134,21,0.509086,7,2,7,6,certificate
3076,12,12,0,3041.5387,11172.6933,125,19,0.589345,7,2,7,6,certificate
3077,15,15,0,3104.0626,11925.3128,108,26,0.644161,7,2,7,6,certificate
3078,10,10,0,2674.4471,9712.2355,114,17,0.473332,7,2,7,6,certificate
3079,11,11,0,3238.7018,12383.5092,119,18,0.527042,7,2,7,6,certificate
3080,14,14,0,3491.5298,13247.6489,129,24,0.541520,7,2,7,6,certificate
3081,13,13,0,3455.8428,13509.2140,115,21,0.684314,7,2,7,6,certificate
3082,15,15,0,3543.2703,13921.3514,115,23,0.608569,7,2,7,6,certificate
3083,13,13,0,3161.9842,12039.9211,115,22,0.654173,7,2,7,6,certificate
3084,15,15,0,3612.6044,14428.0220,109,24,0.650996,7,2,7,6,certificate
3085,13,13,0,3634.4826,14242.4131,120,22,0.480069,7,3,7,6,certificate
3086,15,15,0,3389.6823,13283.4113,110,24,0.843850,7,2,7,6,certificate
3087,10,10,0,2909.0012,10735.0061,119,19,0.451300,7,2,7,6,certificate
3088,14,14,0,3426.9036,13189.5182,120,24,0.525803,7,2,7,6,certificate
3089,14,14,0,3571.1332,13795.6662,124,25,0.456513,7,2,7,6,certificate
3090,14,14,0,3768.6978,14808.4892,123,25,0.542180,7,2,7,6,certificate
3091,10,10,0,3072.6589,11708.2947,114,19,0.631913,7,2,7,6,certificate
3092,11,11,0,3439.7422,13213.7111,124,21,0.573752,7,2,7,6,certificate
3093,16,16,0,3896.7408,15408.7038,123,25,0.491710,7,2,6,5,certificate
3094,13,13,0,3199.3555,12506.7773,106,22,0.498226,7,2,7,6,certificate
3095,12,12,0,3939.6789,15458.3945,133,25,0.597662,7,2,7,6,certificate
3096,10,10,0,2914.3133,10616.5663,124,17,0.447266,7,2,7,6,certificate
3097,11,11,0,3718.3031,14536.5153,127,20,0.535075,7,2,7,6,certificate
3098,12,12,0,3190.5841,11872.9203,126,21,0.520076,7,2,7,6,certificate
3099,10,10,0,2800.1286,10285.6430,116,18,0.399919,7,3,7,6,certificate
3100,10,10,0,3338.2633,12711.3166,125,19,0.524351,7,2,7,6,certificate
3101,10,10,0,2999.3644,11106.8219,122,18,0.590587,7,2,7,6,certificate
3102,12,12,0,3845.2409,14556.2046,146,22,0.555256,7,3,7,6,certificate
3103,13,13,0,3479.1122,13505.5611,120,28,0.893148,7,2,7,6,certificate
3104,10,10,0,3388.9005,12709.5027,133,18,0.516991,7,3,7,6,certificate
3105,12,12,0,3330.2778,12671.3891,123,20,0.591928,7,2,7,6,certificate
3106,13,13,0,3257.6537,12168.2687,127,22,0.513848,7,3,7,6,certificate
3107,13,13,0,2885.4417,10987.2086,104,20,0.662171,7,3,7,6,certificate
3108,14,14,0,4055.0173,16490.0864,115,26,0.664074,7,2,7,6,certificate
3109,11,11,0,3283.9638,12549.8192,120,17,0.493010,7,3,7,6,certificate
3110,13,13,0,3164.2594,12356.2971,105,20,0.858433,7,2,7,6,certificate
3111,14,14,0,3148.2519,12096.2594,110,21,0.515109,7,2,7,6,certificate
3112,11,11,0,3375.0149,12950.0745,122,21,0.603294,7,2,7,6,certificate
3113,13,13,0,3061.4419,11447.2093,118,22,0.952941,7,2,7,6,certificate
3114,14,14,0,3103.3218,11721.6088,115,19,0.522932,7,2,7,6,certificate
3115,14,14,0,3694.9266,14619.6328,117,23,0.573379,7,2,7,6,certificate
3116,11,11,0,2906.6946,10903.4731,112,17,0.419189,7,2,7,6,certificate
3117,16,16,0,3861.3810,14476.9051,148,27,0.661111,7,2,7,6,certificate
3118,15,15,0,3249.8195,12339.0976,118,25,0.758306,7,2,7,6,certificate
3119,14,14,0,3888.3046,15566.5228,118,26,1.185991,7,2,7,6,certificate
3120,13,13,0,3750.0430,14375.2150,135,22,0.424164,7,2,7,6,certificate
3121,16,16,0,4014.5548,16142.7742,118,24,0.362269,7,2,7,6,certificate
3122,10,10,0,2995.5820,11472.9098,109,16,0.550810,7,2,7,6,certificate
3123,10,10,0,2888.1009,10455.5047,125,18,0.430802,7,2,7,6,certificate
3124,16,16,0,3337.1705,13270.8523,101,24,0.423945,7,2,5,4,certificate
3125,10,10,0,3144.9250,11764.6249,124,17,0.471227,7,3,7,6,certificate
3126,16,16,0,3363.5938,13397.9688,101,24,0.860210,7,2,6,5,certificate
3127,14,14,0,3679.4717,14387.3586,123,23,0.590031,7,2,7,6,certificate
3128,10,10,0,2964.1293,10735.6464,128,21,0.520447,7,3,7,6,certificate
3129,13,13,0,3272.9406,12694.7032,112,22,0.630576,7,2,7,6,certificate
3130,14,14,0,3260.5964,12942.9818,101,22,0.494396,7,2,7,6,certificate
3131,10,10,0,3301.5875,12427.9376,128,21,0.516721,7,2,7,6,certificate
3132,16,16,0,3823.5950,15757.9748,99,27,0.423716,7,2,6,5,certificate
3133,12,12,0,3242.3473,12336.7367,119,21,0.504047,7,2,7,6,certificate
3134,15,15,0,3190.9139,12009.5697,119,22,0.524604,7,2,7,6,certificate
3135,16,16,0,3508.0948,13590.4740,119,25,0.681349,7,2,7,6,certificate
3136,12,12,0,4114.0029,16510.0146,126,20,0.501049,7,2,7,6,certificate
3137,12,12,0,3820.9180,15089.5899,124,23,0.495714,7,3,7,6,certificate
3138,13,13,0,3604.6047,14388.0234,111,22,0.595703,7,2,7,6,certificate
3139,13,13,0,3251.1814,12550.9068,113,22,0.625048,7,3,7,6,certificate
3140,10,10,0,3135.4180,12042.0900,113,21,0.570451,7,2,7,6,certificate
3141,14,14,0,3657.8992,14279.4961,123,25,0.635137,7,2,7,6,certificate
3142,13,13,0,3772.3105,14956.5526,120,22,0.548854,7,2,7,6,certificate
3143,14,14,0,3748.8820,14784.4102,121,23,0.533438,7,2,7,6,certificate
3144,11,11,0,3300.3340,12711.6698,118,23,0.926411,7,2,7,6,certificate
3145,16,16,0,3466.2020,13891.0098,102,22,0.366041,7,2,5,4,certificate
3146,11,11,0,3167.5844,11832.9222,125,19,0.533670,7,2,7,6,certificate
3147,16,16,0,3112.3655,12026.8274,104,23,0.569985,7,2,6,5,certificate
3148,11,11,0,3324.6855,12638.4275,124,19,0.551394,7,2,7,6,certificate
3149,15,15,0,4035.1649,16240.8245,119,26,0.630018,7,2,7,6,certificate
3150,15,15,0,3579.0442,13960.2208,119,25,0.669443,7,2,7,6,certificate
3151,14,14,0,3679.8159,14409.0796,122,22,0.480687,7,2,7,6,certificate
3152,12,12,0,4134.5732,16317.8658,135,20,0.809417,7,2,7,6,certificate
3153,12,12,0,3200.3386,12021.6931,123,20,0.466344,7,2,7,6,certificate
3154,16,16,0,3641.5962,14202.9812,122,25,0.606415,7,2,6,5,certificate
3155,16,16,0,3874.2472,15156.2359,127,25,0.537795,7,2,7,6,certificate
3156,15,15,0,3561.3997,13856.9983,120,25,0.542165,7,3,7,6,certificate
3157,11,11,0,3160.9616,12149.8078,113,21,0.617459,7,2,7,6,certificate
3158,16,16,0,3391.1824,13500.9120,102,24,0.494264,7,2,6,5,certificate
3159,12,12,0,3327.4015,12902.0075,115,21,0.621318,7,2,7,6,certificate
3160,16,16,0,3096.1835,11845.9173,109,26,0.529652,7,2,5,4,certificate
3161,16,16,0,3231.7754,12663.8772,104,23,0.986880,7,2,6,5,certificate
3162,11,11,0,3344.8380,12709.1900,125,19,0.470759,7,4,7,6,certificate
3163,10,10,0,3844.1258,15170.6289,127,20,0.550366,7,2,7,6,certificate
3164,11,11,0,3058.4824,11272.4122,125,21,0.549805,7,2,7,6,certificate
3165,14,14,0,3131.0740,11925.3699,113,25,1.096587,7,2,7,6,certificate
3166,12,12,0,3182.2759,12086.3795,118,21,0.553840,7,2,7,6,certificate
3167,14,14,0,3724.8415,14514.2073,126,24,0.884135,7,2,7,6,certificate
3168,16,16,0,3759.0519,15075.2594,111,26,0.492144,7,2,7,6,certificate
3169,10,10,0,3378.7591,12818.7953,128,21,0.686174,7,2,7,6,certificate
3170,12,12,0,2887.0378,10520.1889,121,20,0.923031,7,3,7,6,certificate
3171,10,10,0,3166.9409,11874.7043,124,20,0.605943,7,2,7,6,certificate
3172,14,14,0,3560.8625,13329.3123,138,20,0.503695,7,2,7,6,certificate
3173,12,12,0,2948.3469,10951.7346,117,21,0.914202,7,2,7,6,certificate
3174,13,13,0,3976.9948,15859.9740,123,22,0.521147,7,2,7,6,certificate
3175,10,10,0,3197.0519,12410.2595,111,20,0.532344,7,2,7,6,certificate
3176,12,12,0,3390.5569,13052.7844,121,23,0.592657,7,2,7,6,certificate
3177,10,10,0,3553.0608,13590.3039,131,20,0.576666,7,4,7,6,certificate
3178,16,16,0,3827.0089,15505.0446,108,24,0.659692,7,2,6,5,certificate
3179,12,12,0,3703.8371,14364.1857,129,24,0.824243,7,2,7,6,certificate
3180,11,11,0,3076.0651,11580.3254,118,21,0.600054,7,2,7,6,certificate
3181,16,16,0,2983.0918,11470.4590,102,21,0.573178,7,2,5,4,certificate
3182,16,16,0,3667.1165,14700.5827,108,26,1.867663,7,2,5,4,certificate
3183,11,11,0,3963.3721,15891.8605,122,23,0.700286,7,2,7,6,certificate
3184,10,10,0,2791.4201,10327.1004,113,17,0.760170,7,2,7,6,certificate
3185,15,15,0,3311.8536,12649.2678,119,24,0.579966,7,2,7,6,certificate
3186,14,14,0,3495.0712,13290.3561,128,24,0.549151,7,2,7,6,certificate
3187,13,13,0,3510.3194,13936.5972,110,22,0.566356,7,2,7,6,certificate
3188,10,10,0,3218.1513,12075.7566,126,21,0.701402,7,2,7,6,certificate
3189,13,13,0,3850.6124,15388.0619,119,25,0.616759,7,2,7,6,certificate
3190,15,15,0,3492.3789,13686.8947,114,24,0.832109,7,2,7,6,certificate
3191,10,10,0,2815.3007,10251.5037,119,18,0.477698,7,3,7,6,certificate
3192,16,16,0,3189.7592,12818.7960,92,23,0.400583,7,2,5,4,certificate
3193,10,10,0,3492.0361,13325.1803,130,18,0.512648,7,4,7,6,certificate
3194,16,16,0,3520.1997,13870.9983,112,25,0.529363,7,2,5,4,certificate
3195,16,16,0,3555.8966,13869.4831,118,24,0.492965,7,2,7,6,certificate
3196,15,15,0,4043.4672,16467.3359,113,24,0.664073,7,2,7,6,certificate
3197,16,16,0,3372.5816,12632.9080,128,24,0.737710,7,2,7,6,certificate
3198,11,11,0,3656.5565,14417.7826,120,19,0.650013,7,3,7,6,certificate
3199,14,14,0,3879.7361,15108.6807,132,24,0.691344,7,2,7,6,certificate
3200,12,12,0,3306.3012,12776.5060,115,20,0.573975,7,2,7,6,certificate
3201,13,13,0,3543.3675,13686.8377,124,24,0.625115,7,2,7,6,certificate
3202,14,14,0,3479.7700,13238.8498,127,23,0.583532,7,2,7,6,certificate
3203,11,11,0,3105.3050,11906.5249,112,19,0.559049,7,2,7,6,certificate
3204,13,13,0,3205.3259,12406.6293,110,20,0.579939,7,2,7,6,certificate
3205,16,16,0,3500.7498,13278.7492,128,26,0.733178,7,2,7,6,certificate
3206,11,11,0,3408.5092,13337.5459,115,19,0.635113,7,2,7,6,certificate
3207,15,15,0,3297.6837,12708.4183,114,24,0.662643,7,2,7,6,certificate
3208,15,15,0,2974.8030,11079.0148,114,23,0.615595,7,2,7,6,certificate
3209,16,16,0,3640.2608,14746.3041,102,26,0.906700,7,2,5,4,certificate
3210,10,10,0,3234.6472,12188.2358,125,19,0.727358,7,3,7,6,certificate
3211,11,11,0,3201.0940,11545.4701,140,23,0.739693,7,3,7,6,certificate
3212,12,12,0,3466.7908,13593.9540,115,22,0.660526,7,2,7,6,certificate
3213,14,14,0,3457.5669,13302.8343,122,21,0.792567,7,2,7,6,certificate
3214,14,14,0,3344.6819,13063.4096,111,25,0.701490,7,2,7,6,certificate
3215,12,12,0,2767.9001,10274.5006,109,19,0.536442,7,2,7,6,certificate
3216,15,15,0,3691.3135,14621.5677,116,23,0.547617,7,2,7,6,certificate
3217,13,13,0,2857.8258,10704.1289,109,20,0.522233,7,2,7,6,certificate
3218,14,14,0,3837.8701,15359.3503,117,22,0.560755,7,2,7,6,certificate
3219,16,16,0,3342.6044,13498.0222,95,22,0.444928,7,3,5,4,certificate
3220,14,14,0,2703.1195,10095.5974,103,22,0.655349,7,2,7,6,certificate
3221,12,12,0,3188.7928,11958.9641,124,24,0.610491,7,2,7,6,certificate
3222,14,14,0,3854.9924,15049.9619,130,25,0.543864,7,2,7,6,certificate
3223,10,10,0,3396.4924,12877.4622,129,20,0.836119,7,2,7,6,certificate
3224,15,15,0,3755.5995,14812.9975,120,24,0.724974,7,2,7,6,certificate
3225,16,16,0,3752.0660,14775.3300,120,24,0.890198,7,2,7,6,certificate
3226,16,16,0,3349.1677,13110.8387,108,25,0.674751,7,2,7,6,certificate
3227,16,16,0,3123.7789,12053.8945,106,25,0.536254,7,2,5,4,certificate
3228,16,16,0,3159.4440,12352.2198,102,24,1.638059,7,2,6,5,certificate
3229,12,12,0,3291.3569,12741.7844,114,21,0.770914,7,2,7,6,certificate
3230,15,15,0,3676.5714,14457.8569,119,26,0.631787,7,2,7,6,certificate
3231,12,12,0,3094.8495,11404.2476,126,21,0.600610,7,2,7,6,certificate
3232,11,11,0,3305.3534,12621.7669,122,17,0.535731,7,2,7,6,certificate
3233,13,13,0,3002.0088,11235.0439,116,20,0.623059,7,2,7,6,certificate
3234,12,12,0,3409.9379,12999.6896,126,21,0.705104,7,2,7,6,certificate
3235,16,16,0,3672.4629,14682.3145,110,26,0.617569,7,2,6,5,certificate
3236,16,16,0,3293.3522,12836.7609,108,21,0.482204,7,2,4,3,certificate
3237,14,14,0,2980.0609,11300.3045,109,21,0.638933,7,2,7,6,certificate
3238,16,16,0,3772.7102,15093.5511,113,22,0.482468,7,2,5,4,certificate
3239,15,15,0,3765.5907,14717.9533,125,27,0.682309,7,2,7,6,certificate
3240,16,16,0,3028.1453,11635.7264,104,25,0.743920,7,2,7,6,certificate
3241,15,15,0,3285.5329,12827.6645,108,22,0.736399,7,2,7,6,certificate
3242,16,16,0,3390.5460,12647.7301,131,25,1.222155,7,2,6,5,certificate
3243,13,13,0,2940.3959,10561.9793,127,22,0.688508,7,2,7,6,certificate
3244,10,10,0,3257.3149,12471.5746,119,19,0.654850,7,2,7,6,certificate
3245,13,13,0,3438.7016,13338.5079,118,21,0.582479,7,2,7,6,certificate
3246,16,16,0,3240.4789,12382.3945,115,25,0.570250,7,2,6,5,certificate
3247,15,15,0,3372.8085,12939.0423,119,22,0.521750,7,2,7,6,certificate
3248,10,10,0,3737.8836,14639.4180,127,19,0.644148,7,2,7,6,certificate
3249,11,11,0,3201.0711,12315.3557,114,18,0.557156,7,2,7,6,certificate
3250,12,12,0,2936.2439,11001.2195,113,21,0.661221,7,2,7,6,certificate
3251,10,10,0,3516.2111,13151.0555,141,28,1.093008,7,2,7,6,certificate
3252,13,13,0,3180.3538,12181.7691,114,21,0.581810,7,2,7,6,certificate
3253,13,13,0,3180.1981,11650.9907,132,23,0.627613,7,2,7,6,certificate
3254,14,14,0,3226.8032,12509.0161,110,23,0.572360,7,2,7,6,certificate
3255,10,10,0,3423.0333,12985.1665,130,16,0.468177,7,2,7,6,certificate
3256,16,16,0,3668.5516,14502.7582,115,25,0.964602,7,2,6,5,certificate
3257,14,14,0,3522.6711,13723.3553,119,23,0.556369,7,2,7,6,certificate
3258,12,12,0,3476.8059,13999.0297,103,19,0.469045,7,2,7,6,certificate
3259,13,13,0,3348.2850,12766.4250,122,22,0.603250,7,2,7,6,certificate
3260,11,11,0,3103.6334,11843.1668,114,21,0.527221,7,2,7,6,certificate
3261,10,10,0,3117.4927,11622.4636,124,17,0.451700,7,2,7,6,certificate
3262,15,15,0,3878.7587,15513.7936,117,23,0.536467,7,2,7,6,certificate
3263,12,12,0,3597.3096,13941.5479,125,20,0.636987,7,2,7,6,certificate
3264,14,14,0,2672.6094,9448.0472,119,21,0.564714,7,2,7,6,certificate
3265,11,11,0,2985.3567,11036.7835,121,18,0.622558,7,3,7,6,certificate
3266,14,14,0,3054.6282,11523.1411,114,23,0.651490,7,2,7,6,certificate
3267,14,14,0,3831.2629,15376.3145,115,24,0.695357,7,2,7,6,certificate
3268,12,12,0,2640.4868,9867.4339,102,19,0.764204,7,2,7,6,certificate
3269,16,16,0,3883.3964,15486.9822,118,28,0.637197,7,2,6,5,certificate
3270,14,14,0,3966.1438,15675.7191,127,24,0.723276,7,2,7,6,certificate
3271,16,16,0,3481.7483,14018.7414,100,24,0.697368,7,2,5,3,certificate
3272,12,12,0,2906.2757,10516.3787,124,20,0.621907,7,2,7,6,certificate
3273,11,11,0,2980.8989,11064.4944,119,21,0.765676,7,2,7,6,certificate
3274,13,13,0,3501.4916,13492.4578,123,18,0.570009,7,2,7,5,certificate
3275,16,16,0,4134.3267,16471.6337,127,26,0.693231,7,2,7,6,certificate
3276,13,13,0,4626.4309,18642.1543,139,24,0.752541,7,2,7,6,certificate
3277,14,14,0,3579.2780,14221.3901,112,24,0.803538,7,2,7,6,certificate
3278,16,16,0,3208.1156,12870.5780,93,23,0.878252,7,2,6,5,certificate
3279,11,11,0,2689.1496,10145.7480,101,18,0.936960,7,2,7,6,certificate
3280,13,13,0,3225.6464,12403.2320,114,23,0.595841,7,2,7,6,certificate
3281,16,16,0,3195.1832,11855.9159,124,23,0.573384,7,2,5,4,certificate
3282,15,15,0,3589.7002,13693.5011,130,26,0.756525,7,3,7,6,certificate
3283,16,16,0,3873.2825,15576.4126,113,29,0.709151,7,2,7,6,certificate
3284,11,11,0,2809.7626,9738.8130,135,19,0.575566,7,2,7,6,certificate
3285,10,10,0,3706.7333,14418.6665,129,19,0.580114,7,2,7,6,certificate
3286,16,16,0,3204.2995,12626.4973,100,24,0.916411,7,2,4,3,certificate
3287,13,13,0,3646.1640,14350.8200,119,24,0.676528,7,2,7,6,certificate
3288,11,11,0,3430.5569,13177.7847,124,20,0.541530,7,2,7,6,certificate
3289,10,10,0,2493.3550,8806.7749,114,18,0.463884,7,2,7,6,certificate
3290,13,13,0,3028.3741,11281.8704,118,23,0.828521,7,2,7,6,certificate
3291,10,10,0,3212.3512,12211.7558,121,20,0.552604,7,2,7,6,certificate
3292,10,10,0,3274.8857,12594.4283,118,17,0.564721,7,2,7,6,certificate
3293,11,11,0,3203.2727,12311.3636,115,22,0.627271,7,2,7,6,certificate
3294,14,14,0,3167.1918,12040.9592,115,22,0.460090,7,2,7,6,certificate
3295,15,15,0,3310.9992,12764.9962,114,26,0.696042,7,2,7,6,certificate
3296,13,13,0,3558.9217,14039.6085,115,20,0.613446,7,2,7,6,certificate
3297,12,12,0,3764.8106,14494.0528,134,23,0.639865,7,2,7,6,certificate
3298,15,15,0,3791.5465,14917.7326,123,29,0.699841,7,2,7,6,certificate
3299,15,15,0,3392.0609,13010.3043,120,22,0.578979,7,2,7,6,certificate
3300,12,12,0,3510.7475,13823.7374,115,19,0.709977,7,2,7,6,certificate
3301,14,14,0,3655.1676,14240.8381,123,21,1.253875,7,2,7,6,certificate
3302,16,16,0,3247.8984,12889.4920,99,23,0.626312,7,2,4,3,certificate
3303,11,11,0,3756.4057,14652.0283,129,20,0.607945,7,3,7,6,certificate
3304,15,15,0,3554.9396,13989.6981,114,23,0.852775,7,2,7,6,certificate
3305,12,12,0,3264.5554,12652.7768,113,20,0.638105,7,2,7,6,certificate
3306,15,15,0,3208.1137,12005.5686,124,24,1.090929,7,2,7,6,certificate
3307,13,13,0,3216.8795,11984.3973,127,21,0.668779,7,2,7,6,certificate
3308,13,13,0,3945.6817,15988.4086,115,23,1.058972,7,2,7,6,certificate
3309,15,15,0,3453.2140,13486.0698,114,23,1.087547,7,2,7,6,certificate
3310,13,13,0,3919.5927,15622.9634,122,20,0.730795,7,2,7,6,certificate
3311,14,14,0,2949.2817,11321.4087,103,22,0.796274,7,2,7,6,certificate
3312,11,11,0,2993.3650,11011.8249,123,22,0.640277,7,2,7,6,certificate
3313,11,11,0,3113.5823,11472.9115,127,21,0.606057,7,2,7,6,certificate
3314,14,14,0,3768.6642,14908.3208,120,26,0.688122,7,2,7,6,certificate
3315,10,10,0,2576.9851,9249.9253,113,18,0.664873,7,2,7,6,certificate
3316,13,13,0,3089.1959,11610.9795,118,21,0.766098,7,2,7,6,certificate
3317,15,15,0,3551.4392,14167.1959,107,23,0.915220,7,2,7,6,certificate
3318,15,15,0,3533.3023,13861.5115,115,22,0.609018,7,2,7,6,certificate
3319,11,11,0,3686.4379,14622.1893,118,19,0.588215,7,2,7,6,certificate
3320,16,16,0,3668.1965,14535.9825,114,27,0.649182,7,2,7,6,certificate
3321,16,16,0,3040.6790,11628.3949,106,25,0.703134,7,2,7,6,certificate
3322,14,14,0,3311.2122,12351.0612,129,22,0.507831,7,2,7,6,certificate
3323,13,13,0,3419.3382,12766.6912,134,25,0.667031,7,2,7,6,certificate
3324,14,14,0,3334.7654,12703.8268,121,23,0.629743,7,2,7,6,certificate
3325,14,14,0,3501.8522,13724.2609,115,24,0.570032,7,3,7,6,certificate
3326,13,13,0,3182.9296,11834.6479,125,22,0.699511,7,2,7,6,certificate
3327,12,12,0,3090.5473,11707.7366,115,20,0.606323,7,2,7,6,certificate
3328,14,14,0,3411.8498,13234.2491,116,23,0.666700,7,2,7,6,certificate
3329,12,12,0,3219.6923,12243.4617,119,20,0.610964,7,2,7,6,certificate
3330,15,15,0,3535.0910,14090.4552,107,22,0.821440,7,2,7,6,certificate
3331,16,16,0,3639.9999,14544.9996,109,23,0.622826,7,2,6,5,certificate
3332,11,11,0,3281.1800,12515.9001,121,21,0.708259,7,2,7,6,certificate
3333,13,13,0,3500.4746,13387.3731,127,23,0.776917,7,2,7,6,certificate
3334,14,14,0,4267.5720,17367.8599,121,27,0.802152,7,2,7,6,certificate
3335,10,10,0,3166.4638,12262.3189,111,17,0.718197,7,2,7,6,certificate
3336,12,12,0,2793.3745,9971.8723,124,20,0.699264,7,2,7,6,certificate
3337,10,10,0,3419.7619,12778.8096,136,21,0.749964,7,3,7,6,certificate
3338,13,13,0,3408.7816,13323.9082,114,20,0.869815,7,2,7,6,certificate
3339,10,10,0,4016.3291,16086.6457,125,17,0.610148,7,2,7,6,certificate
3340,15,15,0,3148.0592,11905.2962,116,25,0.654540,7,2,7,6,certificate
3341,11,11,0,3291.0218,12115.1090,136,20,0.761624,7,2,7,6,certificate
3342,16,16,0,2840.3540,11246.7702,86,23,0.538508,7,2,5,4,certificate
3343,15,15,0,3351.6971,12703.4855,123,22,0.634528,7,2,7,6,certificate
3344,12,12,0,3140.9910,11814.9550,120,20,0.769137,7,2,7,6,certificate
3345,10,10,0,3371.9547,12899.7737,124,18,0.696822,7,2,7,6,certificate
3346,14,14,0,3436.4189,12972.0943,129,24,0.742518,7,2,7,6,certificate
3347,11,11,0,3222.4611,12372.3053,116,20,0.592571,7,2,7,6,certificate
3348,15,15,0,3488.8776,13909.3878,106,22,1.108275,7,2,7,6,certificate
3349,14,14,0,3473.1262,13265.6308,126,23,0.674389,7,3,7,6,certificate
3350,11,11,0,3188.4675,11917.3374,126,19,0.568083,7,2,7,6,certificate
3351,11,11,0,2841.6153,10463.0766,116,20,1.046752,7,2,7,6,certificate
3352,13,13,0,3376.7401,12943.7006,121,23,0.609555,7,2,7,6,certificate
3353,13,13,0,3298.8727,12669.3633,117,23,0.542013,7,2,7,6,certificate
3354,12,12,0,3539.8986,13689.4928,125,22,0.678634,7,2,7,6,certificate
3355,15,15,0,3195.6888,12078.4441,118,23,0.581290,7,2,7,6,certificate
3356,16,16,0,4132.4049,16082.0244,140,24,0.681412,7,2,7,6,certificate
3357,12,12,0,3419.7722,13303.8611,117,20,0.793005,7,2,7,6,certificate
3358,14,14,0,3777.4987,14767.4935,126,23,0.759489,7,2,7,6,certificate
3359,10,10,0,3228.3031,12161.5153,125,18,0.603715,7,2,7,6,certificate
3360,10,10,0,2800.0989,10275.4947,117,17,0.520252,7,2,7,6,certificate
3361,14,14,0,3945.4073,15907.0366,116,25,0.647153,7,2,7,6,certificate
3362,11,11,0,2919.3326,10996.6628,111,18,0.747885,7,2,7,6,certificate
3363,13,13,0,3139.3514,11876.7568,117,22,0.591054,7,2,7,6,certificate
3364,12,12,0,3435.7031,13343.5154,119,22,0.591590,7,2,7,6,certificate
3365,12,12,0,3111.8011,12034.0057,108,21,0.673876,7,2,7,6,certificate
3366,10,10,0,3322.0816,12500.4082,129,17,0.555243,7,2,7,6,certificate
3367,12,12,0,3588.5613,13937.8067,124,21,0.665152,7,2,7,6,certificate
3368,10,10,0,2839.3122,10261.5610,123,19,0.619223,7,2,7,6,certificate
3369,15,15,0,3637.0569,14190.2846,121,27,1.438350,7,2,7,6,certificate
3370,12,12,0,3135.4636,11767.3178,122,19,0.703691,7,2,7,6,certificate
3371,13,13,0,3625.9143,13959.5713,128,22,0.725617,7,2,7,6,certificate
3372,12,12,0,3271.0586,13065.2930,100,18,0.807922,7,2,7,6,certificate
3373,12,12,0,3003.8871,11244.4354,116,19,0.639547,7,2,7,6,certificate
3374,11,11,0,3395.1955,13295.9774,114,22,0.777154,7,2,7,6,certificate
3375,12,12,0,3151.7788,11918.8941,119,22,0.687075,7,2,7,6,certificate
3376,11,11,0,3122.4759,11512.3794,128,22,0.757658,7,2,7,6,certificate
3377,16,16,0,3258.2325,13086.1624,94,22,1.238534,7,2,6,5,certificate
3378,10,10,0,3067.4726,11222.3630,129,22,0.750666,7,2,7,6,certificate
3379,11,11,0,2835.0425,10115.2125,126,19,0.557793,7,3,7,6,certificate
3380,12,12,0,2999.2590,11016.2951,123,18,0.598324,7,3,7,6,certificate
3381,16,16,0,3082.7741,12203.8705,94,22,0.430486,7,2,5,4,certificate
3382,16,16,0,3800.7172,15198.5862,114,28,0.657584,7,2,6,5,certificate
3383,12,12,0,3780.5956,14562.9780,135,24,0.992542,7,3,7,6,certificate
3384,15,15,0,3329.1934,12700.9672,120,23,0.540532,7,2,7,6,certificate
3385,11,11,0,3019.2317,11081.1587,125,17,0.513083,7,2,7,6,certificate
3386,11,11,0,3246.6226,12338.1131,121,21,0.569802,7,2,7,6,certificate
3387,13,13,0,3647.4491,14497.2453,114,21,0.968160,7,2,7,6,certificate
3388,12,12,0,3090.2402,11561.2011,120,20,1.480619,7,2,7,6,certificate
3389,11,11,0,4151.8267,16684.1335,127,19,0.612163,7,2,7,6,certificate
3390,12,12,0,3410.1435,12955.7176,127,21,0.678477,7,3,7,6,certificate
3391,11,11,0,2815.7880,10448.9402,112,20,0.833526,7,2,7,6,certificate
3392,16,16,0,4316.5690,17332.8451,129,24,0.579530,7,2,7,6,certificate
3393,10,10,0,3165.2542,11986.2712,120,17,0.706521,7,2,7,6,certificate
3394,15,15,0,3450.9195,13719.5973,106,25,1.087813,7,2,7,6,certificate
3395,14,14,0,3355.2982,12746.4909,123,24,0.662021,7,2,7,6,certificate
3396,14,14,0,3851.6119,15213.0597,124,21,0.661647,7,2,7,6,certificate
3397,10,10,0,3474.8992,13209.4960,131,18,0.645605,7,2,7,6,certificate
3398,12,12,0,3308.3860,12621.9302,121,23,0.722412,7,2,7,6,certificate
3399,14,14,0,3827.5236,15202.6182,120,25,0.753839,7,3,7,6,certificate
3400,15,15,0,3628.5558,14382.7792,113,23,0.669570,7,2,7,6,certificate
3401,10,10,0,3027.7343,11478.6714,114,18,0.671099,7,2,7,6,certificate
3402,13,13,0,3403.7726,12733.8630,133,23,0.932459,7,2,7,6,certificate
3403,10,10,0,3841.1195,14630.5975,146,30,0.871681,7,4,7,6,certificate
3404,10,10,0,2902.2100,10301.0501,133,20,0.619636,7,3,7,6,certificate
3405,14,14,0,3647.2200,14431.0998,115,24,0.675811,7,2,7,6,certificate
3406,14,14,0,3816.8029,15144.0146,120,24,0.671483,7,2,7,6,certificate
3407,16,16,0,3003.8407,11444.2037,106,22,0.469016,7,2,6,5,certificate
3408,14,14,0,3533.9325,14044.6625,110,22,0.631346,7,2,7,6,certificate
3409,10,10,0,3216.2641,12351.3203,116,17,0.594113,7,2,7,6,certificate
3410,13,13,0,3081.3717,11086.8584,134,21,0.682032,7,2,7,6,certificate
3411,14,14,0,2926.5867,10872.9333,114,22,1.472979,7,2,7,6,certificate
3412,13,13,0,3399.1098,13120.5489,119,23,0.688872,7,2,7,6,certificate
3413,14,14,0,3605.6269,14243.1343,115,21,0.535544,7,2,7,6,certificate
3414,16,16,0,3537.5048,13992.5240,111,27,0.667383,7,2,6,5,certificate
3415,15,15,0,3428.2554,13081.2768,123,24,0.587996,7,2,7,6,certificate
3416,16,16,0,2948.4185,10797.0924,119,24,0.554894,7,2,5,4,certificate
3417,12,12,0,3571.2889,14096.4446,116,22,0.655659,7,2,7,6,certificate
3418,13,13,0,3478.6456,13423.2278,122,20,0.543795,7,2,7,6,certificate
3419,16,16,0,4054.7520,16608.7602,109,27,0.822978,7,2,6,5,certificate
3420,15,15,0,3596.4186,14057.0928,119,22,0.636014,7,2,7,6,certificate
3421,16,16,0,4023.1404,16095.7019,121,26,0.581502,7,2,6,5,certificate
3422,15,15,0,3556.8248,13704.1241,124,27,0.889727,7,2,7,6,certificate
3423,16,16,0,3430.5762,13497.8810,109,27,0.610859,7,2,7,6,certificate
3424,12,12,0,3155.9073,11419.5364,137,24,0.665439,7,2,7,6,certificate
3425,12,12,0,3240.5571,12042.7853,129,21,0.887250,7,2,7,6,certificate
3426,12,12,0,3489.0259,13025.1294,138,21,0.606123,7,3,7,6,certificate
3427,12,12,0,3436.1272,13385.6359,117,20,0.615493,7,2,7,6,certificate
3428,11,11,0,3336.2241,12891.1204,118,17,0.677085,7,3,7,6,certificate
3429,11,11,0,3635.3785,13706.8923,139,18,0.539017,7,2,7,6,certificate
3430,11,11,0,3417.2568,13281.2841,118,19,0.597681,7,2,7,6,certificate
3431,13,13,0,3366.0674,13365.3371,105,21,0.628160,7,2,7,6,certificate
3432,10,10,0,3147.6028,11963.0142,118,19,0.987530,7,2,7,6,certificate
3433,12,12,0,3397.7154,12973.5768,124,19,0.566611,7,2,7,6,certificate
3434,11,11,0,2929.8791,10339.3954,135,22,0.656175,7,2,7,6,certificate
3435,11,11,0,3438.5825,13332.9127,120,22,0.585016,7,2,7,6,certificate
3436,10,10,0,3059.1589,11275.7943,126,21,0.739496,7,2,7,6,certificate
3437,16,16,0,3805.7296,15373.6481,109,26,0.617139,7,2,6,5,certificate
3438,15,15,0,4228.9601,17229.8003,118,26,0.742242,7,2,7,6,certificate
3439,11,11,0,3075.4372,11502.1861,120,19,0.633091,7,2,7,6,certificate
3440,15,15,0,3070.8706,11444.3531,118,25,0.899213,7,2,7,6,certificate
3441,15,15,0,3932.0921,15435.4603,129,25,0.741985,7,2,7,6,certificate
3442,15,15,0,3828.0730,15330.3648,115,25,0.695115,7,2,7,6,certificate
3443,15,15,0,3509.2416,13761.2079,114,22,0.673181,7,2,7,6,certificate
3444,15,15,0,3603.4709,13877.3543,126,25,0.555399,7,2,7,6,certificate
3445,15,15,0,3546.2202,13556.1010,127,24,0.665292,7,2,7,6,certificate
3446,14,14,0,3598.7064,14318.5319,111,24,1.153781,7,2,7,6,certificate
3447,15,15,0,3617.4448,14402.2239,111,23,0.688905,7,2,7,6,certificate
3448,14,14,0,3452.7717,13288.8586,121,24,0.798058,7,2,7,6,certificate
3449,16,16,0,3995.6138,16553.0692,101,25,0.371155,7,2,5,4,certificate
3450,14,14,0,3387.4400,13212.2000,113,22,0.689840,7,2,7,6,certificate
3451,14,14,0,3264.6266,12653.1331,111,21,0.709464,7,2,7,6,certificate
3452,13,13,0,3812.2164,15026.0821,125,24,0.654947,7,2,7,6,certificate
3453,15,15,0,4001.1819,15950.9095,123,23,0.587248,7,2,7,6,certificate
3454,15,15,0,3007.4800,11217.4001,115,21,0.513352,7,2,7,6,certificate
3455,11,11,0,3691.1768,14145.8838,135,21,0.644562,7,2,7,6,certificate
3456,16,16,0,3046.1063,11810.5315,101,26,1.391602,7,2,6,5,certificate
3457,15,15,0,3825.4199,15037.0996,124,24,0.603143,7,2,7,6,certificate
3458,15,15,0,3408.6300,12918.1499,126,24,0.614778,7,2,7,6,certificate
3459,13,13,0,3086.8608,11524.3042,120,22,0.605880,7,2,7,6,certificate
3460,15,15,0,3508.2300,13636.1502,118,22,0.547108,7,2,7,6,certificate
3461,14,14,0,3196.7891,12318.9457,111,21,0.558698,7,2,7,6,certificate
3462,13,13,0,3470.7473,13533.7364,117,23,0.518322,7,2,7,6,certificate
3463,16,16,0,4192.1194,16785.5971,126,25,0.477026,7,2,6,5,certificate
3464,10,10,0,3129.0901,11700.4505,124,20,0.506047,7,2,7,6,certificate
3465,13,13,0,3718.8558,14634.2791,122,22,0.602474,7,2,7,6,certificate
3466,13,13,0,3573.1430,13495.7148,135,25,0.811537,7,2,7,6,certificate
3467,16,16,0,3564.7789,14233.8943,107,24,0.643106,7,2,6,5,certificate
3468,13,13,0,4013.7246,16353.6228,114,23,0.686212,7,2,7,6,certificate
3469,13,13,0,3605.2774,14151.3871,119,24,0.731422,7,2,7,6,certificate
3470,10,10,0,2774.9310,10039.6549,120,20,0.639493,7,3,7,6,certificate
3471,11,11,0,3528.8558,13739.2791,121,19,0.674456,7,2,7,6,certificate
3472,13,13,0,3482.7226,13743.6130,112,23,0.626617,7,2,7,6,certificate
3473,14,14,0,3523.1139,13730.5693,118,21,0.626391,7,3,7,6,certificate
3474,11,11,0,3445.7586,13513.7928,116,18,0.828997,7,2,7,6,certificate
3475,16,16,0,3760.4458,14787.2291,121,27,0.591593,7,2,7,6,certificate
3476,10,10,0,2910.5200,10927.6002,113,19,0.876179,7,2,7,6,certificate
3477,13,13,0,3625.0574,14455.2868,112,22,0.664416,7,2,7,6,certificate
3478,12,12,0,3636.0641,14435.3205,115,21,0.815897,7,2,7,6,certificate
3479,13,13,0,3669.9421,14119.7107,131,26,0.663393,7,3,7,6,certificate
3480,13,13,0,3567.1214,13500.6068,134,20,0.626054,7,2,7,6,certificate
3481,14,14,0,3295.8318,12719.1590,114,24,0.816278,7,2,7,6,certificate
3482,14,14,0,3981.6729,16268.3646,110,25,0.789411,7,2,7,6,certificate
3483,10,10,0,3654.3147,14101.5733,131,18,0.554532,7,3,7,6,certificate
3484,11,11,0,3199.7870,11623.9348,137,25,0.639174,7,2,7,6,certificate
3485,12,12,0,3690.7448,14448.7240,124,21,0.563452,7,2,7,6,certificate
3486,15,15,0,3074.4318,12017.1589,100,22,0.780458,7,2,7,6,certificate
3487,14,14,0,2921.1363,10940.6813,111,21,0.559644,7,2,7,6,certificate
3488,10,10,0,3619.3557,14066.7785,126,20,0.689158,7,2,7,6,certificate
3489,12,12,0,3135.5861,11817.9303,119,21,0.629325,7,2,7,6,certificate
3490,10,10,0,3176.3631,11796.8154,128,20,0.612469,7,3,7,6,certificate
3491,11,11,0,3080.6464,11618.2318,117,19,0.504787,7,2,7,6,certificate
3492,11,11,0,2880.6009,10803.0044,111,19,0.603175,7,2,7,6,certificate
3493,12,12,0,3687.2959,14691.4795,115,19,0.391921,7,3,7,6,certificate
3494,14,14,0,3073.9162,11654.5812,112,21,0.657366,7,2,7,6,certificate
3495,14,14,0,3502.0861,13460.4307,124,26,0.553403,7,2,7,6,certificate
3496,16,16,0,4152.3381,16331.6907,135,28,0.529347,7,3,7,6,certificate
3497,10,10,0,3349.3404,12921.7019,120,21,0.465920,7,2,7,6,certificate
3498,15,15,0,3463.2688,13506.3439,116,22,0.619761,7,2,7,6,certificate
3499,14,14,0,3657.9703,14709.8514,108,23,0.493914,7,2,7,6,certificate
3500,12,12,0,3058.6737,11623.3683,113,18,0.496356,7,2,7,6,certificate
3501,16,16,0,3992.1228,16180.6138,113,28,0.720171,7,2,6,5,certificate
3502,16,16,0,3550.0478,13830.2389,118,25,0.606232,7,2,6,5,certificate
3503,16,16,0,3272.2338,12431.1692,118,24,0.790879,7,2,6,5,certificate
3504,16,16,0,3871.8549,15524.2744,115,25,0.619851,7,2,6,5,certificate
3505,14,14,0,3508.9620,13539.8099,122,22,0.648692,7,2,7,6,certificate
3506,12,12,0,3377.5542,13307.7710,110,20,0.620272,7,2,7,6,certificate
3507,10,10,0,3137.0647,11730.3237,123,18,0.570175,7,2,7,6,certificate
3508,15,15,0,4267.4585,17442.2926,118,26,0.716931,7,2,7,6,certificate
3509,16,16,0,3364.5067,12892.5335,118,22,0.549262,7,2,6,5,certificate
3510,12,12,0,3610.3957,14091.9786,123,20,0.614457,7,2,7,6,certificate
3511,13,13,0,3561.1222,14160.6111,111,21,0.624962,7,2,7,6,certificate
3512,16,16,0,3205.9812,12364.9060,109,24,0.802904,7,2,5,4,certificate
3513,12,12,0,2920.1013,10635.5064,123,19,0.701549,7,2,7,6,certificate
3514,16,16,0,3559.3736,13981.8681,114,23,0.650798,7,2,5,4,certificate
3515,12,12,0,4048.6466,16323.2331,121,21,0.647282,7,2,7,6,certificate
3516,13,13,0,3516.2556,13816.2778,115,20,0.590869,7,2,7,6,certificate
3517,16,16,0,3680.2542,14746.2712,109,24,0.724811,7,2,7,6,certificate
3518,13,13,0,3425.6501,12928.2505,129,23,1.072470,7,2,7,6,certificate
3519,15,15,0,3300.2193,12751.0964,113,25,0.597212,7,2,7,6,certificate
3520,13,13,0,2942.3966,11126.9828,110,20,0.613119,7,2,7,6,certificate
3521,12,12,0,3617.6219,14003.1096,126,23,1.074573,7,2,7,6,certificate
3522,11,11,0,3196.0045,12055.0225,122,20,0.523394,7,2,7,6,certificate
3523,10,10,0,2782.6889,10043.4443,121,19,0.610038,7,2,7,6,certificate
3524,10,10,0,3185.1696,12080.8482,121,18,0.507162,7,2,7,6,certificate
3525,16,16,0,4095.2138,16266.0688,128,26,0.561010,7,3,6,5,certificate
3526,15,15,0,4090.7451,16473.7257,121,26,0.646531,7,2,7,6,certificate
3527,10,10,0,2930.4926,10687.4628,124,19,0.679869,7,2,7,6,certificate
3528,13,13,0,3425.5673,12877.8363,131,22,0.515611,7,2,7,6,certificate
3529,16,16,0,3284.5539,12702.7695,111,26,0.667615,7,2,7,6,certificate
3530,15,15,0,3325.0260,12980.1298,110,24,0.479382,7,2,7,6,certificate
3531,14,14,0,3377.6598,13323.2989,108,21,0.689910,7,2,7,6,certificate
3532,11,11,0,3661.7334,14588.6672,115,20,0.537306,7,2,7,6,certificate
3533,10,10,0,2789.9598,10024.7990,123,18,0.503699,7,2,7,6,certificate
3534,13,13,0,3602.1436,13905.7180,127,21,0.573862,7,2,7,6,certificate
3535,11,11,0,3042.2050,11321.0250,121,22,1.180604,7,2,7,6,certificate
3536,15,15,0,3471.8007,13904.0035,103,24,1.139332,7,2,7,6,certificate
3537,15,15,0,3787.4644,14697.3222,129,23,0.602049,7,3,7,6,certificate
3538,13,13,0,3409.3273,13431.6365,110,20,1.673310,7,2,7,6,certificate
3539,11,11,0,3198.7652,12458.8261,109,21,0.958049,7,2,7,6,certificate
3540,10,10,0,3383.2761,12961.3803,124,21,0.752278,7,2,7,6,certificate
3541,10,10,0,3035.5031,11547.5156,113,17,0.695725,7,2,7,6,certificate
3542,10,10,0,3630.3484,14021.7418,130,20,0.657641,7,2,7,6,certificate
3543,12,12,0,3471.1255,13495.6274,119,20,0.589006,7,2,7,6,certificate
3544,10,10,0,2945.2911,10981.4557,117,19,0.623886,7,2,7,6,certificate
3545,14,14,0,3277.6295,11978.1477,136,25,0.661699,7,2,7,6,certificate
3546,14,14,0,3954.4862,15862.4312,119,24,0.592433,7,2,7,6,certificate
3547,10,10,0,2917.3807,10776.9036,119,18,0.553207,7,2,7,6,certificate
3548,14,14,0,3927.8450,15704.2250,120,21,0.629458,7,2,7,6,certificate
3549,11,11,0,2861.1702,10680.8512,112,20,0.730743,7,2,7,6,certificate
3550,10,10,0,3775.8253,14234.1266,147,18,0.577128,7,3,7,6,certificate
3551,16,16,0,3676.4990,13877.4948,137,30,0.679360,7,2,7,6,certificate
3552,15,15,0,3872.0378,15195.1890,127,24,0.552670,7,2,7,6,certificate
3553,12,12,0,3905.0924,15305.4619,131,21,0.580878,7,2,7,6,certificate
3554,16,16,0,3727.4250,14942.1251,110,25,0.563375,7,2,6,5,certificate
3555,13,13,0,3403.1095,13165.5476,118,21,0.558337,7,2,7,6,certificate
3556,15,15,0,3521.0921,13745.4604,117,26,1.253165,7,2,7,6,certificate
3557,15,15,0,3626.2644,14286.3219,116,24,0.636311,7,2,7,6,certificate
3558,13,13,0,3321.5201,12797.6006,117,23,0.521334,7,2,7,6,certificate
3559,11,11,0,3560.6202,13153.1008,147,18,0.482657,7,3,7,6,certificate
3560,15,15,0,3546.2703,13646.3517,124,22,0.437293,7,2,7,6,certificate
3561,13,13,0,2970.0109,10990.0547,118,23,0.561962,7,2,7,6,certificate
3562,12,12,0,3233.5248,12432.6242,115,20,0.494006,7,2,7,6,certificate
3563,12,12,0,3763.7300,14728.6500,127,20,0.572957,7,2,7,6,certificate
3564,12,12,0,3459.3146,13501.5732,117,20,0.594776,7,2,7,6,certificate
3565,11,11,0,3124.2102,11546.0508,127,18,0.670927,7,2,7,6,certificate
3566,16,16,0,2997.6650,11483.3250,104,25,1.157966,7,2,7,6,certificate
3567,14,14,0,3671.7699,14523.8493,117,25,0.398092,7,2,7,6,certificate
3568,14,14,0,3030.2097,11596.0487,107,22,0.370368,7,2,7,6,certificate
3569,12,12,0,3539.6973,13663.4863,125,20,0.402109,7,2,7,6,certificate
3570,12,12,0,3590.6611,13938.3055,124,22,0.708795,7,2,7,6,certificate
3571,16,16,0,3421.1055,13475.5274,108,24,0.512946,7,2,6,5,certificate
3572,12,12,0,4080.4070,16537.0348,119,22,0.616734,7,2,7,6,certificate
3573,13,13,0,2929.3258,10946.6291,113,19,0.852269,7,2,7,6,certificate
3574,15,15,0,3574.7307,14233.6536,109,23,0.663859,7,2,7,6,certificate
3575,12,12,0,3550.3610,13631.8050,128,21,0.844146,7,2,7,6,certificate
3576,10,10,0,3359.6537,12658.2685,130,18,0.557662,7,2,7,6,certificate
3577,16,16,0,4166.4281,16907.1406,118,26,0.839488,7,2,7,6,certificate
3578,16,16,0,3573.1057,14055.5285,114,25,1.446853,7,2,7,6,certificate
3579,15,15,0,3605.5827,14547.9134,104,24,0.967003,7,2,7,6,certificate
3580,15,15,0,3466.4957,13512.4783,115,22,0.665230,7,3,7,6,certificate
3581,16,16,0,3145.0132,12210.0661,104,26,0.676691,7,2,6,5,certificate
3582,14,14,0,3853.7233,15393.6163,118,23,0.651427,7,2,7,6,certificate
3583,10,10,0,2999.9761,11304.8805,115,17,0.567577,7,2,7,6,certificate
3584,13,13,0,3807.8414,14804.2070,131,23,0.648867,7,2,7,6,certificate
3585,11,11,0,3287.4262,12727.1308,115,20,0.625143,7,2,7,6,certificate
3586,10,10,0,3356.7508,12793.7542,125,19,0.540463,7,2,7,6,certificate
3587,11,11,0,3402.6595,12003.2974,158,20,0.574484,7,3,7,6,certificate
3588,11,11,0,3644.3555,14176.7773,126,20,0.563112,7,2,7,6,certificate
3589,10,10,0,2999.5154,11142.5772,121,18,0.452154,7,2,7,6,certificate
3590,11,11,0,3112.8308,11464.1539,128,20,0.462868,7,2,7,6,certificate
3591,10,10,0,3037.1654,11535.8269,114,16,0.388590,7,3,7,6,certificate
3592,15,15,0,3561.1731,13875.8654,119,22,0.459514,7,2,7,6,certificate
3593,16,16,0,3263.2812,12716.4059,107,23,0.619166,7,2,7,6,certificate
3594,11,11,0,3325.8777,12714.3885,121,19,0.489995,7,2,7,6,certificate
3595,12,12,0,3551.4250,13992.1250,116,22,0.567192,7,2,7,6,certificate
3596,10,10,0,2813.3706,10231.8531,120,22,0.545596,7,2,7,6,certificate
3597,12,12,0,3577.1968,13660.9842,131,21,0.644607,7,2,7,6,certificate
3598,13,13,0,3113.2679,11891.3395,112,21,0.973704,7,2,7,6,certificate
3599,10,10,0,2982.7404,11053.7020,120,18,0.481938,7,2,7,6,certificate
3600,14,14,0,3920.7685,15353.8426,130,22,0.710867,7,2,7,6,certificate
3601,13,13,0,3080.0952,11845.4762,108,23,0.445677,7,2,7,6,certificate
3602,12,12,0,3510.3982,13506.9912,125,20,0.473373,7,3,7,6,certificate
3603,14,14,0,3582.6803,14293.4017,109,20,0.368609,7,2,7,6,certificate
3604,12,12,0,4269.3322,17426.6610,121,21,0.462752,7,2,7,6,certificate
3605,10,10,0,3628.6444,14213.2219,123,19,0.996277,7,2,7,6,certificate
3606,14,14,0,3551.7848,13953.9242,116,22,0.582128,7,2,7,6,certificate
3607,11,11,0,3686.3505,14491.7523,123,20,0.578885,7,2,7,6,certificate
3608,16,16,0,4178.3715,16936.8575,119,26,0.911759,7,2,7,6,certificate
3609,14,14,0,3638.6580,14733.2898,104,22,0.898920,7,2,7,6,certificate
3610,10,10,0,2917.2894,10461.4471,130,17,0.548849,7,2,7,6,certificate
3611,10,10,0,3191.4463,12062.2313,122,18,0.558752,7,2,7,6,certificate
3612,14,14,0,2927.3438,11031.7188,109,22,0.528073,7,2,7,6,certificate
3613,12,12,0,4001.1159,15995.5794,124,20,0.568884,7,2,7,6,certificate
3614,10,10,0,3677.8757,14634.3784,117,19,0.598926,7,2,7,6,certificate
3615,11,11,0,3144.6241,11953.1203,117,18,0.629423,7,2,7,6,certificate
3616,10,10,0,3670.7966,14153.9829,132,21,0.711669,7,3,7,6,certificate
3617,12,12,0,3254.1950,12255.9752,124,23,0.733391,7,2,7,6,certificate
3618,11,11,0,3035.3498,11541.7490,112,19,0.553237,7,2,7,6,certificate
3619,13,13,0,3337.7037,13103.5186,109,20,0.516601,7,2,7,6,certificate
3620,15,15,0,3474.6350,13233.1750,126,25,0.589980,7,2,7,6,certificate
3621,12,12,0,3382.2687,12766.3435,128,20,0.640422,7,2,7,6,certificate
3622,13,13,0,3434.5222,12967.6111,130,20,0.537289,7,2,7,6,certificate
3623,14,14,0,3552.2852,13806.4259,121,22,0.518104,7,2,7,6,certificate
3624,14,14,0,4091.0858,16790.4292,111,23,0.489563,7,2,7,6,certificate
3625,12,12,0,3008.8679,11024.3397,125,21,0.434495,7,2,7,6,certificate
3626,13,13,0,3536.5640,13712.8200,122,23,0.464508,7,3,7,6,certificate
3627,13,13,0,3562.2949,13626.4746,129,24,0.553894,7,2,7,6,certificate
3628,15,15,0,3679.1051,14615.5257,114,25,0.546267,7,2,7,6,certificate
3629,10,10,0,3031.2803,11296.4017,121,18,0.594366,7,2,7,6,certificate
3630,13,13,0,3412.7535,13148.7676,120,21,0.531228,7,2,7,6,certificate
3631,10,10,0,3487.8271,13774.1354,114,19,0.573612,7,2,7,6,certificate
3632,13,13,0,3520.7164,13723.5821,119,21,0.521644,7,2,7,6,certificate
3633,14,14,0,3407.6080,13503.0402,107,27,0.928188,7,2,7,6,certificate
3634,12,12,0,3283.6340,12608.1700,118,20,0.633394,7,2,7,6,certificate
3635,10,10,0,3065.1669,11460.8347,121,18,0.469759,7,2,7,6,certificate
3636,12,12,0,2930.4972,10967.4862,113,20,0.403917,7,2,7,6,certificate
3637,16,16,0,4180.1052,16880.5258,121,26,0.354352,7,2,6,5,certificate
3638,14,14,0,3181.7274,12268.6369,110,22,0.391289,7,2,7,6,certificate
3639,14,14,0,3465.8310,13429.1550,119,21,0.401716,7,3,7,6,certificate
3640,13,13,0,3232.7027,12348.5135,117,22,0.677851,7,2,7,6,certificate
3641,13,13,0,3558.2039,13846.0193,121,20,0.548860,7,2,7,6,certificate
3642,14,14,0,3755.3883,13971.9415,149,22,0.684002,7,2,7,6,certificate
3643,12,12,0,3151.7774,11823.8872,121,22,0.719003,7,2,7,6,certificate
3644,14,14,0,3483.0862,13785.4309,110,21,0.560624,7,2,7,6,certificate
3645,15,15,0,3790.1117,14730.5584,129,26,0.765449,7,2,7,6,certificate
3646,13,13,0,3093.3096,11356.5482,127,24,0.642542,7,2,7,6,certificate
3647,14,14,0,3422.6593,13173.2964,120,21,0.442418,7,2,7,6,certificate
3648,11,11,0,3312.6680,12613.3399,123,23,0.647105,7,2,7,6,certificate
3649,13,13,0,3662.2157,14336.0785,122,23,0.572531,7,3,7,6,certificate
3650,11,11,0,3188.4952,11562.4759,137,19,0.585810,7,3,7,6,certificate
3651,16,16,0,3109.8138,12174.0692,100,22,0.783614,7,2,6,5,certificate
3652,12,12,0,3274.4104,12607.0522,116,22,0.564420,7,3,7,6,certificate
3653,14,14,0,3974.7856,15963.9280,120,21,0.511759,7,2,7,6,certificate
3654,12,12,0,3707.5449,14427.7246,128,24,0.472810,7,3,7,6,certificate
3655,12,12,0,3541.1814,14205.9068,107,21,0.578501,7,2,7,6,certificate
3656,14,14,0,3739.5725,15057.8627,110,25,0.563253,7,2,7,6,certificate
3657,16,16,0,3549.2691,14236.3454,104,24,0.440270,7,2,6,5,certificate
3658,14,14,0,3633.6366,14323.1831,117,25,0.579486,7,2,7,6,certificate
3659,10,10,0,2997.6517,11143.2583,120,19,0.549381,7,3,7,6,certificate
3660,16,16,0,3344.3688,13276.8439,102,25,0.417639,7,2,6,5,certificate
3661,16,16,0,3012.2360,12211.1800,82,18,0.266289,7,2,3,2,certificate
3662,12,12,0,3518.0962,13670.4811,121,22,0.646114,7,2,7,6,certificate
3663,14,14,0,2894.7799,10898.8993,108,23,2.504981,7,2,7,6,certificate
3664,15,15,0,3822.7252,15413.6260,111,23,0.388818,7,2,7,6,certificate
3665,10,10,0,2738.7931,9853.9653,120,18,0.371293,7,2,7,6,certificate
3666,12,12,0,3037.6899,11538.4494,112,20,0.409176,7,2,7,6,certificate
3667,10,10,0,2989.6027,11013.0135,123,17,0.464579,7,2,7,6,certificate
3668,14,14,0,3262.0873,12320.4366,122,25,0.718102,7,2,7,6,certificate
3669,12,12,0,3413.9293,13004.6464,126,18,0.469330,7,2,7,6,certificate
3670,14,14,0,2835.7133,10453.5665,113,23,0.554969,7,3,7,6,certificate
3671,10,10,0,3214.6480,12103.2400,125,23,0.588876,7,2,7,6,certificate
3672,11,11,0,3241.1139,12150.5697,126,19,0.441890,7,2,7,6,certificate
3673,13,13,0,3213.5427,12427.7137,111,22,0.456377,7,3,7,6,certificate
3674,16,16,0,3847.6474,15478.2368,112,25,0.600147,7,2,6,5,certificate
3675,11,11,0,3435.5631,12732.8156,140,20,0.475193,7,3,7,6,certificate
3676,14,14,0,4075.8560,16354.2799,123,26,0.594805,7,2,7,6,certificate
3677,13,13,0,3514.1006,13540.5028,124,23,0.495653,7,2,7,6,certificate
3678,15,15,0,3128.5086,12092.5432,106,23,0.483403,7,2,7,6,certificate
3679,13,13,0,3607.3732,13516.8658,140,25,0.662625,7,2,7,6,certificate
3680,11,11,0,3940.0103,15690.0516,125,24,0.658441,7,2,7,6,certificate
3681,12,12,0,3467.1227,13500.6135,118,21,0.532592,7,2,7,6,certificate
3682,13,13,0,3727.5783,14507.8916,128,24,0.838017,7,2,7,6,certificate
3683,10,10,0,2966.1772,11210.8858,113,18,0.439275,7,2,7,6,certificate
3684,11,11,0,3134.9044,11989.5222,114,19,0.685280,7,2,7,6,certificate
3685,12,12,0,3928.0568,15455.2839,130,21,0.429033,7,2,7,6,certificate
3686,10,10,0,2860.5662,10477.8308,120,18,0.383457,7,2,7,6,certificate
3687,12,12,0,3150.8415,11964.2074,117,20,0.405530,7,2,7,6,certificate
3688,11,11,0,3541.6698,13678.3489,126,18,0.446244,7,2,7,6,certificate
3689,13,13,0,3737.5060,14472.5302,130,20,0.467090,7,2,7,6,certificate
3690,11,11,0,4136.2417,16181.2087,142,20,0.469605,7,2,7,6,certificate
3691,15,15,0,3310.8474,12419.2371,126,26,0.715161,7,2,7,6,certificate
3692,16,16,0,3924.7704,16298.8519,98,27,0.356192,7,2,5,4,certificate
3693,13,13,0,3505.5778,13482.8890,127,37,0.806791,7,2,7,6,certificate
3694,14,14,0,3719.5567,14782.7837,116,24,0.540217,7,2,7,6,certificate
3695,14,14,0,3191.0044,12080.0221,118,23,0.573268,7,2,7,6,certificate
3696,15,15,0,3129.5261,11452.6306,128,24,0.465976,7,2,7,6,certificate
3697,11,11,0,2860.3907,10676.9533,112,20,0.463721,7,2,7,6,certificate
3698,11,11,0,3537.8589,13784.2944,121,19,0.456801,7,2,7,6,certificate
3699,16,16,0,3472.9121,13689.5603,110,22,0.438653,7,2,5,4,certificate
3700,12,12,0,3141.6736,11668.3682,125,22,0.552144,7,2,7,6,certificate
3701,13,13,0,3455.0974,13180.4868,126,20,0.461812,7,2,7,6,certificate
3702,13,13,0,3380.4486,13207.2428,113,26,0.620752,7,2,7,6,certificate
3703,14,14,0,3165.8458,11959.2289,117,20,0.444177,7,2,7,6,certificate
3704,13,13,0,3565.7173,13653.5863,129,24,0.539281,7,2,7,6,certificate
3705,10,10,0,2748.2620,10016.3101,116,17,0.426640,7,2,7,6,certificate
3706,16,16,0,2796.3851,10686.9253,97,23,0.558013,7,2,7,6,certificate
3707,10,10,0,3226.1094,12315.5472,119,17,0.399425,7,2,7,6,certificate
3708,11,11,0,3672.7526,14538.7631,119,20,0.497847,7,2,7,6,certificate
3709,16,16,0,3667.1017,14440.5087,117,22,0.509999,7,2,6,5,certificate
3710,16,16,0,3876.7100,15093.5499,130,25,0.517992,7,2,6,5,certificate
3711,14,14,0,3881.8361,15459.1806,120,24,0.510340,7,2,7,6,certificate
3712,11,11,0,3603.5825,13877.9124,129,18,0.531698,7,2,7,6,certificate
3713,14,14,0,3755.4154,14617.0770,126,23,0.878380,7,2,7,6,certificate
3714,16,16,0,4642.7754,19433.8771,113,29,0.656566,7,2,6,5,certificate
3715,14,14,0,3754.4554,15072.2771,112,23,0.426379,7,2,7,6,certificate
3716,14,14,0,3422.9861,13209.9304,119,23,0.458810,7,2,7,6,certificate
3717,16,16,0,3801.1623,15290.8114,111,24,0.416218,7,2,7,6,certificate
3718,15,15,0,3841.9398,15674.6988,106,26,0.509993,7,2,7,6,certificate
3719,12,12,0,3433.1862,13070.9312,127,21,0.498919,7,3,7,6,certificate
3720,10,10,0,2819.9789,10059.8944,127,18,0.461849,7,2,7,6,certificate
3721,15,15,0,4018.7197,16348.5984,113,27,0.484646,7,2,7,6,certificate
3722,13,13,0,3046.9550,11169.7748,125,20,0.567835,7,2,7,6,certificate
3723,14,14,0,3389.2317,13116.1586,117,21,0.468424,7,3,7,6,certificate
3724,16,16,0,3179.9818,12484.9091,101,24,0.764424,7,2,6,5,certificate
3725,11,11,0,2905.9756,10729.8781,118,20,0.456424,7,2,7,6,certificate
3726,16,16,0,3435.1273,13525.6363,109,27,0.631717,7,2,6,5,certificate
3727,14,14,0,3422.4924,13227.4620,118,27,0.507854,7,2,7,6,certificate
3728,14,14,0,3707.9721,14689.8607,117,27,0.644969,7,2,7,6,certificate
3729,14,14,0,3495.0270,13745.1351,113,21,0.476030,7,2,7,6,certificate
3730,13,13,0,3246.3540,12196.7700,124,22,0.629603,7,2,7,6,certificate
3731,11,11,0,3533.8490,13739.2450,122,23,0.522745,7,3,7,6,certificate
3732,10,10,0,4032.6321,16143.1604,126,18,0.547436,7,2,7,6,certificate
3733,12,12,0,2793.7800,10383.9000,110,23,0.495560,7,2,7,6,certificate
3734,16,16,0,3593.1377,14400.6884,106,24,0.758167,7,2,7,6,certificate
3735,13,13,0,3383.2547,13001.2733,120,22,0.437360,7,2,7,6,certificate
3736,16,16,0,3822.3468,15051.7341,123,26,0.467806,7,2,6,5,certificate
3737,15,15,0,3651.4814,14172.4072,125,27,0.522801,7,2,7,6,certificate
3738,13,13,0,3302.8892,12669.4458,118,20,0.475828,7,2,7,6,certificate
3739,11,11,0,3085.1348,11410.6742,125,21,0.511750,7,2,7,6,certificate
3740,14,14,0,3621.4642,14187.3209,119,22,0.456532,7,2,7,6,certificate
3741,15,15,0,3098.8601,11529.3003,120,25,0.463012,7,2,7,6,certificate
3742,16,16,0,3325.6800,12713.4001,118,27,0.468274,7,2,7,6,certificate
3743,14,14,0,3984.9843,15899.9215,123,25,0.431836,7,2,7,6,certificate
3744,14,14,0,3584.9491,13864.7457,124,22,0.454788,7,2,7,6,certificate
3745,16,16,0,3583.9928,14029.9640,117,22,0.476360,7,2,6,5,certificate
3746,11,11,0,2704.4226,9712.1128,118,21,0.575803,7,2,7,6,certificate
3747,10,10,0,3375.3970,12816.9850,127,19,0.762632,7,2,7,6,certificate
3748,13,13,0,3460.1488,13205.7438,125,22,0.520855,7,2,7,6,certificate
3749,13,13,0,3880.6843,15468.4214,121,22,0.641923,7,2,7,6,certificate
3750,16,16,0,3800.6054,14973.0271,121,25,0.483675,7,2,7,6,certificate
3751,15,15,0,3742.2523,14931.2615,114,26,0.466749,7,2,7,6,certificate
3752,11,11,0,3325.0097,12755.0486,120,20,0.441763,7,2,7,6,certificate
3753,12,12,0,3048.4136,11592.0682,112,19,0.646865,7,2,7,6,certificate
3754,11,11,0,2810.0724,10295.3619,116,18,0.430926,7,2,7,6,certificate
3755,14,14,0,3863.5212,15462.6058,117,24,0.566767,7,2,7,6,certificate
3756,13,13,0,3474.5428,13577.7139,116,19,0.516523,7,2,7,6,certificate
3757,12,12,0,3467.5479,13367.7394,123,22,0.532885,7,3,7,6,certificate
3758,16,16,0,3853.8048,15649.0241,108,26,0.617938,7,2,6,5,certificate
3759,16,16,0,3374.8654,13634.3268,95,24,0.646433,7,2,5,4,certificate
3760,13,13,0,3370.1965,13115.9824,114,23,0.482096,7,2,7,6,certificate
3761,11,11,0,3595.9305,14264.6524,115,19,0.397169,7,2,7,6,certificate
3762,16,16,0,3685.0369,14455.1843,119,27,0.754445,7,2,7,6,certificate
3763,10,10,0,2836.9249,10319.6244,121,18,0.471029,7,2,7,6,certificate
3764,12,12,0,3938.0294,15635.1470,126,20,0.461303,7,2,7,6,certificate
3765,11,11,0,3642.1985,14055.9924,130,22,0.493756,7,4,7,6,certificate
3766,15,15,0,3805.7910,15308.9548,112,24,0.482980,7,2,7,6,certificate
3767,15,15,0,3755.5077,14832.5386,119,24,1.371662,7,2,7,6,certificate
3768,15,15,0,3174.5729,12117.8643,113,22,0.582624,7,2,7,6,certificate
3769,12,12,0,3148.5386,11647.6928,127,26,0.541471,7,2,7,6,certificate
3770,13,13,0,3905.7662,15493.8308,124,25,0.510170,7,2,7,6,certificate
3771,13,13,0,3289.6748,12548.3739,119,20,0.376708,7,2,7,6,certificate
3772,10,10,0,3320.6431,12788.2155,119,18,0.391669,7,2,7,6,certificate
3773,16,16,0,3933.5423,15682.7114,120,25,0.492801,7,2,7,6,certificate
3774,13,13,0,3564.2717,13766.3587,125,22,0.452031,7,2,7,6,certificate
3775,12,12,0,3743.6969,14738.4846,123,21,0.422752,7,2,7,6,certificate
3776,10,10,0,3543.2015,13341.0077,138,19,0.429787,7,2,7,6,certificate
3777,11,11,0,3248.4667,11902.3336,136,21,0.439223,7,2,7,6,certificate
3778,15,15,0,3906.8257,14974.1286,141,24,0.411897,7,2,7,6,certificate
3779,15,15,0,3482.8082,13569.0412,116,24,0.456216,7,2,7,6,certificate
3780,15,15,0,3643.7683,14453.8417,115,30,0.553735,7,2,7,6,certificate
3781,16,16,0,3690.6639,14563.3194,117,24,0.384273,7,2,6,5,certificate
3782,15,15,0,3058.7187,11733.5933,107,24,0.474891,7,2,7,6,certificate
3783,11,11,0,3424.3800,13146.9000,124,18,0.554016,7,2,7,6,certificate
3784,16,16,0,3503.5480,13937.7401,106,23,0.512579,7,2,5,4,certificate
3785,11,11,0,3039.4758,11532.3788,114,18,0.457192,7,2,7,6,certificate
3786,16,16,0,3370.8685,12684.3424,126,26,0.488805,7,2,6,5,certificate
3787,15,15,0,3530.1682,13330.8412,131,26,0.577577,7,2,7,6,certificate
3788,13,13,0,3202.0843,12065.4217,121,21,0.473768,7,2,7,6,certificate
3789,11,11,0,3536.2471,13446.2355,132,21,0.484015,7,2,7,6,certificate
3790,12,12,0,3089.4099,11427.0495,124,19,0.383855,7,2,7,6,certificate
3791,14,14,0,2797.1176,10225.5880,114,24,0.494543,7,2,7,6,certificate
3792,15,15,0,3302.7043,12793.5214,112,23,0.447643,7,2,7,6,certificate
3793,14,14,0,4038.7924,16013.9621,128,23,0.455208,7,2,7,6,certificate
3794,13,13,0,3412.2392,13321.1960,114,22,0.512208,7,2,7,6,certificate
3795,11,11,0,3261.8011,12564.0054,116,17,0.466841,7,2,7,6,certificate
3796,11,11,0,3059.1321,11335.6607,123,19,0.511878,7,2,7,6,certificate
3797,15,15,0,3801.3305,15276.6526,112,24,0.442814,7,2,7,6,certificate
3798,11,11,0,2928.3557,10961.7787,114,20,0.456291,7,2,7,6,certificate
3799,12,12,0,3218.3137,12496.5687,110,20,0.453660,7,2,7,6,certificate
3800,15,15,0,3510.2471,13891.2356,110,26,0.509223,7,2,7,6,certificate
3801,16,16,0,3718.4587,15057.2935,105,26,0.470273,7,2,6,5,certificate
3802,15,15,0,2799.5839,10352.9197,110,23,1.244232,7,2,7,6,certificate
3803,15,15,0,2990.3082,10841.5408,125,24,1.054481,7,2,7,6,certificate
3804,15,15,0,3731.0068,14870.0342,114,23,0.418801,7,2,7,6,certificate
3805,15,15,0,3615.4863,13602.4314,137,24,0.446212,7,2,7,6,certificate
3806,15,15,0,3375.1688,13170.8440,111,23,1.046028,7,2,7,6,certificate
3807,10,10,0,3347.6748,12553.3738,131,19,0.446421,7,2,7,6,certificate
3808,12,12,0,3338.2243,12751.1214,122,22,0.506569,7,2,7,6,certificate
3809,11,11,0,3740.9475,14994.7373,115,19,0.508679,7,2,7,6,certificate
3810,13,13,0,3344.3322,13296.6608,104,19,0.569754,7,2,7,6,certificate
3811,15,15,0,3290.4305,12572.1523,118,26,1.128482,7,2,7,6,certificate
3812,11,11,0,3343.7567,12523.7837,131,21,0.425377,7,3,7,6,certificate
3813,15,15,0,3688.1884,14310.9418,126,25,0.432921,7,2,7,6,certificate
3814,14,14,0,3394.5274,12627.6370,134,23,0.580361,7,2,7,6,certificate
3815,13,13,0,3247.9791,12444.8955,116,22,0.421667,7,3,7,6,certificate
3816,12,12,0,2931.7947,11008.9737,112,19,0.542678,7,2,7,6,certificate
3817,10,10,0,3112.7528,11783.7640,118,19,0.476074,7,2,7,6,certificate
3818,12,12,0,3023.6232,11293.1161,118,20,0.493452,7,2,7,6,certificate
3819,16,16,0,3933.9131,15784.5656,116,30,0.529876,7,2,6,5,certificate
3820,14,14,0,3601.1655,13690.8273,134,23,0.456407,7,3,7,6,certificate
3821,11,11,0,3453.4861,13137.4305,130,21,0.484183,7,2,7,6,certificate
3822,16,16,0,4259.3032,17671.5162,108,23,0.363158,7,2,6,5,certificate
3823,16,16,0,2880.4898,10617.4491,113,24,0.658394,7,2,6,5,certificate
3824,12,12,0,3045.1636,11510.8178,114,19,0.443395,7,2,7,6,certificate
3825,15,15,0,3182.1130,12025.5651,117,22,0.462047,7,3,7,6,certificate
3826,16,16,0,3341.4285,13262.1425,102,23,0.382789,7,2,6,5,certificate
3827,16,16,0,3509.7889,13628.9447,118,24,0.420408,7,2,6,5,certificate
3828,11,11,0,3106.7238,11403.6191,129,18,0.465722,7,3,7,6,certificate
3829,14,14,0,3158.8297,11974.1483,116,23,0.496740,7,2,7,6,certificate
3830,13,13,0,3206.1542,11430.7711,143,24,0.495223,7,2,7,6,certificate
3831,16,16,0,3295.9537,12214.7687,130,26,0.606360,7,2,5,4,certificate
3832,10,10,0,3079.8666,11419.3330,125,17,0.425540,7,2,7,6,certificate
3833,15,15,0,3625.1357,14625.6784,105,25,0.614245,7,2,7,6,certificate
3834,14,14,0,3756.0120,15005.0600,115,23,0.514612,7,2,7,6,certificate
3835,12,12,0,2725.4249,9957.1244,113,21,0.638025,7,2,7,6,certificate
3836,15,15,0,3569.9260,13849.6299,121,29,0.497269,7,3,7,6,certificate
3837,15,15,0,3820.4139,15132.0697,120,25,0.459416,7,2,7,6,certificate
3838,12,12,0,3085.4663,11682.3315,115,21,0.416446,7,2,7,6,certificate
3839,10,10,0,2906.6686,10678.3432,121,21,0.435755,7,2,7,6,certificate
3840,14,14,0,3163.8524,11739.2619,125,24,0.464138,7,2,7,6,certificate
3841,13,13,0,3421.0140,12980.0702,127,21,0.469143,7,2,7,5,certificate
3842,14,14,0,3660.1111,14140.5555,127,25,0.545134,7,2,7,6,certificate
3843,10,10,0,3703.2830,14486.4151,126,18,0.368911,7,2,7,6,certificate
3844,13,13,0,3883.0867,15445.4334,122,23,0.448334,7,2,7,6,certificate
3845,15,15,0,3389.1655,13345.8275,108,26,0.556789,7,2,7,6,certificate
3846,11,11,0,3359.9917,12764.9583,126,23,0.507404,7,2,7,6,certificate
3847,15,15,0,4058.6509,16423.2544,117,22,0.450964,7,2,7,6,certificate
3848,12,12,0,3788.9151,14629.5756,135,20,0.467601,7,2,7,6,certificate
3849,15,15,0,3770.8251,15059.1257,114,21,0.357520,7,2,7,6,certificate
3850,15,15,0,3900.9748,15569.8742,119,27,1.120947,7,2,7,6,certificate
3851,13,13,0,3044.5685,11452.8424,115,21,0.506159,7,3,7,6,certificate
3852,12,12,0,3551.2533,14121.2667,112,21,0.519187,7,2,7,6,certificate
3853,16,16,0,3482.7336,13703.6679,111,25,0.555501,7,2,5,4,certificate
3854,14,14,0,4001.5580,16072.7899,120,22,0.518631,7,2,7,6,certificate
3855,11,11,0,3303.1687,12600.8436,122,22,0.569231,7,2,7,6,certificate
3856,13,13,0,3677.4133,14292.0665,126,24,0.635201,7,2,7,6,certificate
3857,11,11,0,2863.8570,10574.2848,116,20,0.479105,7,2,7,6,certificate
3858,16,16,0,3738.5387,14607.6937,123,25,0.557179,7,2,7,6,certificate
3859,12,12,0,3823.4157,15132.0785,123,21,0.476916,7,2,7,6,certificate
3860,10,10,0,3019.3251,11286.6255,119,17,0.464484,7,2,7,6,certificate
3861,13,13,0,3342.9336,12844.6679,119,22,0.535214,7,2,7,6,certificate
3862,15,15,0,3779.0782,15360.3908,106,25,0.574794,7,2,7,6,certificate
3863,13,13,0,3935.6607,15563.3034,127,25,0.484288,7,3,7,6,certificate
3864,16,16,0,3867.8354,15179.1769,126,28,0.487018,7,2,7,6,certificate
3865,16,16,0,3291.9106,13429.5528,88,23,0.443656,7,2,5,4,certificate
3866,12,12,0,3279.3628,12571.8141,118,22,0.506093,7,2,7,6,certificate
3867,11,11,0,3350.3094,12721.5470,126,21,0.462137,7,3,7,6,certificate
3868,14,14,0,3724.1400,14705.6998,119,22,0.413028,7,2,7,6,certificate
3869,14,14,0,3481.1922,13375.9611,123,23,0.413286,7,2,7,6,certificate
3870,12,12,0,2807.1876,10215.9382,118,22,0.407318,7,3,7,6,certificate
3871,13,13,0,3079.4681,11602.3404,116,22,0.399504,7,2,7,6,certificate
3872,14,14,0,3269.0915,12590.4575,114,22,0.403939,7,2,7,6,certificate
3873,10,10,0,3287.9178,12249.5892,133,21,0.486847,7,2,7,6,certificate
3874,10,10,0,3730.4531,14572.2654,128,18,0.412313,7,2,7,6,certificate
3875,14,14,0,3109.6369,11758.1843,115,22,0.687061,7,2,7,5,certificate
3876,15,15,0,4014.9433,16384.7164,111,25,0.659450,7,2,7,6,certificate
3877,14,14,0,3748.2835,14951.4176,115,22,0.456565,7,2,7,6,certificate
3878,15,15,0,3925.5385,15782.6926,116,24,0.643679,7,2,7,6,certificate
3879,10,10,0,3254.0166,12385.0831,122,18,0.489240,7,2,7,6,certificate
3880,15,15,0,3762.4415,14872.2075,119,23,0.461541,7,3,7,6,certificate
3881,14,14,0,3511.9115,13564.5577,122,23,0.583707,7,3,7,6,certificate
3882,11,11,0,3534.4506,13782.2531,121,20,0.427212,7,2,7,6,certificate
3883,14,14,0,3070.1353,11695.6766,111,23,0.485628,7,2,7,6,certificate
3884,15,15,0,4148.4702,16417.3511,133,24,0.435343,7,2,7,6,certificate
3885,14,14,0,2948.9216,11049.6079,112,22,0.429485,7,2,7,6,certificate
3886,14,14,0,4021.0889,15960.4444,127,24,0.475523,7,3,7,6,certificate
3887,11,11,0,3864.5937,15192.9686,129,19,0.489236,7,2,7,6,certificate
3888,14,14,0,4043.9931,15874.9655,134,25,0.558164,7,2,7,6,certificate
3889,16,16,0,3455.2639,13626.3195,109,23,0.464814,7,2,6,5,certificate
3890,12,12,0,3699.6342,14293.1708,131,22,0.535665,7,2,7,6,certificate
3891,11,11,0,3526.4733,13432.3666,131,19,0.468494,7,2,7,6,certificate
3892,13,13,0,2968.0439,10900.2194,121,21,0.462305,7,2,7,6,certificate
3893,12,12,0,3586.8277,13689.1384,132,20,0.511263,7,2,7,6,certificate
3894,12,12,0,3604.1827,14195.9135,118,20,0.484873,7,2,7,6,certificate
3895,14,14,0,3943.0031,15810.0157,119,22,0.475563,7,2,7,6,certificate
3896,13,13,0,2939.4149,10982.0744,114,26,0.540490,7,2,7,6,certificate
3897,15,15,0,3480.8994,13649.4972,113,25,0.496728,7,2,7,6,certificate
3898,16,16,0,3799.5185,15342.5927,109,25,0.503564,7,2,6,5,certificate
3899,16,16,0,3235.7151,13003.5755,93,23,0.431286,7,2,5,4,certificate
3900,14,14,0,2953.5790,11037.8951,113,21,0.363613,7,2,7,6,certificate
3901,12,12,0,3137.5847,11547.9235,128,21,0.454362,7,2,7,6,certificate
3902,11,11,0,2823.2758,10301.3789,118,19,0.369419,7,2,7,6,certificate
3903,11,11,0,3086.3209,11586.6045,120,20,0.472762,7,2,7,6,certificate
3904,16,16,0,3305.1276,13055.6380,103,25,0.370531,7,2,5,4,certificate
3905,14,14,0,3206.9805,12219.9025,116,21,0.387593,7,3,7,6,certificate
3906,11,11,0,3099.6934,11543.4668,123,18,0.408691,7,2,7,6,certificate
3907,16,16,0,3497.1138,13700.5688,114,30,0.479150,7,2,6,5,certificate
3908,11,11,0,3624.0339,14290.1696,119,20,0.442182,7,2,7,6,certificate
3909,15,15,0,3405.1864,13420.9322,108,24,0.507595,7,2,7,6,certificate
3910,16,16,0,3378.9441,13519.7203,100,23,0.768249,7,2,5,4,certificate
3911,16,16,0,3704.4160,14952.0800,106,24,0.352160,7,2,6,5,certificate
3912,13,13,0,3117.3818,11891.9090,113,21,0.479388,7,2,7,6,certificate
3913,11,11,0,3513.8139,13409.0695,130,21,0.516189,7,2,7,6,certificate
3914,10,10,0,3487.3068,13491.5341,124,20,0.451735,7,3,7,6,certificate
3915,15,15,0,3956.1834,15430.9171,134,28,0.573163,7,2,7,6,certificate
3916,14,14,0,3317.9280,12789.6398,116,20,0.415441,7,3,7,6,certificate
3917,15,15,0,3659.0852,14155.4262,125,25,0.717650,7,2,7,5,certificate
3918,13,13,0,3198.8042,12019.0208,122,21,0.425208,7,2,7,6,certificate
3919,12,12,0,3668.1455,13935.7274,137,22,0.438910,7,2,7,6,certificate
3920,16,16,0,3678.4605,14807.3027,108,26,0.637060,7,2,5,4,certificate
3921,14,14,0,3530.6675,13848.3374,116,25,1.084461,7,2,7,6,certificate
3922,14,14,0,3556.8213,13734.1066,123,21,0.393341,7,2,7,6,certificate
3923,11,11,0,3313.9150,12704.5750,120,20,0.416951,7,2,7,6,certificate
3924,15,15,0,3838.2773,15211.3863,121,27,0.459153,7,2,7,6,certificate
3925,16,16,0,3529.6324,14478.1620,93,25,0.306230,7,2,4,3,certificate
3926,10,10,0,2939.7782,10733.8912,124,18,0.458498,7,2,7,6,certificate
3927,15,15,0,3673.6535,14133.2673,129,23,0.492555,7,2,7,6,certificate
3928,16,16,0,3542.8329,13574.1646,125,28,0.456678,7,2,7,6,certificate
3929,11,11,0,2856.8917,10564.4585,115,19,0.401175,7,2,7,6,certificate
3930,15,15,0,4023.6323,15988.1614,126,24,0.534649,7,2,7,6,certificate
3931,13,13,0,4037.8449,16319.2243,118,22,0.443711,7,2,7,6,certificate
3932,15,15,0,3865.9730,15384.8651,120,25,0.458037,7,2,7,6,certificate
3933,12,12,0,3549.0346,13695.1731,126,24,0.551832,7,2,7,6,certificate
3934,10,10,0,3746.9579,14834.7896,122,18,0.427912,7,2,7,6,certificate
3935,15,15,0,3924.9213,15959.6065,110,22,0.510424,7,2,7,6,certificate
3936,11,11,0,3779.0290,14340.1452,143,22,0.495612,7,2,7,6,certificate
3937,15,15,0,3793.4566,14902.2828,124,25,0.503261,7,2,7,6,certificate
3938,16,16,0,4141.3731,17171.8657,105,24,0.335713,7,3,7,5,certificate
3939,13,13,0,3349.3329,12871.6645,119,22,0.449882,7,2,7,6,certificate
3940,13,13,0,3635.6421,14503.2104,112,24,0.487198,7,2,7,6,certificate
3941,12,12,0,2955.8088,10884.0439,120,20,0.460174,7,2,7,6,certificate
3942,10,10,0,3309.9016,12684.5080,121,18,0.414515,7,3,7,6,certificate
3943,11,11,0,3300.3758,12566.8791,122,19,0.472081,7,2,7,6,certificate
3944,14,14,0,3476.7770,13623.8850,114,22,0.399436,7,2,7,6,certificate
3945,13,13,0,3893.7205,15258.6025,132,32,0.650474,7,3,7,6,certificate
3946,10,10,0,2957.6475,11183.2373,112,17,0.381076,7,4,7,6,certificate
3947,15,15,0,3684.5144,14887.5722,106,26,0.527610,7,2,7,6,certificate
3948,10,10,0,2808.3443,10331.7214,116,17,0.413265,7,2,7,6,certificate
3949,16,16,0,3935.3137,15961.5683,111,29,0.471659,7,2,7,6,certificate
3950,10,10,0,3395.5585,12932.7924,126,19,0.426011,7,2,7,6,certificate
3951,14,14,0,3703.3571,14306.7855,129,24,0.394488,7,2,7,6,certificate
3952,13,13,0,3011.6705,11113.3526,121,21,0.432047,7,2,7,6,certificate
3953,16,16,0,3983.4194,15972.0969,119,25,0.467581,7,2,6,5,certificate
3954,13,13,0,2869.5809,10702.9043,111,23,0.467750,7,2,7,6,certificate
3955,16,16,0,3936.0871,15855.4354,115,26,0.421998,7,2,6,5,certificate
3956,16,16,0,3421.4407,13382.2033,111,25,0.499179,7,2,7,6,certificate
3957,11,11,0,3526.2420,13826.2098,118,19,0.430412,7,2,7,6,certificate
3958,13,13,0,3675.2466,14361.2329,123,20,0.386089,7,2,7,6,certificate
3959,11,11,0,3369.2532,12996.2660,119,19,0.477972,7,2,7,6,certificate
3960,16,16,0,3680.6493,14378.2466,122,29,0.729843,7,2,7,6,certificate
3961,15,15,0,3712.2449,14481.2244,124,26,0.529476,7,2,7,6,certificate
3962,14,14,0,3446.0953,13115.4763,127,26,0.590218,7,2,7,6,certificate
3963,12,12,0,3225.1020,12075.5098,126,22,0.472254,7,2,7,6,certificate
3964,10,10,0,3038.8460,11214.2301,125,17,0.387677,7,2,7,6,certificate
3965,11,11,0,3297.1463,12000.7316,141,20,0.446671,7,2,7,6,certificate
3966,13,13,0,3742.6010,14768.0051,121,22,0.471487,7,2,7,6,certificate
3967,12,12,0,2982.0231,11095.1155,117,19,0.397035,7,2,7,6,certificate
3968,11,11,0,3121.4063,12037.0317,110,17,0.382461,7,2,7,6,certificate
3969,15,15,0,3778.5356,14647.6780,130,26,0.506424,7,2,7,6,certificate
3970,16,16,0,3103.6065,12133.0324,100,23,0.365841,7,2,6,5,certificate
3971,16,16,0,3777.5238,15547.6189,98,25,0.383686,7,2,5,4,certificate
3972,13,13,0,3444.7400,13343.6998,119,22,0.405156,7,2,7,6,certificate
3973,13,13,0,3607.5903,14152.9513,119,20,0.443465,7,2,7,6,certificate
3974,13,13,0,3394.7758,12998.8790,123,23,0.532551,7,2,7,6,certificate
3975,14,14,0,3518.3416,13596.7079,122,24,0.453227,7,2,7,6,certificate
3976,14,14,0,3363.4389,13122.1947,112,24,0.435743,7,2,7,6,certificate
3977,12,12,0,3863.6676,15398.3380,121,22,0.521974,7,4,7,6,certificate
3978,10,10,0,2988.7615,11168.8074,118,19,0.426412,7,2,7,6,certificate
3979,11,11,0,2965.1803,10985.9014,119,19,0.448237,7,2,7,6,certificate
3980,13,13,0,3542.8651,13754.3256,122,26,0.504210,7,2,7,6,certificate
3981,10,10,0,3326.7382,12643.6911,125,20,0.463591,7,2,7,6,certificate
3982,14,14,0,3931.9492,15574.7462,125,23,0.439324,7,2,7,6,certificate
3983,16,16,0,3703.6755,14893.3773,108,25,0.735770,7,2,7,6,certificate
3984,16,16,0,3652.3381,14151.6906,124,29,0.550586,7,2,7,6,certificate
3985,12,12,0,3790.6951,15103.4753,119,22,0.538597,7,2,7,6,certificate
3986,15,15,0,3533.9424,13509.7120,126,24,0.423477,7,2,7,6,certificate
3987,11,11,0,2845.6494,10243.2470,124,20,0.552629,7,2,7,6,certificate
3988,11,11,0,3559.1196,13895.5982,121,20,0.438176,7,2,7,6,certificate
3989,11,11,0,3281.6633,12403.3165,125,21,0.449928,7,2,7,6,certificate
3990,12,12,0,2790.9475,9829.7375,128,19,0.437736,7,2,7,6,certificate
3991,13,13,0,3550.3797,13716.8986,124,20,0.366759,7,2,7,6,certificate
3992,14,14,0,3140.0921,11485.4605,129,22,0.425075,7,2,7,6,certificate
3993,14,14,0,4567.8079,18894.0393,120,27,0.555596,7,2,7,6,certificate
3994,12,12,0,3772.4238,14912.1191,122,20,0.458358,7,3,7,6,certificate
3995,16,16,0,3665.9178,14734.5890,107,25,0.620144,7,2,6,5,certificate
3996,15,15,0,3313.6146,12848.0731,111,22,0.455467,7,2,7,6,certificate
3997,13,13,0,3620.7916,14208.9578,119,22,0.474763,7,2,7,6,certificate
3998,10,10,0,3067.6166,11498.0831,120,19,0.479595,7,2,7,6,certificate
3999,13,13,0,3447.3723,13226.8613,123,22,0.419229,7,2,7,6,certificate
4000,11,11,0,3316.1251,12595.6253,124,21,0.478766,7,3,7,6,certificate
4001,11,11,0,3534.4486,13682.2431,124,17,0.431158,7,2,7,6,certificate
4002,12,12,0,3301.1573,12230.7864,133,25,0.521208,7,2,7,6,certificate
4003,10,10,0,3119.8215,11494.1075,129,20,0.437658,7,2,7,6,certificate
4004,14,14,0,3484.8152,13149.0758,131,21,0.560399,7,2,7,6,certificate
4005,12,12,0,3300.1637,12720.8187,117,22,0.435753,7,2,7,6,certificate
4006,13,13,0,3143.0186,11880.0928,118,22,0.447664,7,2,7,6,certificate
4007,15,15,0,3651.7362,14578.6810,111,23,0.415731,7,2,7,6,certificate
4008,12,12,0,2805.1287,10545.6437,107,19,0.435580,7,2,7,6,certificate
4009,15,15,0,3552.7954,13628.9770,126,23,0.407368,7,2,7,6,certificate
4010,13,13,0,3597.0500,14155.2498,117,20,0.413290,7,2,7,6,certificate
4011,13,13,0,2932.4620,10997.3100,112,22,0.795108,7,2,7,6,certificate
4012,14,14,0,4429.3122,18091.5611,124,25,0.519316,7,2,7,6,certificate
4013,16,16,0,3572.0778,14090.3892,113,26,0.465949,7,3,7,6,certificate
4014,11,11,0,3310.2664,12536.3321,125,19,0.401412,7,2,7,6,certificate
4015,11,11,0,3859.0603,15255.3015,126,20,0.469059,7,2,7,6,certificate
4016,12,12,0,3637.0369,14630.1845,109,21,0.532302,7,2,7,6,certificate
4017,12,12,0,3383.2091,12981.0454,122,21,0.410531,7,2,7,6,certificate
4018,15,15,0,3547.1021,13655.5105,124,23,0.408118,7,2,7,6,certificate
4019,14,14,0,3060.2552,11421.2761,118,23,0.376105,7,2,7,6,certificate
4020,14,14,0,3706.0987,14610.4934,120,24,0.540719,7,2,7,6,certificate
4021,15,15,0,3695.9240,14409.6202,124,21,0.458614,7,2,7,6,certificate
4022,12,12,0,3481.5591,13517.7953,120,23,0.497508,7,2,7,6,certificate
4023,12,12,0,3072.8679,11499.3395,119,20,0.441619,7,2,7,6,certificate
4024,15,15,0,3698.2719,14671.3593,115,22,0.375101,7,2,7,6,certificate
4025,13,13,0,3187.3780,11906.8899,124,22,0.441279,7,2,7,6,certificate
4026,16,16,0,3397.2315,13211.1574,114,24,0.369374,7,2,6,5,certificate
4027,13,13,0,3866.5802,15217.9009,128,26,0.670861,7,2,7,6,certificate
4028,11,11,0,3465.0841,13400.4203,122,22,0.525868,7,2,7,6,certificate
4029,16,16,0,3685.3973,14796.9866,108,26,1.687603,7,2,7,6,certificate
4030,16,16,0,3271.0002,12955.0011,101,23,0.361221,7,2,5,4,certificate
4031,10,10,0,3021.3275,11426.6376,114,19,0.424802,7,2,7,6,certificate
4032,16,16,0,3802.2128,15121.0640,117,28,0.397718,7,2,6,5,certificate
4033,14,14,0,3305.4718,12627.3590,119,23,0.477241,7,2,7,6,certificate
4034,16,16,0,3714.4843,14802.4217,113,27,0.480491,7,2,7,6,certificate
4035,14,14,0,2912.5425,10807.7124,114,23,0.457840,7,2,7,6,certificate
4036,10,10,0,3660.4908,14102.4538,132,19,0.451170,7,3,7,6,certificate
4037,10,10,0,3361.1662,12800.8308,126,21,0.457520,7,3,7,6,certificate
4038,11,11,0,3472.2046,13011.0232,136,20,0.469504,7,2,7,6,certificate
4039,10,10,0,3545.2044,13956.0218,118,20,0.454543,7,3,7,6,certificate
4040,11,11,0,4019.0502,15970.2508,129,20,0.450698,7,3,7,6,certificate
4041,13,13,0,3717.8409,14759.2043,118,21,0.465351,7,2,7,6,certificate
4042,14,14,0,3565.8257,14034.1283,116,25,0.535982,7,2,7,6,certificate
4043,10,10,0,3146.7985,11988.9926,117,19,0.386506,7,2,7,6,certificate
4044,16,16,0,3460.8440,13749.2198,106,26,0.525781,7,2,5,4,certificate
4045,13,13,0,3307.8097,12729.0486,117,24,0.402023,7,2,7,6,certificate
4046,10,10,0,2860.0105,10635.0527,114,16,0.356701,7,2,7,6,certificate
4047,16,16,0,3860.9535,15879.7675,101,27,0.426225,7,2,4,3,certificate
4048,15,15,0,4172.9773,16779.8865,124,24,0.414164,7,2,7,6,certificate
4049,13,13,0,4217.5719,17297.8593,116,20,0.392046,7,2,7,6,certificate
4050,13,13,0,3792.9895,15134.9473,117,25,0.442861,7,2,7,6,certificate
4051,15,15,0,3273.4816,12977.4079,101,22,1.102112,7,2,7,6,certificate
4052,14,14,0,3527.1842,13465.9211,128,21,0.383776,7,3,7,6,certificate
4053,12,12,0,3353.8582,12384.2912,136,20,0.447885,7,3,7,6,certificate
4054,15,15,0,3776.2518,14556.2589,132,24,0.544873,7,2,7,6,certificate
4055,14,14,0,3411.0369,13390.1844,110,21,0.571809,7,2,7,6,certificate
4056,15,15,0,3669.4074,14292.0371,123,26,0.528878,7,2,7,6,certificate
4057,14,14,0,3395.4376,12612.1882,134,23,0.464730,7,2,7,6,certificate
4058,15,15,0,3285.0368,12390.1839,123,24,0.421192,7,2,7,6,certificate
4059,12,12,0,3446.1284,13565.6418,113,20,0.383525,7,2,7,6,certificate
4060,14,14,0,3813.9463,14714.7313,134,26,0.639553,7,2,7,6,certificate
4061,15,15,0,4507.6062,18608.0312,119,24,0.448898,7,2,7,6,certificate
4062,15,15,0,3163.8660,12089.3300,112,22,0.470253,7,2,7,6,certificate
4063,14,14,0,3781.4756,14962.3779,120,23,0.506918,7,2,7,6,certificate
4064,12,12,0,3573.7987,14118.9934,115,22,0.457142,7,2,7,6,certificate
4065,16,16,0,3532.4438,14097.2191,106,25,0.401800,7,2,6,5,certificate
4066,15,15,0,3394.4564,13267.2822,111,23,0.455224,7,2,7,6,certificate
4067,11,11,0,3325.7343,12768.6713,120,22,0.468665,7,2,7,6,certificate
4068,14,14,0,4062.4362,15982.1812,133,21,0.411731,7,2,7,6,certificate
4069,10,10,0,2955.4390,11182.1952,112,17,0.436675,7,2,7,6,certificate
4070,16,16,0,4142.0713,16935.3564,113,24,0.483348,7,2,7,6,certificate
4071,11,11,0,3591.9298,13904.6488,126,21,0.404232,7,3,7,6,certificate
4072,15,15,0,3158.0191,11605.0953,127,24,0.609649,7,2,7,6,certificate
4073,12,12,0,3470.5918,13702.9588,112,21,0.451340,7,2,7,6,certificate
4074,12,12,0,3286.4530,12657.2652,116,19,0.390801,7,2,7,6,certificate
4075,14,14,0,2993.1930,11120.9651,117,22,0.738706,7,2,7,6,certificate
4076,12,12,0,3410.6878,13443.4389,111,22,0.401969,7,2,7,6,certificate
4077,13,13,0,3180.1798,12110.8990,116,19,0.395426,7,2,7,6,certificate
4078,14,14,0,3331.2849,12666.4247,122,24,0.359374,7,3,7,6,certificate
4079,15,15,0,3571.6549,13848.2744,122,24,0.368845,7,3,7,6,certificate
4080,15,15,0,3881.0397,15240.1986,127,27,0.510363,7,2,7,6,certificate
4081,12,12,0,2869.7938,10423.9691,121,19,0.343170,7,2,7,6,certificate
4082,11,11,0,2760.1269,10355.6345,106,19,0.405101,7,2,7,6,certificate
4083,15,15,0,3799.1309,15130.6545,117,24,0.395003,7,2,7,6,certificate
4084,10,10,0,2842.6981,10638.4905,111,17,0.376935,7,2,7,6,certificate
4085,13,13,0,3819.1342,15305.6709,116,23,0.525734,7,2,7,6,certificate
4086,14,14,0,2992.2586,11256.2929,112,22,0.380455,7,2,7,6,certificate
4087,16,16,0,3041.8147,11569.0735,108,24,0.393400,7,2,5,4,certificate
4088,15,15,0,3403.7185,13273.5925,113,25,0.478118,7,2,7,6,certificate
4089,10,10,0,3154.1883,11900.9413,121,20,0.448343,7,2,7,6,certificate
4090,13,13,0,3046.5508,11532.7542,113,22,0.580168,7,2,7,6,certificate
4091,14,14,0,3335.8757,12794.3783,118,23,0.455120,7,2,7,6,certificate
4092,15,15,0,3587.4239,14192.1194,113,26,0.512074,7,2,7,6,certificate
4093,16,16,0,3855.2413,15306.2067,119,26,0.640738,7,2,7,6,certificate
4094,11,11,0,3495.1981,13820.9906,113,19,0.378999,7,2,7,6,certificate
4095,15,15,0,3762.1578,14810.7889,122,29,0.506439,7,2,7,6,certificate
4096,16,16,0,3514.2288,14041.1441,105,26,0.477798,7,2,6,4,certificate
4097,10,10,0,2887.2515,10591.2575,120,18,0.472691,7,2,7,6,certificate
4098,14,14,0,3171.8356,12369.1779,105,21,0.385564,7,2,7,6,certificate
4099,16,16,0,3509.5414,13417.7068,125,27,1.179459,7,2,7,6,certificate
4100,11,11,0,3122.1633,12165.8165,106,19,0.392845,7,2,7,6,certificate
4101,16,16,0,3675.1159,14960.5796,101,22,0.412365,7,2,6,5,certificate
4102,15,15,0,3421.3003,13291.5013,115,23,0.612399,7,2,7,6,certificate
4103,11,11,0,3199.6619,12163.3097,119,19,0.435545,7,2,7,6,certificate
4104,14,14,0,2861.8413,10919.2065,102,22,0.398943,7,2,7,6,certificate
4105,11,11,0,3289.3353,12526.6765,122,21,0.442922,7,2,7,6,certificate
4106,14,14,0,3800.7565,15148.7823,117,24,0.516303,7,2,7,6,certificate
4107,14,14,0,3398.4880,13032.4401,122,23,0.626367,7,2,7,6,certificate
4108,14,14,0,3201.5165,12367.5823,110,22,0.777840,7,2,7,6,certificate
4109,14,14,0,3675.0119,14430.0597,120,27,0.515984,7,2,7,6,certificate
4110,10,10,0,2979.3497,10766.7487,130,17,0.349686,7,2,7,6,certificate
4111,14,14,0,3487.5550,13417.7749,123,22,0.431827,7,2,7,6,certificate
4112,16,16,0,3408.6881,13423.4403,108,23,0.552429,7,2,6,5,certificate
4113,11,11,0,3333.1138,12555.5692,128,20,0.373611,7,3,7,6,certificate
4114,13,13,0,3295.4515,12677.2577,116,21,0.427708,7,2,7,6,certificate
4115,15,15,0,3440.7987,13248.9933,120,24,0.402426,7,2,7,6,certificate
4116,13,13,0,3205.9427,11924.7133,125,20,0.395297,7,3,7,6,certificate
4117,12,12,0,3112.8585,11884.2926,113,22,0.411182,7,2,7,6,certificate
4118,10,10,0,3672.8323,14469.1614,122,20,0.494690,7,2,7,6,certificate
4119,12,12,0,3131.4342,11947.1710,114,18,0.317282,7,2,7,6,certificate
4120,15,15,0,3156.4735,11742.3676,123,23,0.407065,7,2,7,6,certificate
4121,14,14,0,3547.8213,13614.1063,126,23,0.510433,7,2,7,6,certificate
4122,11,11,0,3024.1525,11370.7626,116,19,0.483575,7,2,7,6,certificate
4123,11,11,0,3579.9270,14044.6349,120,23,0.470488,7,2,7,6,certificate
4124,12,12,0,3091.8160,11264.0801,130,22,0.506698,7,2,7,6,certificate
4125,15,15,0,3406.9256,13329.6280,112,23,0.459667,7,2,7,6,certificate
4126,16,16,0,3400.5087,13127.5434,116,23,0.585655,7,3,6,5,certificate
4127,13,13,0,3058.7835,11468.9177,117,22,0.538772,7,2,7,6,certificate
4128,11,11,0,3130.3363,11756.6815,121,19,0.426827,7,2,7,6,certificate
4129,16,16,0,3598.6731,14448.3655,105,23,0.505774,7,2,6,5,certificate
4130,11,11,0,3535.3137,13691.5686,124,20,0.397711,7,2,7,6,certificate
4131,14,14,0,3797.0592,14890.2959,125,23,0.426513,7,2,7,6,certificate
4132,12,12,0,3165.9446,11714.7230,127,19,0.414439,7,2,7,6,certificate
4133,14,14,0,3389.8785,12989.3927,121,23,0.415005,7,2,7,6,certificate
4134,11,11,0,3732.1815,14690.9075,124,23,0.567174,7,2,7,6,certificate
4135,11,11,0,2634.7991,9433.9953,116,21,0.771424,7,2,7,6,certificate
4136,10,10,0,3304.5558,12632.7789,122,18,0.401094,7,2,7,6,certificate
4137,15,15,0,3613.3620,14591.8101,104,26,0.516559,7,2,7,6,certificate
4138,11,11,0,3608.7302,14053.6510,125,19,0.455730,7,2,7,6,certificate
4139,11,11,0,3498.5174,13412.5870,128,22,0.504222,7,2,7,6,certificate
4140,12,12,0,3085.9844,11839.9221,110,21,0.485072,7,2,7,6,certificate
4141,12,12,0,3202.8397,12484.1985,108,18,0.556297,7,2,7,6,certificate
4142,16,16,0,3355.0735,13450.3673,99,22,1.470739,7,2,5,4,certificate
4143,10,10,0,2697.7987,9763.9933,116,16,0.360987,7,3,7,6,certificate
4144,10,10,0,3043.4002,11472.0011,117,18,0.378269,7,2,7,6,certificate
4145,16,16,0,2955.9937,11069.9683,110,24,0.470518,7,2,6,5,certificate
4146,11,11,0,3447.5415,13312.7077,122,21,0.465428,7,2,7,6,certificate
4147,10,10,0,3203.6904,12448.4520,111,19,0.450747,7,2,7,6,certificate
4148,13,13,0,3733.3560,14791.7798,119,24,0.434289,7,2,7,6,certificate
4149,13,13,0,3423.4581,13057.2905,125,22,0.481609,7,2,7,6,certificate
4150,16,16,0,3287.3848,12121.9242,131,25,0.507681,7,2,6,5,certificate
4151,14,14,0,3398.6296,13058.1479,120,24,0.552657,7,2,7,6,certificate
4152,13,13,0,3739.8970,14724.4852,122,24,0.491170,7,2,7,6,certificate
4153,14,14,0,3088.4794,11442.3972,122,23,0.417412,7,2,7,6,certificate
4154,16,16,0,3561.6751,14103.3756,111,26,0.427590,7,2,7,6,certificate
4155,11,11,0,3273.9513,12559.7567,118,20,0.401532,7,2,7,6,certificate
4156,12,12,0,3658.8637,14329.3185,122,21,0.462574,7,2,7,6,certificate
4157,10,10,0,2696.1850,9605.9250,121,18,0.419789,7,2,7,6,certificate
4158,13,13,0,3463.3304,13706.6522,110,21,0.452069,7,2,7,6,certificate
4159,14,14,0,3454.0336,13815.1680,104,24,0.425979,7,2,7,6,certificate
4160,13,13,0,3077.7611,11833.8057,108,21,0.361640,7,2,7,6,certificate
4161,15,15,0,3427.9294,13019.6469,125,28,0.463252,7,2,7,6,certificate
4162,16,16,0,3083.3099,11361.5495,122,23,0.433921,7,2,7,6,certificate
4163,10,10,0,3166.4527,12192.2636,114,17,0.606071,7,2,7,6,certificate
4164,12,12,0,3561.1210,13670.6050,128,22,0.494130,7,2,7,6,certificate
4165,15,15,0,3821.5395,15612.6977,105,23,0.386874,7,2,7,6,certificate
4166,12,12,0,3136.1591,11850.7953,118,20,0.387776,7,2,7,6,certificate
4167,16,16,0,3485.8971,14184.4857,95,23,0.307620,7,2,5,4,certificate
4168,11,11,0,3188.6455,12318.2273,112,21,0.489941,7,2,7,6,certificate
4169,16,16,0,3516.6448,13118.2242,136,25,0.432960,7,2,7,6,certificate
4170,12,12,0,3454.1891,13280.9454,124,21,0.432883,7,2,7,6,certificate
4171,15,15,0,3871.8689,15574.3447,114,27,0.549385,7,2,7,6,certificate
4172,15,15,0,3655.3292,14641.6460,109,24,0.453525,7,2,7,6,certificate
4173,15,15,0,4085.7805,16498.9025,119,28,0.512283,7,2,7,6,certificate
4174,12,12,0,3425.3733,13266.8664,119,22,0.608923,7,2,7,6,certificate
4175,15,15,0,2998.3241,11111.6204,117,24,0.653826,7,2,7,6,certificate
4176,16,16,0,3266.8061,13059.0303,97,24,0.493334,7,2,5,4,certificate
4177,10,10,0,3362.1435,12925.7174,122,18,0.406134,7,2,7,6,certificate
4178,15,15,0,4340.8168,17829.0840,117,24,0.395633,7,2,7,6,certificate
4179,14,14,0,3477.6495,13598.2473,115,21,0.515105,7,2,7,6,certificate
4180,15,15,0,3703.1049,14465.5247,123,24,0.465403,7,2,7,6,certificate
4181,12,12,0,3914.9726,15324.8630,132,22,0.487503,7,3,7,6,certificate
4182,14,14,0,3921.1933,15665.9664,120,23,0.427760,7,2,7,6,certificate
4183,13,13,0,3373.2808,12591.4041,132,21,0.570563,7,2,7,6,certificate
4184,14,14,0,3987.8398,15924.1990,122,22,0.706877,7,2,7,6,certificate
4185,10,10,0,3027.0329,11285.1643,121,17,0.364816,7,2,7,6,certificate
4186,13,13,0,3318.5312,12497.6560,126,24,0.433064,7,2,7,6,certificate
4187,11,11,0,3278.4096,12352.0478,126,22,0.488103,7,2,7,6,certificate
4188,11,11,0,3490.8968,13484.4842,124,21,0.429998,7,3,7,6,certificate
4189,12,12,0,3761.0315,14825.1574,123,21,0.344130,7,3,7,6,certificate
4190,15,15,0,3498.4298,13657.1492,116,27,0.400085,7,2,7,6,certificate
4191,15,15,0,4016.7849,16178.9243,118,22,0.390779,7,2,7,6,certificate
4192,14,14,0,2748.0725,10235.3623,106,20,0.384756,7,2,7,6,certificate
4193,14,14,0,2881.8912,10929.4560,104,23,0.546996,7,2,7,6,certificate
4194,10,10,0,3262.4399,12127.1995,132,19,0.467279,7,2,7,6,certificate
4195,12,12,0,2669.6948,9533.4738,118,22,0.452447,7,2,7,6,certificate
4196,15,15,0,3640.8805,14389.4026,115,24,0.401487,7,2,7,6,certificate
4197,16,16,0,3014.0716,12135.3582,86,25,1.329226,7,2,4,3,certificate
4198,14,14,0,3431.7903,13133.9516,123,23,0.371199,7,2,7,6,certificate
4199,13,13,0,4403.4687,17937.3436,125,22,0.370672,7,2,7,6,certificate
4200,10,10,0,3022.0782,11215.3909,122,21,0.482042,7,2,7,6,certificate
4201,10,10,0,2932.6090,10938.0448,116,17,0.696280,7,2,7,6,certificate
4202,13,13,0,3224.9367,12444.6833,112,22,0.472601,7,2,7,6,certificate
4203,13,13,0,3210.0784,12210.3918,118,21,0.505905,7,3,7,6,certificate
4204,15,15,0,3642.3738,14411.8689,115,26,0.792026,7,2,7,6,certificate
4205,13,13,0,3359.3389,12726.6946,125,20,0.447628,7,2,7,6,certificate
4206,11,11,0,3338.5437,12942.7187,116,19,0.424379,7,2,7,6,certificate
4207,15,15,0,4037.2770,16461.3850,112,23,0.790181,7,2,7,6,certificate
4208,12,12,0,3260.0959,12415.4797,120,22,0.482848,7,2,7,6,certificate
4209,16,16,0,3821.6392,15553.1961,106,25,0.663089,7,2,6,5,certificate
4210,16,16,0,3522.1029,14295.5144,98,26,0.316564,7,2,5,4,certificate
4211,10,10,0,3182.6574,12163.2872,117,18,0.373673,7,2,7,6,certificate
4212,13,13,0,3529.4316,13847.1582,116,23,0.484751,7,2,7,6,certificate
4213,14,14,0,3590.9653,14169.8267,115,24,1.465884,7,2,7,6,certificate
4214,14,14,0,3179.3831,12051.9155,117,23,0.352632,7,2,7,6,certificate
4215,16,16,0,3173.3244,11821.6221,122,22,0.335526,7,2,5,4,certificate
4216,13,13,0,3608.5814,14192.9070,118,23,0.390845,7,2,7,6,certificate
4217,10,10,0,2981.6090,11078.0452,120,20,0.464570,7,2,7,6,certificate
4218,15,15,0,3634.4476,14297.2380,117,26,1.076308,7,2,7,6,certificate
4219,10,10,0,2798.3699,10086.8493,122,20,0.415714,7,2,7,6,certificate
4220,11,11,0,3219.3411,11746.7057,136,20,0.460085,7,2,7,6,certificate
4221,13,13,0,3225.0149,11990.0746,127,21,0.352262,7,2,7,6,certificate
4222,15,15,0,3581.1845,13815.9226,124,26,0.504317,7,3,7,6,certificate
4223,13,13,0,3503.7771,13618.8857,119,22,0.378467,7,2,7,6,certificate
4224,12,12,0,2780.1717,10190.8587,114,20,0.417652,7,2,7,6,certificate
4225,14,14,0,2764.1638,10155.8189,111,22,0.364040,7,2,7,6,certificate
4226,12,12,0,3373.3690,13061.8450,117,20,0.422856,7,2,7,6,certificate
4227,13,13,0,3742.6234,14688.1168,125,20,0.500918,7,2,7,6,certificate
4228,10,10,0,3328.0922,12835.4612,119,19,0.417225,7,2,7,6,certificate
4229,16,16,0,3658.0143,14555.0713,112,29,0.467313,7,2,6,5,certificate
4230,10,10,0,3009.9556,11369.7780,115,19,0.413012,7,2,7,6,certificate
4231,14,14,0,3394.0866,12910.4329,124,23,0.386662,7,2,7,6,certificate
4232,12,12,0,3711.7284,14788.6420,116,23,0.462474,7,2,7,6,certificate
4233,11,11,0,3789.2196,15206.0980,116,19,0.455038,7,2,7,6,certificate
4234,16,16,0,3235.0000,13035.0001,92,26,1.426909,7,2,6,5,certificate
4235,12,12,0,3330.3750,12756.8751,120,19,0.382039,7,2,7,6,certificate
4236,14,14,0,3398.4062,13242.0309,114,23,0.568198,7,2,7,6,certificate
4237,16,16,0,3832.7980,15613.9900,106,28,0.357345,7,2,5,4,certificate
4238,16,16,0,4203.2998,16971.4991,122,26,0.571908,7,2,7,6,certificate
4239,12,12,0,2815.3238,10371.6190,114,21,0.428930,7,2,7,6,certificate
4240,12,12,0,3311.0253,12635.1265,121,20,0.384452,7,2,7,6,certificate
4241,10,10,0,3155.7271,11903.6357,121,16,0.360105,7,2,7,6,certificate
4242,11,11,0,3525.4821,13537.4103,128,21,0.437871,7,2,7,6,certificate
4243,13,13,0,3158.1560,11505.7802,132,20,0.374936,7,2,7,6,certificate
4244,14,14,0,3432.0223,13525.1113,110,23,0.427385,7,2,7,6,certificate
4245,11,11,0,2992.1385,11065.6924,121,18,0.343123,7,3,7,6,certificate
4246,11,11,0,3105.4567,11702.2834,119,18,0.417685,7,2,7,6,certificate
4247,13,13,0,3590.9492,14129.7458,117,21,0.564116,7,2,7,6,certificate
4248,10,10,0,3265.6916,12363.4580,124,19,0.374715,7,2,7,6,certificate
4249,12,12,0,2901.7099,10708.5497,117,23,0.470285,7,2,7,6,certificate
4250,16,16,0,3387.9752,13024.8761,117,25,0.789212,7,2,6,5,certificate
4251,10,10,0,3139.5270,11592.6349,128,17,0.375143,7,2,7,6,certificate
4252,11,11,0,3709.7130,14708.5650,119,22,0.450603,7,2,7,6,certificate
4253,13,13,0,3943.5570,15537.7851,129,22,0.454059,7,2,7,6,certificate
4254,16,16,0,3303.3025,12431.5123,123,23,0.438461,7,2,6,5,certificate
4255,15,15,0,3518.3358,13831.6791,113,24,0.527134,7,2,7,6,certificate
4256,10,10,0,2925.0460,10725.2302,122,16,0.359845,7,3,7,6,certificate
4257,14,14,0,3350.4917,12872.4584,118,22,0.421549,7,2,7,6,certificate
4258,11,11,0,3765.8623,14584.3113,133,23,0.483755,7,2,7,6,certificate
4259,11,11,0,2885.6452,10898.2259,109,18,0.580464,7,2,7,6,certificate
4260,10,10,0,2828.4505,10237.2527,122,16,0.387047,7,2,7,6,certificate
4261,14,14,0,3373.2156,12981.0781,118,21,0.421907,7,2,7,6,certificate
4262,12,12,0,3626.1389,14265.6943,119,19,0.344252,7,2,7,6,certificate
4263,11,11,0,3239.7767,12338.8833,120,18,0.401394,7,2,7,6,certificate
4264,12,12,0,3096.7172,11773.5860,114,22,0.458275,7,2,7,6,certificate
4265,14,14,0,3348.3764,13016.8822,113,23,0.399333,7,2,7,6,certificate
4266,12,12,0,3617.2361,14316.1805,116,19,0.523335,7,2,7,6,certificate
4267,10,10,0,3404.3855,12456.9274,144,26,0.463068,7,2,7,6,certificate
4268,14,14,0,3804.0879,14735.4396,132,24,0.427483,7,2,7,6,certificate
4269,15,15,0,3504.8607,13469.3033,123,24,0.545016,7,2,7,6,certificate
4270,10,10,0,3909.8667,15529.3336,126,20,0.418111,7,2,7,6,certificate
4271,12,12,0,3146.7522,11788.7610,122,24,0.505134,7,2,7,6,certificate
4272,14,14,0,3527.5237,13522.6183,126,24,0.434691,7,2,7,6,certificate
4273,14,14,0,2948.6967,10858.4836,118,21,0.328588,7,3,7,6,certificate
4274,15,15,0,3450.2012,13226.0059,122,23,0.396905,7,2,7,6,certificate
4275,14,14,0,3366.6073,13048.0366,115,25,0.588506,7,2,7,6,certificate
4276,10,10,0,2806.6208,10188.1041,120,17,0.360941,7,2,7,6,certificate
4277,10,10,0,3387.1424,13160.7120,118,20,0.473419,7,2,7,6,certificate
4278,13,13,0,3411.9939,13269.9696,116,23,0.523054,7,2,7,6,certificate
4279,14,14,0,3484.9468,13824.7338,109,22,0.560551,7,2,7,6,certificate
4280,11,11,0,3654.0162,14435.0811,119,20,0.458982,7,2,7,6,certificate
4281,14,14,0,3233.5007,12587.5034,108,21,0.372024,7,2,7,6,certificate
4282,13,13,0,3745.8567,14929.2837,116,22,0.501525,7,2,7,6,certificate
4283,16,16,0,3540.0368,13600.1840,124,25,0.465377,7,2,6,5,certificate
4284,14,14,0,3209.5033,12067.5163,121,22,0.398013,7,3,7,6,certificate
4285,10,10,0,3068.3096,11526.5482,119,17,0.401372,7,2,7,6,certificate
4286,12,12,0,3433.8682,13249.3411,121,25,0.490809,7,2,7,6,certificate
4287,11,11,0,3101.1471,11520.7353,124,18,0.380535,7,2,7,6,certificate
4288,14,14,0,3019.0997,11215.4984,118,24,0.584487,7,2,7,6,certificate
4289,13,13,0,3293.2785,12681.3925,116,21,0.387579,7,3,7,6,certificate
4290,15,15,0,3171.8820,11774.4102,124,23,0.528807,7,2,7,6,certificate
4291,14,14,0,3389.8799,13219.3996,113,22,0.545887,7,3,7,6,certificate
4292,12,12,0,2749.6888,10073.4438,113,19,0.365606,7,2,7,6,certificate
4293,10,10,0,3347.3188,12786.5942,124,17,0.353713,7,3,7,6,certificate
4294,10,10,0,3172.3389,12171.6943,115,18,0.559514,7,2,7,6,certificate
4295,15,15,0,3636.9076,14249.5381,119,28,0.542074,7,2,7,6,certificate
4296,14,14,0,3076.1693,10915.8467,137,24,0.773980,7,2,7,6,certificate
4297,10,10,0,2917.2693,10836.3464,117,19,0.437254,7,3,7,6,certificate
4298,16,16,0,3150.4926,12397.4628,99,24,1.063800,7,2,5,4,certificate
4299,12,12,0,3269.2091,12411.0456,122,20,0.381359,7,2,7,6,certificate
4300,12,12,0,2886.4559,11022.2796,104,21,0.454813,7,2,7,6,certificate
4301,16,16,0,3730.0888,15120.4441,105,25,0.359889,7,2,6,5,certificate
4302,15,15,0,3842.1704,15200.8518,122,27,0.480946,7,2,7,6,certificate
4303,15,15,0,4112.0975,16905.4876,110,23,0.530562,7,2,7,6,certificate
4304,12,12,0,3247.3265,12291.6325,122,20,0.424061,7,2,7,6,certificate
4305,10,10,0,3618.6906,14138.4532,124,19,0.427261,7,2,7,6,certificate
4306,15,15,0,3532.0305,13580.1525,124,23,0.661555,7,2,7,6,certificate
4307,14,14,0,3338.3069,13296.5345,102,22,0.527857,7,2,7,6,certificate
4308,10,10,0,3003.0931,11185.4653,120,19,0.404926,7,2,7,6,certificate
4309,15,15,0,3320.9534,13089.7668,105,24,0.369665,7,2,7,6,certificate
4310,13,13,0,4147.4133,16832.0664,120,25,0.431626,7,2,7,6,certificate
4311,13,13,0,4266.5129,17457.5646,119,23,0.385031,7,2,7,6,certificate
4312,12,12,0,3271.9223,12354.6114,124,22,0.481289,7,2,7,6,certificate
4313,14,14,0,3093.4776,11702.3879,115,22,0.385380,7,2,7,6,certificate
4314,11,11,0,3739.3215,14711.6074,124,20,0.438926,7,2,7,6,certificate
4315,12,12,0,2774.6493,9873.2467,123,22,0.451692,7,2,7,6,certificate
4316,16,16,0,3244.2571,12351.2854,116,23,0.409930,7,2,7,6,certificate
4317,10,10,0,3370.0176,12980.0878,121,18,0.400553,7,2,7,6,certificate
4318,16,16,0,3491.4904,13652.4520,115,23,0.418476,7,2,6,5,certificate
4319,10,10,0,3003.9057,11184.5285,120,18,0.472422,7,2,7,6,certificate
4320,13,13,0,3378.9450,12859.7248,124,23,0.649866,7,2,7,6,certificate
4321,12,12,0,3676.2669,14161.3345,131,23,0.457744,7,2,7,6,certificate
4322,13,13,0,3422.6878,13198.4389,120,24,0.507720,7,2,7,6,certificate
4323,16,16,0,3179.7142,12093.5709,114,26,0.407071,7,2,7,6,certificate
4324,14,14,0,3207.1011,12145.5055,118,21,0.809697,7,2,7,6,certificate
4325,14,14,0,3746.8744,14869.3721,118,22,0.367130,7,2,7,6,certificate
4326,12,12,0,2940.3567,10636.7835,126,17,0.376381,7,2,7,6,certificate
4327,12,12,0,2951.5917,10827.9584,121,18,0.381258,7,2,7,6,certificate
4328,13,13,0,3808.8265,15304.1327,114,21,0.549502,7,2,7,6,certificate
4329,12,12,0,3270.3658,12516.8292,118,22,0.485887,7,2,7,6,certificate
4330,11,11,0,3295.5076,12667.5380,118,21,0.441763,7,2,7,6,certificate
4331,14,14,0,3695.1403,14800.7017,111,23,0.485980,7,2,7,6,certificate
4332,12,12,0,2977.8302,11099.1509,117,22,0.477156,7,2,7,6,certificate
4333,12,12,0,3243.4205,12362.1024,119,20,0.432717,7,3,7,6,certificate
4334,15,15,0,2864.7974,10898.9869,102,23,0.466177,7,2,7,6,certificate
4335,13,13,0,4202.0064,17060.0320,121,24,0.465909,7,2,7,6,certificate
4336,10,10,0,3445.7056,13133.5278,128,19,0.368093,7,2,7,6,certificate
4337,16,16,0,3352.0180,12815.0902,119,24,0.583955,7,2,6,5,certificate
4338,16,16,0,3626.9434,14179.7169,119,26,0.360297,7,3,6,5,certificate
4339,10,10,0,3096.3587,11666.7936,119,18,0.439415,7,2,7,6,certificate
4340,15,15,0,3601.0427,14310.2136,111,25,0.664865,7,2,7,6,certificate
4341,11,11,0,3222.7363,12423.6815,114,19,0.447115,7,2,7,6,certificate
4342,13,13,0,3177.7489,12363.7443,107,24,0.469972,7,2,7,6,certificate
4343,12,12,0,3042.8787,11354.3935,119,18,0.443738,7,2,7,6,certificate
4344,13,13,0,3821.2789,14846.3944,132,25,0.436074,7,3,7,6,certificate
4345,12,12,0,3776.1061,14340.5306,142,20,0.363226,7,2,7,6,certificate
4346,13,13,0,2933.6974,11173.4868,106,21,0.330182,7,2,7,6,certificate
4347,15,15,0,3742.9492,14609.7462,124,25,0.857804,7,2,7,6,certificate
4348,12,12,0,3182.6006,12098.0029,117,18,0.366883,7,2,7,6,certificate
4349,15,15,0,3363.1000,12780.5002,122,26,0.479438,7,2,7,6,certificate
4350,12,12,0,3271.2580,12341.2899,124,21,0.413207,7,2,7,6,certificate
4351,11,11,0,2895.4130,11122.0649,103,18,0.339836,7,2,7,6,certificate
4352,13,13,0,2655.4262,9757.1312,107,21,0.341951,7,2,7,6,certificate
4353,12,12,0,3571.0269,14015.1344,119,20,0.399582,7,2,7,6,certificate
4354,15,15,0,3778.4966,14857.4831,123,28,0.612565,7,2,7,6,certificate
4355,16,16,0,3282.0135,13415.0677,87,23,0.280248,7,2,4,3,certificate
4356,11,11,0,2836.9158,10339.5791,119,19,0.416691,7,3,7,6,certificate
4357,15,15,0,3433.2358,13381.1789,114,22,0.407270,7,2,7,6,certificate
4358,16,16,0,3262.2359,12686.1795,108,24,0.469341,7,2,6,5,certificate
4359,12,12,0,3728.8073,14879.0364,116,24,0.469222,7,2,7,6,certificate
4360,12,12,0,3813.0083,15175.0413,120,22,0.496426,7,2,7,6,certificate
4361,10,10,0,3527.1851,13690.9256,124,18,0.398112,7,2,7,6,certificate
4362,16,16,0,3582.7136,13963.5679,119,26,0.426127,7,2,6,5,certificate
4363,16,16,0,3597.8401,14329.2007,109,26,0.468120,7,2,7,6,certificate
4364,11,11,0,3695.6081,14413.0406,127,22,0.485492,7,2,7,6,certificate
4365,16,16,0,3955.9155,16009.5776,113,25,0.503945,7,2,6,5,certificate
4366,12,12,0,2722.7714,9688.8569,121,19,0.542799,7,2,7,6,certificate
4367,14,14,0,3605.9186,13764.5931,131,23,0.418604,7,2,7,6,certificate
4368,16,16,0,3013.4349,11447.1744,108,22,0.580024,7,2,6,5,certificate
4369,14,14,0,3393.9549,13149.7745,116,21,0.346675,7,3,7,6,certificate
4370,15,15,0,3475.2174,13611.0868,114,23,0.396459,7,2,7,6,certificate
4371,11,11,0,2940.2197,10576.0984,129,20,0.431996,7,2,7,6,certificate
4372,11,11,0,3363.4626,12567.3131,133,19,0.382216,7,2,7,6,certificate
4373,16,16,0,3575.6783,13978.3913,117,25,0.427123,7,2,7,6,certificate
4374,16,16,0,3690.8852,14299.4258,126,23,0.362684,7,2,6,5,certificate
4375,14,14,0,3213.9472,11994.7361,124,23,0.394852,7,2,7,6,certificate
4376,10,10,0,3083.8794,11189.3972,133,21,0.449038,7,3,7,6,certificate
4377,16,16,0,3584.7911,13858.9554,123,27,0.454264,7,2,7,6,certificate
4378,12,12,0,3849.0203,15200.1015,125,21,0.435080,7,2,7,6,certificate
4379,14,14,0,3178.1480,12245.7398,111,22,0.394521,7,2,7,6,certificate
4380,11,11,0,3283.0314,12315.1569,128,20,0.398917,7,3,7,6,certificate
4381,15,15,0,3084.6988,11433.4938,121,23,0.564648,7,2,7,6,certificate
4382,14,14,0,3758.1765,14910.8824,118,21,0.431939,7,2,7,6,certificate
4383,13,13,0,3789.6123,14963.0616,123,23,0.459314,7,2,7,6,certificate
4384,13,13,0,2717.5194,9907.5971,112,21,0.364192,7,2,7,6,certificate
4385,10,10,0,3552.3817,14011.9087,117,17,0.419295,7,2,7,6,certificate
4386,13,13,0,4074.8673,16124.3365,132,25,0.487708,7,2,7,6,certificate
4387,14,14,0,3694.4180,14657.0899,116,25,0.452553,7,2,7,6,certificate
4388,10,10,0,3223.3419,12161.7095,124,19,0.409028,7,2,7,6,certificate
4389,12,12,0,3546.9295,13729.6473,124,22,0.444273,7,2,7,6,certificate
4390,11,11,0,3290.0620,12620.3098,119,21,0.478521,7,3,7,6,certificate
4391,15,15,0,3330.4380,12667.1900,121,28,0.439085,7,2,7,6,certificate
4392,10,10,0,4344.0261,17030.1305,152,40,0.750898,7,2,7,6,certificate
4393,15,15,0,3650.6217,14088.1084,127,24,0.540167,7,2,7,6,certificate
4394,13,13,0,2696.4128,9507.0640,122,19,0.391159,7,2,7,6,certificate
4395,10,10,0,3287.1527,12685.7636,117,18,0.452467,7,2,7,6,certificate
4396,14,14,0,3641.8278,14209.1391,122,28,0.473046,7,2,7,6,certificate
4397,14,14,0,3307.0087,12585.0435,121,22,0.389273,7,2,7,6,certificate
4398,16,16,0,3508.6068,13773.0340,113,26,1.090021,7,2,6,5,certificate
4399,13,13,0,3601.7598,13963.7990,124,23,0.500693,7,2,7,6,certificate
4400,14,14,0,3848.2677,15071.3385,128,25,0.426391,7,2,7,6,certificate
4401,13,13,0,3591.1453,14155.7265,116,22,0.402291,7,2,7,6,certificate
4402,10,10,0,2644.4475,9597.2377,113,19,0.430296,7,2,7,6,certificate
4403,13,13,0,3459.5603,13087.8015,130,22,0.449936,7,2,7,6,certificate
4404,11,11,0,3726.7705,14623.8523,125,21,0.447274,7,2,7,6,certificate
4405,10,10,0,3235.0933,12205.4665,125,20,0.478392,7,2,7,6,certificate
4406,13,13,0,3207.3909,12256.9546,116,22,0.559932,7,2,7,6,certificate
4407,15,15,0,3764.5180,14992.5902,116,23,0.347620,7,3,7,6,certificate
4408,15,15,0,3383.1771,13235.8855,110,23,0.599387,7,2,7,6,certificate
4409,14,14,0,3212.9404,12219.7020,117,25,0.469083,7,2,7,6,certificate
4410,13,13,0,3261.5806,12692.9030,110,20,0.378456,7,2,7,6,certificate
4411,11,11,0,4109.9517,16499.7587,127,31,0.642696,7,2,7,6,certificate
4412,15,15,0,3164.0896,11525.4481,131,20,0.314690,7,3,7,5,certificate
4413,14,14,0,3470.0680,13995.3400,101,23,0.535950,7,2,7,6,certificate
4414,14,14,0,3033.2483,11536.2415,110,21,0.443328,7,2,7,6,certificate
4415,16,16,0,3620.7597,14413.7985,110,24,0.365343,7,3,6,5,certificate
4416,13,13,0,3400.8936,12969.4681,124,21,0.437947,7,2,7,6,certificate
4417,11,11,0,3168.4303,11917.1517,122,19,0.409570,7,2,7,6,certificate
4418,10,10,0,3497.6972,13538.4862,124,19,0.435583,7,2,7,6,certificate
4419,12,12,0,3473.6082,13573.0409,117,23,0.469948,7,2,7,6,certificate
4420,10,10,0,3159.8726,11749.3632,128,17,0.355507,7,2,7,6,certificate
4421,15,15,0,3019.1456,11540.7279,106,23,0.654863,7,2,7,6,certificate
4422,11,11,0,3008.0281,11085.1404,123,20,0.402410,7,3,7,6,certificate
4423,11,11,0,3401.7903,13093.9515,122,19,0.374968,7,2,7,6,certificate
4424,16,16,0,3723.8228,14904.1138,111,25,0.378874,7,2,5,4,certificate
4425,11,11,0,3941.5674,15872.8369,119,21,0.511604,7,2,7,6,certificate
4426,15,15,0,4148.3045,16861.5226,117,22,0.391738,7,2,7,6,certificate
4427,14,14,0,3677.0924,14220.4619,128,24,0.529283,7,2,7,6,certificate
4428,10,10,0,3448.3296,13431.6479,119,20,0.482053,7,2,7,6,certificate
4429,15,15,0,3273.0388,13040.1939,99,23,1.869645,7,2,7,6,certificate
4430,10,10,0,3236.3729,12376.8646,119,19,0.368720,7,2,7,6,certificate
4431,14,14,0,4204.0939,17105.4697,119,23,0.400101,7,2,7,6,certificate
4432,12,12,0,3601.8522,14184.2610,118,23,0.512947,7,2,7,6,certificate
4433,13,13,0,3146.9040,12184.5198,108,22,0.397039,7,2,7,6,certificate
4434,15,15,0,3653.1312,14460.6561,115,25,0.438873,7,2,7,6,certificate
4435,13,13,0,3482.6116,13613.0582,116,22,0.381088,7,2,7,6,certificate
4436,15,15,0,3256.8337,12799.1686,104,23,0.398633,7,2,7,6,certificate
4437,12,12,0,3807.2699,14851.3493,130,22,0.437004,7,3,7,6,certificate
4438,14,14,0,3082.7276,11563.6381,117,24,0.447132,7,2,7,6,certificate
4439,12,12,0,3263.1309,12460.6544,119,23,0.464013,7,2,7,6,certificate
4440,10,10,0,2616.0361,9325.1806,117,18,0.425598,7,2,7,6,certificate
4441,14,14,0,3568.9671,13639.8355,129,25,0.525813,7,2,7,6,certificate
4442,15,15,0,3191.0097,11995.0485,120,26,0.419542,7,2,7,6,certificate
4443,11,11,0,3570.1785,13885.8925,123,21,0.620617,7,2,7,6,certificate
4444,10,10,0,3370.1757,12825.8784,126,20,0.547005,7,2,7,6,certificate
4445,11,11,0,3284.9651,12409.8253,125,20,0.445670,7,2,7,6,certificate
4446,12,12,0,3138.0515,11785.2576,121,22,0.501793,7,2,7,6,certificate
4447,13,13,0,3281.8454,12704.2268,113,21,0.440638,7,2,7,6,certificate
4448,16,16,0,3255.4124,12527.0620,112,25,0.370236,7,2,6,5,certificate
4449,13,13,0,3635.0081,14175.0407,122,21,0.415464,7,2,7,6,certificate
4450,12,12,0,3319.2341,12726.1706,119,22,0.465536,7,2,7,6,certificate
4451,14,14,0,3623.0970,13875.4850,130,23,0.418412,7,3,7,6,certificate
4452,15,15,0,3910.2478,15691.2388,117,22,0.363390,7,2,7,6,certificate
4453,13,13,0,3432.8003,13364.0014,116,19,0.404857,7,2,7,6,certificate
4454,14,14,0,3741.7230,14823.6149,118,24,0.435731,7,2,7,6,certificate
4455,10,10,0,3428.0715,13175.3577,124,18,0.422276,7,2,7,6,certificate
4456,12,12,0,3661.9020,14399.5099,121,22,0.376714,7,3,7,6,certificate
4457,15,15,0,3351.0278,12760.1392,121,28,0.535590,7,2,7,6,certificate
4458,16,16,0,3757.6112,14868.0559,118,27,0.459953,7,2,7,6,certificate
4459,12,12,0,3104.2386,11751.1928,116,19,0.374278,7,2,7,6,certificate
4460,11,11,0,3482.8736,13669.3682,116,22,0.471553,7,2,7,6,certificate
4461,16,16,0,3577.2976,14076.4881,114,25,0.528860,7,3,7,6,certificate
4462,13,13,0,3178.4741,11962.3703,121,22,0.434147,7,2,7,6,certificate
4463,10,10,0,3038.1031,11420.5155,118,18,0.427205,7,2,7,6,certificate
4464,16,16,0,3847.1573,15485.7864,113,26,0.401338,7,2,6,5,certificate
4465,15,15,0,3696.6915,14383.4577,124,23,0.438047,7,2,7,6,certificate
4466,11,11,0,3291.5169,12792.5844,114,19,0.410549,7,2,7,6,certificate
4467,14,14,0,3265.1518,12200.7592,126,22,0.429095,7,2,7,6,certificate
4468,10,10,0,3169.3081,12101.5407,117,19,0.405380,7,2,7,6,certificate
4469,15,15,0,3291.3291,12486.6456,120,24,0.547387,7,2,7,6,certificate
4470,12,12,0,3412.1407,12900.7037,129,21,0.383398,7,3,7,6,certificate
4471,10,10,0,2932.8259,10609.1295,127,19,0.396847,7,3,7,6,certificate
4472,11,11,0,2853.2910,10336.4552,122,18,0.415449,7,3,7,6,certificate
4473,16,16,0,3713.5851,14797.9256,113,24,0.455288,7,2,7,6,certificate
4474,10,10,0,3460.1210,13375.6052,123,18,0.420917,7,2,7,6,certificate
4475,15,15,0,3508.1764,13780.8820,113,25,0.499259,7,2,7,6,certificate
4476,13,13,0,2767.1241,10250.6207,109,19,0.398770,7,2,7,6,certificate
4477,10,10,0,3059.6932,11503.4660,119,16,0.393737,7,2,7,6,certificate
4478,11,11,0,3043.2420,11536.2102,114,20,0.402484,7,2,7,6,certificate
4479,16,16,0,3540.8461,13744.2305,119,24,0.399873,7,3,6,5,certificate
4480,15,15,0,3677.0756,14715.3782,111,25,0.522214,7,2,7,6,certificate
4481,10,10,0,3156.5340,11612.6698,131,19,0.419727,7,2,7,6,certificate
4482,13,13,0,3283.0316,12605.1582,117,19,0.381754,7,2,7,6,certificate
4483,12,12,0,3162.4885,12197.4425,111,21,0.326851,7,2,7,6,certificate
4484,16,16,0,3705.9621,15264.8106,96,23,0.320369,7,2,4,3,certificate
4485,16,16,0,3631.4754,14502.3768,109,26,0.558240,7,2,6,5,certificate
4486,15,15,0,3734.8132,14674.0659,121,24,0.408759,7,2,7,6,certificate
4487,14,14,0,4050.8957,16229.4784,123,26,0.455459,7,2,7,6,certificate
4488,13,13,0,3681.7308,14258.6540,128,21,0.431550,7,2,7,6,certificate
4489,14,14,0,3089.2477,11436.2385,123,23,0.409328,7,2,7,6,certificate
4490,14,14,0,3241.5988,12682.9941,106,22,0.534288,7,2,7,6,certificate
4491,10,10,0,3117.9480,11559.7398,126,17,0.387816,7,2,7,6,certificate
4492,13,13,0,3568.0550,13540.2752,133,24,0.437671,7,2,7,6,certificate
4493,16,16,0,3936.6494,15388.2471,130,27,0.545227,7,2,6,5,certificate
4494,16,16,0,3922.9748,15924.8740,110,23,0.346706,7,2,7,6,certificate
4495,12,12,0,3096.8642,11649.3211,118,18,0.320743,7,2,7,6,certificate
4496,11,11,0,3266.7390,12353.6951,124,18,0.363985,7,2,7,6,certificate
4497,10,10,0,3487.9623,13694.8116,117,18,0.521843,7,2,7,6,certificate
4498,16,16,0,2923.5182,11342.5909,96,23,0.351823,7,2,5,4,certificate
4499,10,10,0,2716.3310,9701.6551,121,17,0.346163,7,3,7,6,certificate
4500,12,12,0,2799.0252,10020.1260,123,21,0.426286,7,2,7,6,certificate
4501,14,14,0,3307.5105,12537.5526,122,23,0.561052,7,2,7,6,certificate
4502,16,16,0,3422.8536,13184.2682,119,32,1.023757,7,2,7,6,certificate
4503,10,10,0,3353.0354,12775.1772,125,17,0.455072,7,2,7,6,certificate
4504,10,10,0,3041.9283,11159.6415,127,19,0.910188,7,2,7,6,certificate
4505,12,12,0,3748.1671,14885.8353,119,21,0.519257,7,2,7,6,certificate
4506,15,15,0,3390.2920,13176.4600,114,24,0.448936,7,2,7,6,certificate
4507,10,10,0,3561.7664,13768.8320,127,18,0.395062,7,3,7,6,certificate
4508,12,12,0,2848.0402,10645.2012,110,20,0.472628,7,2,7,6,certificate
4509,13,13,0,3520.4782,13642.3912,122,21,0.432232,7,2,7,6,certificate
4510,10,10,0,2943.9304,10884.6518,120,18,0.443476,7,2,7,6,certificate
4511,15,15,0,3606.0748,13810.3740,129,27,1.285315,7,2,7,6,certificate
4512,15,15,0,3427.8858,13089.4289,123,23,1.013803,7,2,7,6,certificate
4513,10,10,0,3563.5273,13912.6367,122,19,0.419590,7,2,7,6,certificate
4514,13,13,0,3022.7144,11293.5718,117,22,0.669382,7,2,7,6,certificate
4515,13,13,0,3180.8311,12174.1555,114,25,0.472759,7,2,7,6,certificate
4516,16,16,0,3896.2456,15741.2281,112,25,0.400683,7,2,6,5,certificate
4517,14,14,0,3520.7646,13423.8231,128,23,0.453901,7,2,7,6,certificate
4518,13,13,0,3511.4631,13732.3153,117,25,0.485260,7,2,7,6,certificate
4519,15,15,0,3173.4561,11657.2803,128,25,0.429813,7,2,7,6,certificate
4520,15,15,0,3652.7805,14158.9024,125,24,0.422409,7,2,7,6,certificate
4521,15,15,0,4124.7548,16438.7738,127,23,0.492403,7,2,7,6,certificate
4522,14,14,0,4059.9436,16439.7181,118,23,0.524628,7,2,7,6,certificate
4523,12,12,0,3737.5031,13927.5156,149,28,0.789896,7,2,7,6,certificate
4524,12,12,0,3862.3176,15246.5880,126,22,0.394757,7,2,7,6,certificate
4525,14,14,0,3441.6206,13458.1028,114,25,0.410761,7,2,7,6,certificate
4526,14,14,0,3318.9058,12764.5292,117,22,0.426501,7,2,7,6,certificate
4527,16,16,0,3757.9494,14784.7468,121,25,0.416051,7,2,7,6,certificate
4528,15,15,0,4003.2584,16051.2919,120,23,0.476666,7,2,7,6,certificate
4529,13,13,0,3219.2890,12216.4449,119,20,0.510427,7,2,7,6,certificate
4530,16,16,0,3259.9796,12589.8980,111,25,0.495189,7,2,6,5,certificate
4531,13,13,0,3556.3453,13691.7263,126,22,0.436961,7,2,7,6,certificate
4532,14,14,0,3632.0961,14215.4807,120,22,0.479951,7,2,7,6,certificate
4533,15,15,0,3665.7319,14298.6597,122,24,0.429652,7,2,7,6,certificate
4534,15,15,0,3880.0140,15095.0698,132,26,0.583549,7,2,7,6,certificate
4535,10,10,0,3485.1549,13590.7745,120,19,0.371100,7,2,7,6,certificate
4536,12,12,0,3004.7090,11243.5449,116,21,0.459628,7,2,7,6,certificate
4537,14,14,0,3550.1304,13855.6522,119,23,0.400631,7,2,7,6,certificate
4538,11,11,0,3319.9452,12124.7261,140,18,0.396962,7,2,7,6,certificate
4539,16,16,0,3625.1689,14400.8446,111,26,0.575290,7,2,7,6,certificate
4540,12,12,0,4095.7592,16533.7958,122,22,0.424973,7,3,7,6,certificate
4541,14,14,0,3747.2868,15166.4341,108,23,0.477292,7,2,7,6,certificate
4542,13,13,0,3153.8758,12079.3790,113,21,0.413906,7,3,7,6,certificate
4543,15,15,0,3344.8284,12689.1418,122,23,0.448017,7,2,7,6,certificate
4544,16,16,0,3454.9192,13579.5962,111,26,1.191157,7,2,7,6,certificate
4545,16,16,0,3622.0036,14005.0178,124,27,0.541329,7,2,7,6,certificate
4546,13,13,0,2919.9763,10924.8816,112,20,0.353307,7,2,7,6,certificate
4547,11,11,0,2984.8677,10939.3385,124,19,0.372266,7,2,7,6,certificate
4548,13,13,0,3644.6009,14698.0046,107,21,0.340817,7,2,7,6,certificate
4549,10,10,0,3510.8445,13499.2223,127,18,0.374297,7,2,7,6,certificate
4550,12,12,0,3634.2662,14086.3308,126,22,0.478166,7,2,7,6,certificate
4551,11,11,0,2395.2087,8406.0434,110,18,0.504555,7,2,7,6,certificate
4552,11,11,0,3415.4141,13302.0706,117,21,0.495204,7,2,7,6,certificate
4553,14,14,0,3750.6710,14738.3551,122,23,0.500862,7,2,7,6,certificate
4554,12,12,0,3791.8596,15219.2981,115,20,0.397400,7,2,7,6,certificate
4555,11,11,0,2868.1466,10660.7331,114,17,0.388729,7,2,7,6,certificate
4556,12,12,0,3474.0901,13595.4506,116,22,0.620432,7,2,7,6,certificate
4557,14,14,0,3088.7248,11773.6239,111,26,0.441121,7,2,7,6,certificate
4558,16,16,0,3431.9672,13299.8360,116,27,0.762224,7,2,6,5,certificate
4559,13,13,0,3378.1843,13110.9213,116,21,0.378401,7,2,7,5,certificate
4560,11,11,0,3130.1541,11520.7706,129,21,0.451610,7,2,7,6,certificate
4561,14,14,0,3624.6733,14173.3666,120,21,0.344094,7,2,7,6,certificate
4562,16,16,0,3761.8632,14754.3160,122,23,0.366096,7,2,6,5,certificate
4563,16,16,0,3794.4873,14912.4365,123,27,0.426844,7,2,6,5,certificate
4564,10,10,0,2857.0907,10540.4535,117,18,0.545603,7,2,7,6,certificate
4565,10,10,0,2828.9893,10139.9467,125,19,0.465603,7,2,7,6,certificate
4566,12,12,0,3199.0356,12500.1780,107,21,0.426578,7,2,7,6,certificate
4567,16,16,0,3462.1899,13620.9493,110,25,0.467711,7,2,7,6,certificate
4568,16,16,0,3594.5344,14397.6718,106,23,0.369056,7,2,5,4,certificate
4569,15,15,0,4084.1847,15950.9233,138,25,0.472881,7,2,7,6,certificate
4570,10,10,0,3448.6397,13168.1983,128,18,0.409326,7,2,7,6,certificate
4571,16,16,0,3191.8558,12384.2788,107,26,0.401154,7,2,6,5,certificate
4572,11,11,0,3254.8665,12469.3323,118,20,0.478764,7,2,7,6,certificate
4573,15,15,0,3446.8381,13514.1903,112,23,0.433007,7,2,7,6,certificate
4574,14,14,0,3471.1880,13470.9401,118,25,0.523762,7,2,7,6,certificate
4575,16,16,0,3383.7289,12793.6443,125,25,0.473810,7,3,6,5,certificate
4576,13,13,0,3450.1906,13615.9528,111,21,0.524310,7,2,7,6,certificate
4577,11,11,0,3176.0407,12015.2037,120,18,0.431480,7,2,7,6,certificate
4578,12,12,0,3477.7874,13388.9368,124,21,0.434995,7,2,7,6,certificate
4579,15,15,0,2936.1830,10865.9149,115,26,0.848158,7,2,7,6,certificate
4580,12,12,0,3382.6048,12888.0240,125,22,0.411885,7,3,7,6,certificate
4581,16,16,0,3656.6165,14398.0823,117,25,0.403515,7,2,6,5,certificate
4582,14,14,0,3355.9474,13169.7368,109,21,0.825573,7,2,7,6,certificate
4583,15,15,0,3513.2147,13826.0734,113,24,0.367890,7,2,7,6,certificate
4584,15,15,0,3652.0608,14400.3038,117,24,0.463748,7,2,7,6,certificate
4585,10,10,0,3503.1264,13815.6322,116,18,0.411065,7,2,7,6,certificate
4586,16,16,0,3251.7389,12188.6946,123,24,0.420327,7,2,6,5,certificate
4587,13,13,0,2988.4322,11252.1608,113,21,0.399534,7,2,7,6,certificate
4588,13,13,0,3097.1452,11570.7260,120,21,0.482734,7,2,7,6,certificate
4589,15,15,0,4169.2246,16881.1229,120,24,0.712961,7,2,7,6,certificate
4590,12,12,0,2832.4504,10472.2519,114,20,0.480418,7,2,7,6,certificate
4591,16,16,0,3981.8169,15619.0843,130,26,0.344581,7,2,7,6,certificate
4592,16,16,0,3777.2307,14846.1537,122,24,0.374121,7,2,7,6,certificate
4593,15,15,0,3243.2902,12396.4511,115,25,0.869145,7,2,7,6,certificate
4594,13,13,0,2930.4910,10927.4551,114,20,0.537962,7,2,7,6,certificate
4595,13,13,0,3555.5971,13937.9854,118,22,0.463907,7,2,7,6,certificate
4596,14,14,0,3559.0886,13815.4432,123,27,0.592384,7,2,7,6,certificate
4597,11,11,0,3281.9034,12364.5170,126,20,0.550599,7,2,7,6,certificate
4598,12,12,0,3287.8320,12549.1602,120,21,0.469456,7,2,7,6,certificate
4599,12,12,0,3078.4407,11412.2037,123,20,0.386541,7,2,7,6,certificate
4600,10,10,0,3115.9260,11589.6302,125,17,0.413065,7,2,7,6,certificate
4601,13,13,0,3677.8046,14329.0231,125,28,0.569911,7,2,7,6,certificate
4602,15,15,0,3216.5636,12327.8182,113,23,0.464181,7,2,7,6,certificate
4603,11,11,0,3264.9358,12459.6791,120,21,0.433118,7,2,7,6,certificate
4604,13,13,0,3059.8734,11719.3672,109,22,0.522064,7,2,7,6,certificate
4605,11,11,0,3858.3329,15301.6645,124,18,0.449109,7,2,7,6,certificate
4606,11,11,0,3045.0249,11330.1247,121,17,0.401703,7,2,7,6,certificate
4607,13,13,0,4092.2027,16396.0134,125,23,0.482279,7,2,7,6,certificate
4608,12,12,0,3097.6498,11813.2492,113,21,0.424553,7,2,7,6,certificate
4609,13,13,0,3480.5594,13677.7971,114,22,0.492743,7,2,7,6,certificate
4610,14,14,0,4124.0482,16615.2408,123,24,0.439816,7,2,7,6,certificate
4611,15,15,0,3581.6633,13643.3167,130,25,0.495449,7,2,7,6,certificate
4612,16,16,0,3194.2429,11931.2144,122,24,0.407565,7,2,6,5,certificate
4613,13,13,0,3418.7576,13048.7880,124,24,0.416276,7,2,7,6,certificate
4614,16,16,0,3182.2745,12126.3725,113,26,0.452105,7,2,6,5,certificate
4615,15,15,0,3496.4261,13502.1307,121,24,0.443286,7,2,7,6,certificate
4616,16,16,0,3282.5664,12817.8319,107,24,0.309274,7,2,5,4,certificate
4617,13,13,0,3684.3665,14336.8326,126,22,0.373879,7,2,7,6,certificate
4618,16,16,0,3353.4159,13297.0796,103,25,0.424425,7,2,6,5,certificate
4619,13,13,0,3705.5824,14927.9119,110,20,0.362180,7,2,7,6,certificate
4620,13,13,0,3415.4423,13122.2114,121,22,0.415519,7,2,7,6,certificate
4621,15,15,0,3247.5098,12352.5492,118,26,0.391863,7,2,7,6,certificate
4622,11,11,0,3029.8027,11429.0133,115,19,0.352149,7,2,7,6,certificate
4623,12,12,0,3389.4459,13077.2294,120,21,0.524231,7,2,7,6,certificate
4624,14,14,0,3658.6628,14283.3142,122,27,0.474739,7,2,7,6,certificate
4625,15,15,0,3515.4618,14247.3090,99,21,0.358458,7,2,7,6,certificate
4626,10,10,0,3009.6604,11008.3020,127,18,0.434787,7,2,7,6,certificate
4627,10,10,0,2830.4729,10702.3647,107,16,0.358919,7,3,7,6,certificate
4628,12,12,0,3489.4829,13557.4147,120,22,0.427244,7,2,7,6,certificate
4629,16,16,0,3787.7307,15173.6537,113,27,0.568343,7,2,7,6,certificate
4630,11,11,0,2909.5853,10567.9266,124,18,0.442148,7,2,7,6,certificate
4631,15,15,0,4289.3278,17576.6390,117,25,0.437213,7,2,7,6,certificate
4632,15,15,0,3468.9997,13899.9986,103,27,0.510525,7,2,7,6,certificate
4633,10,10,0,3505.1592,13095.7962,140,20,0.469257,7,2,7,6,certificate
4634,13,13,0,3821.0907,15345.4533,115,22,0.502413,7,2,7,6,certificate
4635,10,10,0,3200.4442,12227.2208,118,22,0.477317,7,3,7,6,certificate
4636,11,11,0,3287.5480,12672.7399,117,21,0.463936,7,2,7,6,certificate
4637,16,16,0,3592.8212,14124.1061,115,23,1.192116,7,2,6,5,certificate
4638,13,13,0,3275.2642,12736.3208,111,19,0.365594,7,2,7,6,certificate
4639,11,11,0,2783.8678,10084.3392,119,17,0.425928,7,2,7,6,certificate
4640,15,15,0,3876.7472,15303.7362,124,27,0.426167,7,2,7,6,certificate
4641,16,16,0,4075.2459,16266.2295,124,29,0.452485,7,2,7,6,certificate
4642,10,10,0,3343.5789,12952.8946,118,18,0.420824,7,2,7,6,certificate
4643,16,16,0,3708.2246,15286.1229,96,24,0.339020,7,2,6,5,certificate
4644,16,16,0,3570.3819,13441.9093,134,28,0.473344,7,2,7,6,certificate
4645,16,16,0,3434.2125,13516.0627,108,22,0.714656,7,2,5,4,certificate
4646,15,15,0,3084.7792,11728.8959,111,22,0.405079,7,2,7,6,certificate
4647,10,10,0,3000.8442,11264.2212,117,20,0.431202,7,2,7,6,certificate
4648,15,15,0,3921.5424,15677.7120,118,24,0.821721,7,2,7,6,certificate
4649,16,16,0,3592.0642,14275.3212,110,24,0.434132,7,2,6,5,certificate
4650,15,15,0,3518.0586,13865.2931,112,24,0.468156,7,2,7,6,certificate
4651,10,10,0,3056.2869,11396.4344,122,18,0.440397,7,2,7,6,certificate
4652,16,16,0,3888.6718,15193.3588,130,27,0.439100,7,2,7,6,certificate
4653,12,12,0,3125.8745,11874.3724,116,19,0.383795,7,2,7,6,certificate
4654,10,10,0,2946.5408,10947.7040,118,20,0.419361,7,2,7,6,certificate
4655,15,15,0,4079.3595,16226.7973,127,23,0.444806,7,2,7,6,certificate
4656,11,11,0,3194.1934,11960.9669,125,20,0.441525,7,2,7,6,certificate
4657,10,10,0,3335.3785,12961.8923,116,19,0.434656,7,2,7,6,certificate
4658,14,14,0,3211.8477,12364.2385,112,21,0.423982,7,2,7,6,certificate
4659,10,10,0,3308.2648,12726.3239,119,19,0.465821,7,3,7,6,certificate
4660,15,15,0,3517.3504,13991.7519,108,25,0.515701,7,2,7,6,certificate
4661,16,16,0,4397.2480,17576.2400,134,26,0.445808,7,2,6,5,certificate
4662,15,15,0,2944.4088,11057.0441,110,23,0.454375,7,2,7,6,certificate
4663,14,14,0,3268.3104,12706.5521,110,22,0.411024,7,2,7,6,certificate
4664,16,16,0,3598.2339,14531.1693,103,23,0.369930,7,2,6,5,certificate
4665,16,16,0,3262.2071,12156.0353,126,24,0.430044,7,2,7,6,certificate
4666,10,10,0,3407.2063,12211.0316,154,24,0.502893,7,2,7,6,certificate
4667,14,14,0,3994.0546,16310.2728,111,24,0.563592,7,2,7,6,certificate
4668,15,15,0,4383.0084,17780.0420,126,24,0.390003,7,2,7,6,certificate
4669,13,13,0,3641.4868,14437.4342,115,21,0.459626,7,2,7,6,certificate
4670,15,15,0,3201.1550,12260.7752,113,25,0.391945,7,2,7,6,certificate
4671,14,14,0,3832.3541,14871.7703,131,24,0.486912,7,2,7,6,certificate
4672,12,12,0,3522.7765,13293.8827,135,21,0.500601,7,2,7,6,certificate
4673,15,15,0,3806.2037,14686.0184,133,25,0.461111,7,2,7,6,certificate
4674,12,12,0,3860.8129,15114.0644,130,23,0.389194,7,2,7,6,certificate
4675,16,16,0,3333.9069,12894.5344,113,24,0.466765,7,2,6,5,certificate
4676,11,11,0,3279.2071,12756.0355,113,20,0.471143,7,2,7,6,certificate
4677,11,11,0,3143.1650,11765.8249,123,19,0.402936,7,2,7,6,certificate
4678,16,16,0,3389.8631,12974.3156,119,25,0.464270,7,2,6,5,certificate
4679,12,12,0,3131.8549,12214.2744,105,20,0.402491,7,2,7,6,certificate
4680,15,15,0,3648.3663,14246.8317,121,25,0.382186,7,2,7,6,certificate
4681,11,11,0,3126.1111,12020.5554,112,18,0.340531,7,2,7,6,certificate
4682,15,15,0,3354.5175,12147.5877,141,22,0.379979,7,2,7,6,certificate
4683,15,15,0,2946.8159,11104.0795,109,23,0.357599,7,2,7,6,certificate
4684,16,16,0,3769.8767,14664.3833,127,23,0.407583,7,2,6,5,certificate
4685,15,15,0,3652.6210,14333.1048,119,23,0.426658,7,2,7,6,certificate
4686,11,11,0,3183.3920,11901.9598,125,18,0.469981,7,2,7,6,certificate
4687,15,15,0,3069.4956,11902.4779,102,21,0.457363,7,2,7,6,certificate
4688,11,11,0,3698.7333,14728.6663,117,19,0.463719,7,2,7,6,certificate
4689,14,14,0,3382.6084,12613.0419,132,23,0.477242,7,2,7,6,certificate
4690,11,11,0,3325.9638,12729.8188,121,19,0.480367,7,2,7,6,certificate
4691,12,12,0,3493.9011,13584.5055,120,22,0.481061,7,2,7,6,certificate
4692,16,16,0,2887.4208,10502.1038,119,25,0.501130,7,2,6,5,certificate
4693,13,13,0,3437.8383,13549.1916,111,22,0.543277,7,2,7,6,certificate
4694,11,11,0,2903.8002,10799.0009,115,20,0.821566,7,2,7,6,certificate
4695,16,16,0,3343.5408,13167.7042,106,28,0.671311,7,2,6,5,certificate
4696,13,13,0,3429.5143,12842.5716,133,21,0.355289,7,2,7,6,certificate
4697,12,12,0,3477.4595,13452.2976,121,22,0.419464,7,2,7,6,certificate
4698,13,13,0,3294.9943,12674.9717,116,21,0.396002,7,2,7,6,certificate
4699,14,14,0,3155.6005,11993.0023,115,22,0.365878,7,2,7,6,certificate
4700,15,15,0,3894.3225,15276.6127,128,26,0.406331,7,2,7,6,certificate
4701,13,13,0,2861.1555,10720.7773,109,20,0.404101,7,2,7,6,certificate
4702,11,11,0,3799.6560,15108.2801,121,19,0.416584,7,2,7,6,certificate
4703,15,15,0,3821.6938,14883.4691,129,24,0.453207,7,2,7,6,certificate
4704,13,13,0,3628.0065,14435.0325,113,23,0.454702,7,2,7,6,certificate
4705,15,15,0,3374.5942,13092.9709,114,25,0.408136,7,2,7,6,certificate
4706,13,13,0,3121.7148,11973.5742,111,23,0.398460,7,2,7,6,certificate
4707,13,13,0,3253.0842,12025.4208,131,22,0.442704,7,2,7,6,certificate
4708,16,16,0,3503.8327,13834.1636,110,25,0.415999,7,2,6,5,certificate
4709,10,10,0,3241.8767,12334.3834,121,16,0.374977,7,2,7,6,certificate
4710,10,10,0,3204.1866,11395.9329,146,18,0.401914,7,3,7,5,certificate
4711,14,14,0,3050.7602,11193.8012,124,26,0.424991,7,2,7,6,certificate
4712,15,15,0,3536.2361,13736.1806,119,24,0.351878,7,2,7,6,certificate
4713,14,14,0,3889.3320,15296.6598,127,22,0.372345,7,2,7,6,certificate
4714,13,13,0,3377.2559,12906.2796,122,21,0.390045,7,2,7,6,certificate
4715,14,14,0,3741.0447,15040.2234,111,24,0.524187,7,2,7,6,certificate
4716,16,16,0,3562.8771,14124.3857,110,26,0.891823,7,2,6,5,certificate
4717,11,11,0,3203.1013,11635.5065,137,19,0.439115,7,2,7,6,certificate
4718,15,15,0,3355.5700,13092.8502,111,25,0.624629,7,2,7,6,certificate
4719,13,13,0,3545.4935,13872.4673,118,21,0.472332,7,2,7,6,certificate
4720,12,12,0,3192.8560,11979.2802,123,21,0.460372,7,2,7,6,certificate
4721,10,10,0,3683.3663,14276.8315,130,17,0.443693,7,2,7,6,certificate
4722,11,11,0,3252.8735,12579.3677,114,21,0.425204,7,2,7,6,certificate
4723,14,14,0,3752.0178,14860.0888,119,23,0.543271,7,2,7,6,certificate
4724,16,16,0,3585.9709,14104.8543,115,27,0.477932,7,2,6,5,certificate
4725,12,12,0,3272.7700,11458.8498,154,25,0.944651,7,2,7,6,certificate
4726,15,15,0,3445.3921,13496.9607,112,24,0.392082,7,2,7,6,certificate
4727,13,13,0,3849.4144,15467.0721,116,21,0.399225,7,3,7,6,certificate
4728,14,14,0,3068.5785,11007.8927,133,23,0.408334,7,2,7,6,certificate
4729,11,11,0,3391.9835,13404.9173,110,19,0.388709,7,2,7,6,certificate
4730,15,15,0,3638.7134,14438.5669,113,25,0.941059,7,2,7,6,certificate
4731,14,14,0,3636.1647,14430.8234,114,23,0.435629,7,2,7,6,certificate
4732,14,14,0,3737.9493,14359.7466,133,25,0.466548,7,2,7,6,certificate
4733,11,11,0,2947.2551,10881.2756,120,19,0.419809,7,2,7,6,certificate
4734,13,13,0,3462.9275,13404.6374,120,22,0.406764,7,2,7,6,certificate
4735,12,12,0,3265.7008,12528.5040,117,22,0.370065,7,2,7,6,certificate
4736,15,15,0,3626.7081,14263.5406,117,24,0.431508,7,2,7,6,certificate
4737,14,14,0,3894.3842,15591.9209,118,23,0.393738,7,2,7,6,certificate
4738,14,14,0,3397.1606,13495.8028,105,24,0.437297,7,2,7,6,certificate
4739,11,11,0,3066.4770,11552.3852,117,20,0.459683,7,2,7,6,certificate
4740,10,10,0,3379.6165,12698.0827,132,21,0.502397,7,2,7,6,certificate
4741,11,11,0,3276.0327,12095.1633,134,21,0.456253,7,3,7,6,certificate
4742,10,10,0,3171.3641,11806.8205,127,17,0.374564,7,2,7,6,certificate
4743,10,10,0,3134.1395,11920.6976,117,17,0.398205,7,2,7,6,certificate
4744,15,15,0,3758.9337,14934.6683,117,26,0.497296,7,2,7,6,certificate
4745,16,16,0,3573.6666,14188.3328,110,26,0.548934,7,2,6,5,certificate
4746,15,15,0,3974.7636,15908.8179,120,26,0.667181,7,2,7,6,certificate
4747,15,15,0,3462.9122,13099.5609,129,24,0.455778,7,2,7,6,certificate
4748,11,11,0,2874.4735,10397.3677,124,19,0.424725,7,2,7,6,certificate
4749,12,12,0,3473.3073,13516.5366,119,20,0.453198,7,2,7,6,certificate
4750,11,11,0,3388.2105,13286.0527,113,21,0.570792,7,2,7,6,certificate
4751,10,10,0,3516.6093,13848.0463,117,18,0.450700,7,2,7,6,certificate
4752,10,10,0,3349.3653,12871.8265,121,19,0.537281,7,2,7,6,certificate
4753,14,14,0,3639.3555,14451.7775,114,25,0.591283,7,2,7,6,certificate
4754,16,16,0,3761.0157,14770.0784,122,26,0.513232,7,2,7,6,certificate
4755,16,16,0,3877.0682,14930.3409,136,26,0.681573,7,2,7,6,certificate
4756,10,10,0,3070.0031,11440.0157,123,19,0.456755,7,2,7,6,certificate
4757,11,11,0,3626.3244,14181.6221,123,17,0.359678,7,2,7,6,certificate
4758,13,13,0,3495.8839,13769.4195,114,24,0.487863,7,2,7,6,certificate
4759,14,14,0,3661.1341,14435.6707,118,24,0.718489,7,2,7,6,certificate
4760,15,15,0,2965.2451,10981.2255,116,25,0.414163,7,2,7,6,certificate
4761,13,13,0,2978.5254,11332.6269,108,22,0.418280,7,2,7,6,certificate
4762,10,10,0,2955.3063,11001.5315,118,18,0.378729,7,2,7,6,certificate
4763,16,16,0,3293.4816,13242.4079,95,23,2.007160,7,2,5,4,certificate
4764,13,13,0,3395.4730,13127.3651,118,23,0.439029,7,2,7,6,certificate
4765,15,15,0,3740.3978,14676.9890,122,26,0.453571,7,2,7,6,certificate
4766,13,13,0,3519.9526,13174.7632,137,24,0.433993,7,2,7,6,certificate
4767,11,11,0,3184.3825,11786.9125,129,19,0.384220,7,3,7,6,certificate
4768,13,13,0,3738.2694,14656.3472,124,23,0.409411,7,2,7,6,certificate
4769,12,12,0,3069.4246,11722.1231,112,21,0.387259,7,3,7,6,certificate
4770,12,12,0,2999.1188,10920.5939,126,19,0.401058,7,2,7,6,certificate
4771,12,12,0,3616.0835,14165.4174,121,23,0.465506,7,2,7,6,certificate
4772,13,13,0,3589.3562,14021.7812,120,22,0.403539,7,2,7,6,certificate
4773,12,12,0,2923.4638,10997.3192,111,19,0.518864,7,2,7,6,certificate
4774,13,13,0,3233.0112,12280.0560,119,23,0.468741,7,2,7,6,certificate
4775,13,13,0,3442.0266,13260.1330,121,21,0.487576,7,2,7,6,certificate
4776,11,11,0,3493.1443,13565.7214,122,20,0.507648,7,2,7,6,certificate
4777,11,11,0,3287.4378,12727.1890,115,19,0.495824,7,2,7,6,certificate
4778,13,13,0,4070.0335,16430.1676,120,22,0.433761,7,3,7,6,certificate
4779,14,14,0,3438.7784,13113.8920,125,25,0.538643,7,2,7,6,certificate
4780,13,13,0,3322.1016,12905.5079,113,22,0.408750,7,3,7,6,certificate
4781,14,14,0,3331.9979,12904.9896,114,24,0.522314,7,2,7,6,certificate
4782,16,16,0,3221.9962,12519.9812,107,22,0.428645,7,2,5,4,certificate
4783,12,12,0,3048.5631,11712.8157,108,21,0.498665,7,2,7,6,certificate
4784,16,16,0,3547.1196,13550.5981,127,25,0.561251,7,2,6,5,certificate
4785,16,16,0,3612.1434,14075.7171,120,25,0.412047,7,2,7,6,certificate
4786,16,16,0,3019.2891,11856.4455,95,25,0.411750,7,2,5,4,certificate
4787,10,10,0,3254.1288,12435.6441,120,20,0.435377,7,2,7,6,certificate
4788,16,16,0,4023.2847,15911.4234,127,26,0.394746,7,3,7,6,certificate
4789,16,16,0,4034.5162,16332.5810,115,23,0.407709,7,2,7,6,certificate
4790,13,13,0,3848.8567,14739.2833,140,22,0.455057,7,3,7,6,certificate
4791,16,16,0,3764.9451,14829.7257,120,29,0.597359,7,2,7,6,certificate
4792,12,12,0,3504.4634,13667.3168,119,20,0.430944,7,2,7,6,certificate
4793,14,14,0,3568.5608,13972.8038,117,23,0.487287,7,2,7,6,certificate
4794,12,12,0,3606.2398,13966.1991,126,19,0.366063,7,2,7,6,certificate
4795,14,14,0,3816.6328,15093.1638,122,23,0.413860,7,3,7,6,certificate
4796,11,11,0,3398.4893,13272.4465,115,20,0.387826,7,3,7,6,certificate
4797,10,10,0,3501.0042,13470.0209,127,21,0.437703,7,2,7,6,certificate
4798,13,13,0,3261.5334,12297.6670,123,21,0.518918,7,2,7,6,certificate
4799,14,14,0,3429.0313,12905.1563,130,24,0.387534,7,3,7,6,certificate
4800,15,15,0,3550.1240,14020.6201,112,24,0.453053,7,2,7,6,certificate
4801,13,13,0,3657.9250,14349.6250,121,23,0.423080,7,3,7,6,certificate
4802,14,14,0,2926.8384,10969.1919,111,23,0.652245,7,2,7,6,certificate
4803,16,16,0,3135.5838,12432.9191,96,23,1.791715,7,2,5,4,certificate
4804,11,11,0,2973.9427,11009.7136,120,19,0.423379,7,2,7,6,certificate
4805,10,10,0,3500.3254,13806.6269,115,19,0.436720,7,2,7,6,certificate
4806,15,15,0,3261.2594,12346.2972,120,24,0.443868,7,2,7,6,certificate
4807,10,10,0,3253.0460,12635.2299,113,18,0.423054,7,2,7,6,certificate
4808,13,13,0,3323.3600,12461.8000,128,20,0.425655,7,3,7,6,certificate
4809,15,15,0,3398.2918,13501.4590,104,23,0.416539,7,2,7,6,certificate
4810,11,11,0,2920.2261,10721.1305,121,21,0.568331,7,2,7,6,certificate
4811,13,13,0,3221.4327,12672.1637,104,23,0.424652,7,2,7,6,certificate
4812,12,12,0,3415.0838,13250.4192,118,20,0.493984,7,2,7,6,certificate
4813,13,13,0,3602.2810,14221.4051,116,21,0.484474,7,2,7,6,certificate
4814,11,11,0,3178.1149,11905.5745,124,18,0.411180,7,2,7,6,certificate
4815,13,13,0,3334.5948,12487.9738,129,22,0.460451,7,2,7,6,certificate
4816,14,14,0,3487.5881,13207.9405,130,23,0.405742,7,3,7,6,certificate
4817,11,11,0,3017.9227,11069.6133,125,19,0.380537,7,2,7,6,certificate
4818,13,13,0,3355.0925,12845.4626,120,23,0.436478,7,2,7,6,certificate
4819,16,16,0,4083.2024,16451.0118,120,26,0.797628,7,2,7,6,certificate
4820,13,13,0,3653.7708,14018.8538,131,21,0.396018,7,3,7,6,certificate
4821,13,13,0,3226.6317,12668.1585,105,21,0.481747,7,2,7,6,certificate
4822,14,14,0,3367.4113,12682.0567,127,22,0.441193,7,3,7,6,certificate
4823,16,16,0,3932.7723,15743.8613,118,24,0.487121,7,2,6,5,certificate
4824,16,16,0,2913.5074,10897.5369,110,24,0.392390,7,2,6,5,certificate
4825,13,13,0,2979.9333,11049.6663,118,20,0.390511,7,2,7,6,certificate
4826,12,12,0,3808.3105,15051.5524,123,25,0.551609,7,2,7,6,certificate
4827,10,10,0,2889.9921,10729.9607,116,19,0.559105,7,2,7,6,certificate
4828,13,13,0,3294.0077,12825.0385,111,19,0.387585,7,2,7,6,certificate
4829,12,12,0,3524.2321,13621.1606,124,21,0.372823,7,2,7,6,certificate
4830,16,16,0,3516.3959,13721.9797,116,28,0.567854,7,2,7,6,certificate
4831,16,16,0,4302.9928,17439.9638,122,25,0.373576,7,2,7,6,certificate
4832,13,13,0,2901.2766,11186.3831,100,21,0.396405,7,2,7,6,certificate
4833,14,14,0,3442.5802,13387.9009,116,20,0.318173,7,2,7,6,certificate
4834,15,15,0,3422.2276,13216.1379,118,22,0.398860,7,2,7,6,certificate
4835,16,16,0,3250.5847,12182.9237,123,22,0.395937,7,2,7,6,certificate
4836,15,15,0,3131.5205,12122.6027,106,25,0.388222,7,2,7,6,certificate
4837,14,14,0,3346.5222,13017.6110,113,22,0.587839,7,2,7,6,certificate
4838,16,16,0,4022.6730,16313.3651,114,26,0.395681,7,2,7,6,certificate
4839,10,10,0,2928.6389,10918.1945,116,17,0.344019,7,2,7,6,certificate
4840,12,12,0,3539.0942,13770.4708,121,23,0.402270,7,2,7,6,certificate
4841,16,16,0,3129.1957,12110.9784,105,21,0.383555,7,2,6,5,certificate
4842,12,12,0,3711.9312,14589.6560,123,22,0.452116,7,2,7,6,certificate
4843,13,13,0,3183.7327,12098.6636,117,20,0.350671,7,2,7,6,certificate
4844,14,14,0,3506.9294,13559.6472,121,22,0.444586,7,2,7,6,certificate
4845,12,12,0,3288.5042,12427.5208,124,18,0.346355,7,2,7,6,certificate
4846,11,11,0,3490.6039,13103.0196,136,22,0.472534,7,2,7,6,certificate
4847,12,12,0,3680.9595,14424.7976,123,22,0.485225,7,2,7,6,certificate
4848,10,10,0,3010.7941,11218.9706,120,17,0.389915,7,2,7,6,certificate
4849,12,12,0,3003.4739,11382.3695,112,21,0.470813,7,2,7,6,certificate
4850,13,13,0,3321.9292,12844.6460,115,21,0.419651,7,2,7,6,certificate
4851,12,12,0,3255.2007,12181.0036,127,19,0.412602,7,2,7,6,certificate
4852,16,16,0,4067.7637,16273.8186,123,27,0.438730,7,2,7,6,certificate
4853,11,11,0,3252.7944,11983.9719,134,23,0.507473,7,2,7,6,certificate
4854,12,12,0,3351.8830,12959.4150,117,22,0.472689,7,2,7,6,certificate
4855,16,16,0,3496.2434,13386.2169,124,24,0.471341,7,2,5,4,certificate
4856,16,16,0,3146.3968,12471.9838,96,25,0.417664,7,2,4,3,certificate
4857,10,10,0,3102.1801,10905.9004,145,17,0.396041,7,3,7,6,certificate
4858,13,13,0,3514.2284,13636.1421,121,22,0.495597,7,2,7,6,certificate
4859,15,15,0,3804.9670,15434.8352,108,25,0.482544,7,2,7,6,certificate
4860,13,13,0,3117.7349,11538.6743,125,21,0.514410,7,2,7,6,certificate
4861,12,12,0,3684.5946,14422.9729,124,21,0.492062,7,2,7,6,certificate
4862,15,15,0,3023.3472,11321.7358,115,26,0.455800,7,2,7,6,certificate
4863,15,15,0,3371.5641,13317.8207,106,22,0.372875,7,2,7,6,certificate
4864,11,11,0,3616.1529,14375.7646,115,22,0.567766,7,2,7,6,certificate
4865,10,10,0,2972.8356,11184.1781,115,18,0.399903,7,2,7,6,certificate
4866,10,10,0,2952.6705,11178.3525,111,18,0.517527,7,2,7,6,certificate
4867,15,15,0,3904.8541,15169.2705,134,24,0.439973,7,2,7,6,certificate
4868,11,11,0,3755.2093,14931.0463,120,19,0.457134,7,2,7,6,certificate
4869,10,10,0,3310.1272,12625.6360,123,18,0.401508,7,3,7,6,certificate
4870,11,11,0,2878.8417,10259.2083,129,20,0.424082,7,3,7,6,certificate
4871,14,14,0,3516.5005,12857.5026,146,24,0.476796,7,2,7,5,certificate
4872,10,10,0,3358.2433,12576.2167,133,21,0.481607,7,2,7,6,certificate
4873,13,13,0,3539.6394,14103.1970,109,22,0.480638,7,2,7,6,certificate
4874,14,14,0,3576.2070,13851.0349,123,22,0.470494,7,2,7,6,certificate
4875,14,14,0,3493.7615,14023.8073,103,22,0.422694,7,2,7,6,certificate
4876,12,12,0,3026.1865,10670.9323,139,22,0.553268,7,2,7,6,certificate
4877,15,15,0,3224.6589,12398.2946,112,24,0.479626,7,2,7,6,certificate
4878,15,15,0,2957.8674,11134.3372,110,22,0.560096,7,2,7,6,certificate
4879,13,13,0,3193.9575,12004.7877,122,19,0.442821,7,2,7,6,certificate
4880,13,13,0,3723.7952,14848.9758,115,23,0.458106,7,2,7,6,certificate
4881,12,12,0,3684.8971,14654.4855,116,23,0.433915,7,2,7,6,certificate
4882,14,14,0,3386.1033,12850.5166,125,22,0.490414,7,2,7,6,certificate
4883,12,12,0,3320.2894,13016.4470,110,20,0.441192,7,2,7,6,certificate
4884,10,10,0,3227.5523,12447.7613,115,21,0.480239,7,2,7,6,certificate
4885,13,13,0,4064.3243,16066.6217,132,24,0.492773,7,2,7,6,certificate
4886,11,11,0,3322.1684,12940.8418,114,19,0.498928,7,2,7,6,certificate
4887,14,14,0,3209.9067,12384.5334,111,26,0.431623,7,2,7,6,certificate
4888,11,11,0,3197.9531,11859.7656,129,22,0.445562,7,2,7,6,certificate
4889,15,15,0,3098.4910,11982.4552,105,23,0.718372,7,2,7,6,certificate
4890,16,16,0,3746.5657,15107.8284,108,26,0.463285,7,2,6,5,certificate
4891,15,15,0,3392.5320,12887.6600,124,24,0.395930,7,2,7,6,certificate
4892,15,15,0,2996.1470,11405.7351,107,23,0.419653,7,2,7,6,certificate
4893,12,12,0,3647.7108,14373.5540,119,20,0.380602,7,2,7,6,certificate
4894,16,16,0,3210.6430,12143.2151,118,23,0.262364,7,2,6,5,certificate
4895,16,16,0,3270.5002,12682.5008,110,25,0.787521,7,2,7,6,certificate
4896,10,10,0,3161.8910,12179.4552,113,19,0.247382,7,2,7,6,certificate
4897,13,13,0,3063.3741,11576.8705,114,23,0.225770,7,2,7,6,certificate
4898,12,12,0,3408.8927,13034.4633,124,19,0.192161,7,4,7,6,certificate
4899,15,15,0,3156.0740,11820.3698,121,25,0.244676,7,2,7,6,certificate
4900,16,16,0,3947.7094,15808.5471,119,26,0.444924,7,2,6,5,certificate
4901,12,12,0,3418.3820,12961.9098,128,22,0.427109,7,3,7,6,certificate
4902,13,13,0,2753.7881,10078.9405,112,20,0.375675,7,2,7,6,certificate
4903,15,15,0,3403.4383,13287.1914,112,25,0.453929,7,2,7,6,certificate
4904,12,12,0,2834.8067,10474.0335,114,20,0.437368,7,2,7,6,certificate
4905,16,16,0,3777.2933,15116.4664,113,26,0.468758,7,2,6,5,certificate
4906,16,16,0,3572.0320,14445.1601,101,23,0.354098,7,2,6,5,certificate
4907,14,14,0,3290.4406,12332.2031,126,20,0.398915,7,2,7,6,certificate
4908,12,12,0,3593.0886,14225.4428,115,20,0.556164,7,2,7,6,certificate
4909,15,15,0,3910.9778,15414.8888,126,23,0.360208,7,2,7,6,certificate
4910,14,14,0,3568.3457,14136.7283,112,23,0.432231,7,2,7,6,certificate
4911,11,11,0,3052.0031,11525.0154,116,22,0.525250,7,2,7,6,certificate
4912,16,16,0,3156.6161,12248.0806,105,22,0.434005,7,2,5,4,certificate
4913,10,10,0,3351.2636,12921.3182,120,17,0.376118,7,2,7,6,certificate
4914,10,10,0,3339.6189,12333.0945,137,21,0.462382,7,2,7,6,certificate
4915,13,13,0,3166.1905,11970.9523,118,21,0.438810,7,2,7,6,certificate
4916,12,12,0,3347.8776,12614.3881,128,22,0.435539,7,2,7,6,certificate
4917,12,12,0,3276.2784,12411.3918,123,21,0.502413,7,2,7,6,certificate
4918,14,14,0,3163.5860,12132.9300,112,24,0.513443,7,2,7,6,certificate
4919,16,16,0,3620.9285,14424.6427,111,25,0.355280,7,2,5,4,certificate
4920,16,16,0,3589.4056,14202.0278,112,24,0.250633,7,2,6,5,certificate
4921,14,14,0,3323.1099,12580.5496,124,22,0.346366,7,2,7,6,certificate
4922,12,12,0,3126.8589,11944.2946,114,21,0.577159,7,2,7,6,certificate
4923,16,16,0,3353.1866,13160.9329,107,24,0.360776,7,2,6,5,certificate
4924,15,15,0,3536.4363,13312.1815,134,23,0.245959,7,2,7,6,certificate
4925,12,12,0,3554.5602,13827.8011,122,22,0.214932,7,2,7,6,certificate
4926,11,11,0,3733.2537,14646.2687,125,23,0.238766,7,2,7,6,certificate
4927,10,10,0,3034.4622,11162.3112,126,17,0.169007,7,2,7,6,certificate
4928,12,12,0,3343.3594,12726.7968,123,23,0.219531,7,2,7,6,certificate
4929,16,16,0,3986.4228,16067.1141,116,24,0.196936,7,2,6,5,certificate
4930,15,15,0,3616.4511,13487.2557,141,25,0.183679,7,2,7,6,certificate
4931,15,15,0,3582.0837,13920.4183,121,28,0.377076,7,2,7,6,certificate
4932,13,13,0,2883.7555,10438.7774,122,23,0.263171,7,2,7,6,certificate
4933,16,16,0,2866.6613,10893.3067,102,25,0.285090,7,2,5,4,certificate
4934,10,10,0,3316.1362,12775.6808,118,19,0.158015,7,2,7,6,certificate
4935,14,14,0,3714.2635,14626.3174,121,22,0.897622,7,2,7,6,certificate
4936,11,11,0,3418.2251,13371.1254,115,17,0.575322,7,2,7,6,certificate
4937,13,13,0,3110.4296,11877.1481,112,24,0.544560,7,2,7,6,certificate
4938,12,12,0,3444.6427,13258.2134,123,19,0.475813,7,2,7,6,certificate
4939,15,15,0,3753.2816,14836.4080,119,26,0.387269,7,2,7,6,certificate
4940,16,16,0,3587.3153,13991.5766,119,26,0.395635,7,2,6,5,certificate
4941,11,11,0,2963.2681,10956.3404,120,20,0.465544,7,2,7,6,certificate
4942,16,16,0,3686.1012,14755.5058,110,24,0.487129,7,2,6,5,certificate
4943,11,11,0,3459.2995,13211.4976,128,19,0.410525,7,2,7,6,certificate
4944,10,10,0,3126.9267,11969.6334,114,19,0.412657,7,2,7,6,certificate
4945,15,15,0,3311.9898,12844.9491,112,24,0.350472,7,2,7,6,certificate
4946,15,15,0,3657.3251,14081.6255,128,23,0.401537,7,2,7,6,certificate
4947,15,15,0,2908.2581,10826.2907,112,24,0.703933,7,2,7,6,certificate
4948,12,12,0,3114.3188,11676.5940,120,20,0.316148,7,2,7,6,certificate
4949,13,13,0,3455.3116,13541.5581,114,20,0.364690,7,2,7,6,certificate
4950,14,14,0,3692.5174,14417.5868,124,27,0.363063,7,2,7,6,certificate
4951,13,13,0,2930.7291,10653.6456,123,22,0.287519,7,2,7,6,certificate
4952,13,13,0,3218.4052,12367.0259,114,23,0.261518,7,2,7,6,certificate
4953,12,12,0,3009.8834,11224.4171,118,21,0.253204,7,2,7,6,certificate
4954,13,13,0,3623.9324,14264.6621,118,23,0.262880,7,2,7,6,certificate
4955,15,15,0,3717.9212,14929.6061,110,24,0.316313,7,2,7,6,certificate
4956,15,15,0,3387.6513,13063.2566,117,24,0.664427,7,2,7,6,certificate
4957,13,13,0,3616.1572,14235.7859,118,21,0.187978,7,2,7,6,certificate
4958,16,16,0,3686.6608,14938.3042,105,23,0.255022,7,2,6,5,certificate
4959,15,15,0,3097.9671,11539.8357,120,23,0.266559,7,2,7,6,certificate
4960,10,10,0,2950.3127,10851.5634,122,17,0.156522,7,3,7,6,certificate
4961,14,14,0,3806.7702,14808.8509,130,22,0.153184,7,2,7,6,certificate
4962,13,13,0,3394.2502,13266.2508,113,21,0.226343,7,2,7,6,certificate
4963,11,11,0,3271.5014,12342.5069,125,18,0.223575,7,2,7,6,certificate
4964,14,14,0,3701.8488,14539.2439,121,21,0.169116,7,2,7,6,certificate
4965,16,16,0,3116.4434,12347.2168,95,25,0.230785,7,2,5,4,certificate
4966,13,13,0,3675.1518,13960.7589,137,21,0.138335,7,2,7,6,certificate
4967,14,14,0,3624.9235,14459.6175,111,23,0.151192,7,2,7,6,certificate
4968,12,12,0,3387.0507,12830.2534,127,19,0.130193,7,2,7,6,certificate
4969,11,11,0,3392.3031,13066.5153,121,20,0.129431,7,2,7,6,certificate
4970,13,13,0,3451.7958,13233.9790,124,24,0.462662,7,3,7,6,certificate
4971,12,12,0,3875.4557,15177.2785,131,23,0.470186,7,2,7,6,certificate
4972,12,12,0,2944.6542,11398.2709,101,20,0.401479,7,2,7,6,certificate
4973,13,13,0,3292.8011,12554.0057,120,25,0.376084,7,2,7,6,certificate
4974,10,10,0,3082.6445,11543.2227,121,20,0.357892,7,2,7,6,certificate
4975,13,13,0,3184.7257,11938.6284,123,21,0.259809,7,2,7,6,certificate
4976,11,11,0,3510.6686,13278.3428,134,21,0.238692,7,2,7,6,certificate
4977,12,12,0,3873.7590,15598.7950,116,21,0.216058,7,2,7,6,certificate
4978,16,16,0,3287.0189,12945.0946,103,22,0.259803,7,2,5,4,certificate
4979,12,12,0,3112.0210,11380.1049,130,21,0.281681,7,2,7,6,certificate
4980,16,16,0,3641.1837,14295.9186,118,26,0.276363,7,2,7,6,certificate
4981,13,13,0,4088.3124,16186.5621,131,23,0.213125,7,2,7,6,certificate
4982,15,15,0,3627.6306,14113.1528,122,22,0.174503,7,2,7,6,certificate
4983,13,13,0,3445.0642,13265.3212,122,20,0.161151,7,2,7,6,certificate
4984,15,15,0,3254.4600,12307.2999,120,29,0.213594,7,2,7,6,certificate
4985,13,13,0,3432.4341,13497.1704,112,26,0.196625,7,2,7,6,certificate
4986,15,15,0,3184.7389,11798.6947,125,21,0.172928,7,2,7,6,certificate
4987,15,15,0,3709.7224,14388.6120,127,27,0.197460,7,2,7,6,certificate
4988,12,12,0,3855.6952,15553.4758,115,22,0.187514,7,2,7,6,certificate
4989,14,14,0,3073.7569,11863.7845,105,21,0.335506,7,2,7,6,certificate
4990,16,16,0,3532.1538,14095.7691,106,25,0.201616,7,2,6,5,certificate
4991,16,16,0,3423.8959,13389.4797,112,23,0.206957,7,2,6,5,certificate
4992,14,14,0,3379.0263,12605.1313,132,24,0.194098,7,2,7,6,certificate
4993,10,10,0,3463.5623,13382.8116,123,18,0.133492,7,2,7,6,certificate
4994,10,10,0,2826.7151,10288.5755,120,19,0.145043,7,2,7,6,certificate
4995,16,16,0,3789.5151,15117.5755,115,27,0.226843,7,2,7,6,certificate
4996,12,12,0,3429.0406,13320.2028,118,22,0.121205,7,2,7,6,certificate
4997,13,13,0,4155.8025,16744.0123,124,20,0.111177,7,2,7,6,certificate
4998,16,16,0,4148.9721,16814.8606,118,26,0.147931,7,2,7,6,certificate
4999,13,13,0,3219.2140,12066.0699,124,24,0.116846,7,2,7,6,certificate
